Global_Index,Garment_Category,Garment_Brand_Model,Garment_Folder,Dog_ID,Breed,Chest_Girth_cm,Back_Length_cm,Withers_Height_cm,Recommended_Size,Fit_Ratio,Verdict,Clean_Tryon_File
1,Waterproof Raincoat,Ruffwear Sun Shower (Yellow),01_waterproof_raincoat_ruffwear_yellow,00001,Golden Retriever,83.9,61.8,58.5,L,0.976,Good Fit,D:\3d-canine-vton-sync\unique_garments_clean_vton_matrix\01_waterproof_raincoat_ruffwear_yellow\golden\00001_clean_tryon.png
2,Waterproof Raincoat,Ruffwear Sun Shower (Yellow),01_waterproof_raincoat_ruffwear_yellow,00002,Golden Retriever,102.9,56.7,78.7,XL,1.039,Good Fit,D:\3d-canine-vton-sync\unique_garments_clean_vton_matrix\01_waterproof_raincoat_ruffwear_yellow\golden\00002_clean_tryon.png
3,Waterproof Raincoat,Ruffwear Sun Shower (Yellow),01_waterproof_raincoat_ruffwear_yellow,00003,Golden Retriever,93.2,47.2,75.4,XL,0.941,Good Fit,D:\3d-canine-vton-sync\unique_garments_clean_vton_matrix\01_waterproof_raincoat_ruffwear_yellow\golden\00003_clean_tryon.png
4,Waterproof Raincoat,Ruffwear Sun Shower (Yellow),01_waterproof_raincoat_ruffwear_yellow,00004,Golden Retriever,80.0,44.9,68.4,M,1.067,Good Fit,D:\3d-canine-vton-sync\unique_garments_clean_vton_matrix\01_waterproof_raincoat_ruffwear_yellow\golden\00004_clean_tryon.png
5,Waterproof Raincoat,Ruffwear Sun Shower (Yellow),01_waterproof_raincoat_ruffwear_yellow,00005,Golden Retriever,86.4,44.9,69.1,L,1.005,Good Fit,D:\3d-canine-vton-sync\unique_garments_clean_vton_matrix\01_waterproof_raincoat_ruffwear_yellow\golden\00005_clean_tryon.png
6,Waterproof Raincoat,Ruffwear Sun Shower (Yellow),01_waterproof_raincoat_ruffwear_yellow,00006,Golden Retriever,80.8,82.9,57.0,L,0.94,Loose,D:\3d-canine-vton-sync\unique_garments_clean_vton_matrix\01_waterproof_raincoat_ruffwear_yellow\golden\00006_clean_tryon.png
7,Waterproof Raincoat,Ruffwear Sun Shower (Yellow),01_waterproof_raincoat_ruffwear_yellow,00007,Golden Retriever,82.9,41.5,74.2,L,0.964,Good Fit,D:\3d-canine-vton-sync\unique_garments_clean_vton_matrix\01_waterproof_raincoat_ruffwear_yellow\golden\00007_clean_tryon.png
8,Waterproof Raincoat,Ruffwear Sun Shower (Yellow),01_waterproof_raincoat_ruffwear_yellow,00008,Golden Retriever,91.3,47.8,47.5,L,1.062,Tight,D:\3d-canine-vton-sync\unique_garments_clean_vton_matrix\01_waterproof_raincoat_ruffwear_yellow\golden\00008_clean_tryon.png
9,Waterproof Raincoat,Ruffwear Sun Shower (Yellow),01_waterproof_raincoat_ruffwear_yellow,00009,Golden Retriever,97.4,42.3,81.7,XL,0.984,Good Fit,D:\3d-canine-vton-sync\unique_garments_clean_vton_matrix\01_waterproof_raincoat_ruffwear_yellow\golden\00009_clean_tryon.png
10,Waterproof Raincoat,Ruffwear Sun Shower (Yellow),01_waterproof_raincoat_ruffwear_yellow,00010,Golden Retriever,89.5,52.9,66.6,L,1.041,Good Fit,D:\3d-canine-vton-sync\unique_garments_clean_vton_matrix\01_waterproof_raincoat_ruffwear_yellow\golden\00010_clean_tryon.png
11,Waterproof Raincoat,Ruffwear Sun Shower (Yellow),01_waterproof_raincoat_ruffwear_yellow,00011,Golden Retriever,119.3,50.9,69.8,XL,1.205,Tight,D:\3d-canine-vton-sync\unique_garments_clean_vton_matrix\01_waterproof_raincoat_ruffwear_yellow\golden\00011_clean_tryon.png
12,Waterproof Raincoat,Ruffwear Sun Shower (Yellow),01_waterproof_raincoat_ruffwear_yellow,00012,Golden Retriever,84.7,58.8,75.3,L,0.985,Good Fit,D:\3d-canine-vton-sync\unique_garments_clean_vton_matrix\01_waterproof_raincoat_ruffwear_yellow\golden\00012_clean_tryon.png
13,Waterproof Raincoat,Ruffwear Sun Shower (Yellow),01_waterproof_raincoat_ruffwear_yellow,00013,Golden Retriever,89.7,45.7,67.7,L,1.043,Good Fit,D:\3d-canine-vton-sync\unique_garments_clean_vton_matrix\01_waterproof_raincoat_ruffwear_yellow\golden\00013_clean_tryon.png
14,Waterproof Raincoat,Ruffwear Sun Shower (Yellow),01_waterproof_raincoat_ruffwear_yellow,00014,Golden Retriever,88.2,56.7,76.9,L,1.026,Good Fit,D:\3d-canine-vton-sync\unique_garments_clean_vton_matrix\01_waterproof_raincoat_ruffwear_yellow\golden\00014_clean_tryon.png
15,Waterproof Raincoat,Ruffwear Sun Shower (Yellow),01_waterproof_raincoat_ruffwear_yellow,00015,Golden Retriever,155.4,46.2,66.0,XL,1.57,Tight,D:\3d-canine-vton-sync\unique_garments_clean_vton_matrix\01_waterproof_raincoat_ruffwear_yellow\golden\00015_clean_tryon.png
16,Waterproof Raincoat,Ruffwear Sun Shower (Yellow),01_waterproof_raincoat_ruffwear_yellow,00016,Golden Retriever,77.9,64.8,66.4,M,1.039,Good Fit,D:\3d-canine-vton-sync\unique_garments_clean_vton_matrix\01_waterproof_raincoat_ruffwear_yellow\golden\00016_clean_tryon.png
17,Waterproof Raincoat,Ruffwear Sun Shower (Yellow),01_waterproof_raincoat_ruffwear_yellow,00017,Golden Retriever,157.2,45.5,67.1,XL,1.588,Tight,D:\3d-canine-vton-sync\unique_garments_clean_vton_matrix\01_waterproof_raincoat_ruffwear_yellow\golden\00017_clean_tryon.png
18,Waterproof Raincoat,Ruffwear Sun Shower (Yellow),01_waterproof_raincoat_ruffwear_yellow,00018,Golden Retriever,96.8,59.8,78.3,XL,0.978,Good Fit,D:\3d-canine-vton-sync\unique_garments_clean_vton_matrix\01_waterproof_raincoat_ruffwear_yellow\golden\00018_clean_tryon.png
19,Waterproof Raincoat,Ruffwear Sun Shower (Yellow),01_waterproof_raincoat_ruffwear_yellow,00019,Golden Retriever,83.5,52.3,71.8,L,0.971,Good Fit,D:\3d-canine-vton-sync\unique_garments_clean_vton_matrix\01_waterproof_raincoat_ruffwear_yellow\golden\00019_clean_tryon.png
20,Waterproof Raincoat,Ruffwear Sun Shower (Yellow),01_waterproof_raincoat_ruffwear_yellow,00020,Golden Retriever,105.1,45.1,68.2,XL,1.062,Good Fit,D:\3d-canine-vton-sync\unique_garments_clean_vton_matrix\01_waterproof_raincoat_ruffwear_yellow\golden\00020_clean_tryon.png
21,Waterproof Raincoat,Ruffwear Sun Shower (Yellow),01_waterproof_raincoat_ruffwear_yellow,00021,Golden Retriever,85.2,47.6,68.2,L,0.991,Good Fit,D:\3d-canine-vton-sync\unique_garments_clean_vton_matrix\01_waterproof_raincoat_ruffwear_yellow\golden\00021_clean_tryon.png
22,Waterproof Raincoat,Ruffwear Sun Shower (Yellow),01_waterproof_raincoat_ruffwear_yellow,00022,Golden Retriever,83.6,52.9,59.1,L,0.972,Good Fit,D:\3d-canine-vton-sync\unique_garments_clean_vton_matrix\01_waterproof_raincoat_ruffwear_yellow\golden\00022_clean_tryon.png
23,Waterproof Raincoat,Ruffwear Sun Shower (Yellow),01_waterproof_raincoat_ruffwear_yellow,00023,Golden Retriever,85.9,87.8,66.0,L,0.999,Good Fit,D:\3d-canine-vton-sync\unique_garments_clean_vton_matrix\01_waterproof_raincoat_ruffwear_yellow\golden\00023_clean_tryon.png
24,Waterproof Raincoat,Ruffwear Sun Shower (Yellow),01_waterproof_raincoat_ruffwear_yellow,00024,Golden Retriever,93.4,48.2,68.2,XL,0.943,Good Fit,D:\3d-canine-vton-sync\unique_garments_clean_vton_matrix\01_waterproof_raincoat_ruffwear_yellow\golden\00024_clean_tryon.png
25,Waterproof Raincoat,Ruffwear Sun Shower (Yellow),01_waterproof_raincoat_ruffwear_yellow,00025,Golden Retriever,93.3,123.9,64.3,XL,0.942,Good Fit,D:\3d-canine-vton-sync\unique_garments_clean_vton_matrix\01_waterproof_raincoat_ruffwear_yellow\golden\00025_clean_tryon.png
26,Waterproof Raincoat,Ruffwear Sun Shower (Yellow),01_waterproof_raincoat_ruffwear_yellow,00026,Golden Retriever,91.5,50.4,71.0,L,1.064,Tight,D:\3d-canine-vton-sync\unique_garments_clean_vton_matrix\01_waterproof_raincoat_ruffwear_yellow\golden\00026_clean_tryon.png
27,Waterproof Raincoat,Ruffwear Sun Shower (Yellow),01_waterproof_raincoat_ruffwear_yellow,00027,Golden Retriever,86.4,55.1,59.4,L,1.005,Good Fit,D:\3d-canine-vton-sync\unique_garments_clean_vton_matrix\01_waterproof_raincoat_ruffwear_yellow\golden\00027_clean_tryon.png
28,Waterproof Raincoat,Ruffwear Sun Shower (Yellow),01_waterproof_raincoat_ruffwear_yellow,00028,Golden Retriever,88.3,42.7,77.2,L,1.027,Good Fit,D:\3d-canine-vton-sync\unique_garments_clean_vton_matrix\01_waterproof_raincoat_ruffwear_yellow\golden\00028_clean_tryon.png
29,Waterproof Raincoat,Ruffwear Sun Shower (Yellow),01_waterproof_raincoat_ruffwear_yellow,00029,Golden Retriever,148.2,35.3,57.3,XL,1.497,Tight,D:\3d-canine-vton-sync\unique_garments_clean_vton_matrix\01_waterproof_raincoat_ruffwear_yellow\golden\00029_clean_tryon.png
30,Waterproof Raincoat,Ruffwear Sun Shower (Yellow),01_waterproof_raincoat_ruffwear_yellow,00030,Golden Retriever,95.9,63.2,83.3,XL,0.969,Good Fit,D:\3d-canine-vton-sync\unique_garments_clean_vton_matrix\01_waterproof_raincoat_ruffwear_yellow\golden\00030_clean_tryon.png
31,Waterproof Raincoat,Ruffwear Sun Shower (Yellow),01_waterproof_raincoat_ruffwear_yellow,00031,Golden Retriever,90.2,37.9,60.4,L,1.049,Good Fit,D:\3d-canine-vton-sync\unique_garments_clean_vton_matrix\01_waterproof_raincoat_ruffwear_yellow\golden\00031_clean_tryon.png
32,Waterproof Raincoat,Ruffwear Sun Shower (Yellow),01_waterproof_raincoat_ruffwear_yellow,00032,Golden Retriever,82.8,23.7,59.4,L,0.963,Good Fit,D:\3d-canine-vton-sync\unique_garments_clean_vton_matrix\01_waterproof_raincoat_ruffwear_yellow\golden\00032_clean_tryon.png
33,Waterproof Raincoat,Ruffwear Sun Shower (Yellow),01_waterproof_raincoat_ruffwear_yellow,00033,Golden Retriever,104.3,58.8,80.9,XL,1.054,Good Fit,D:\3d-canine-vton-sync\unique_garments_clean_vton_matrix\01_waterproof_raincoat_ruffwear_yellow\golden\00033_clean_tryon.png
34,Waterproof Raincoat,Ruffwear Sun Shower (Yellow),01_waterproof_raincoat_ruffwear_yellow,00034,Golden Retriever,93.3,59.6,80.0,XL,0.942,Good Fit,D:\3d-canine-vton-sync\unique_garments_clean_vton_matrix\01_waterproof_raincoat_ruffwear_yellow\golden\00034_clean_tryon.png
35,Waterproof Raincoat,Ruffwear Sun Shower (Yellow),01_waterproof_raincoat_ruffwear_yellow,00035,Golden Retriever,100.0,111.8,85.9,XL,1.01,Good Fit,D:\3d-canine-vton-sync\unique_garments_clean_vton_matrix\01_waterproof_raincoat_ruffwear_yellow\golden\00035_clean_tryon.png
36,Waterproof Raincoat,Ruffwear Sun Shower (Yellow),01_waterproof_raincoat_ruffwear_yellow,00036,Golden Retriever,134.9,112.0,85.8,XL,1.363,Tight,D:\3d-canine-vton-sync\unique_garments_clean_vton_matrix\01_waterproof_raincoat_ruffwear_yellow\golden\00036_clean_tryon.png
37,Waterproof Raincoat,Ruffwear Sun Shower (Yellow),01_waterproof_raincoat_ruffwear_yellow,00037,Golden Retriever,93.7,19.9,60.5,XL,0.946,Good Fit,D:\3d-canine-vton-sync\unique_garments_clean_vton_matrix\01_waterproof_raincoat_ruffwear_yellow\golden\00037_clean_tryon.png
38,Waterproof Raincoat,Ruffwear Sun Shower (Yellow),01_waterproof_raincoat_ruffwear_yellow,00038,Golden Retriever,86.3,60.0,74.4,L,1.003,Good Fit,D:\3d-canine-vton-sync\unique_garments_clean_vton_matrix\01_waterproof_raincoat_ruffwear_yellow\golden\00038_clean_tryon.png
39,Waterproof Raincoat,Ruffwear Sun Shower (Yellow),01_waterproof_raincoat_ruffwear_yellow,00039,Golden Retriever,87.4,49.1,69.4,L,1.016,Good Fit,D:\3d-canine-vton-sync\unique_garments_clean_vton_matrix\01_waterproof_raincoat_ruffwear_yellow\golden\00039_clean_tryon.png
40,Waterproof Raincoat,Ruffwear Sun Shower (Yellow),01_waterproof_raincoat_ruffwear_yellow,00040,Golden Retriever,100.0,61.8,77.9,XL,1.01,Good Fit,D:\3d-canine-vton-sync\unique_garments_clean_vton_matrix\01_waterproof_raincoat_ruffwear_yellow\golden\00040_clean_tryon.png
41,Waterproof Raincoat,Ruffwear Sun Shower (Yellow),01_waterproof_raincoat_ruffwear_yellow,00041,Golden Retriever,95.3,139.9,87.9,XL,0.963,Good Fit,D:\3d-canine-vton-sync\unique_garments_clean_vton_matrix\01_waterproof_raincoat_ruffwear_yellow\golden\00041_clean_tryon.png
42,Waterproof Raincoat,Ruffwear Sun Shower (Yellow),01_waterproof_raincoat_ruffwear_yellow,00042,Golden Retriever,81.8,53.3,62.4,L,0.951,Good Fit,D:\3d-canine-vton-sync\unique_garments_clean_vton_matrix\01_waterproof_raincoat_ruffwear_yellow\golden\00042_clean_tryon.png
43,Waterproof Raincoat,Ruffwear Sun Shower (Yellow),01_waterproof_raincoat_ruffwear_yellow,00043,Golden Retriever,119.0,48.9,78.6,XL,1.202,Tight,D:\3d-canine-vton-sync\unique_garments_clean_vton_matrix\01_waterproof_raincoat_ruffwear_yellow\golden\00043_clean_tryon.png
44,Waterproof Raincoat,Ruffwear Sun Shower (Yellow),01_waterproof_raincoat_ruffwear_yellow,00044,Golden Retriever,82.3,54.2,73.3,L,0.957,Good Fit,D:\3d-canine-vton-sync\unique_garments_clean_vton_matrix\01_waterproof_raincoat_ruffwear_yellow\golden\00044_clean_tryon.png
45,Waterproof Raincoat,Ruffwear Sun Shower (Yellow),01_waterproof_raincoat_ruffwear_yellow,00045,Golden Retriever,88.9,135.7,90.6,L,1.034,Good Fit,D:\3d-canine-vton-sync\unique_garments_clean_vton_matrix\01_waterproof_raincoat_ruffwear_yellow\golden\00045_clean_tryon.png
46,Waterproof Raincoat,Ruffwear Sun Shower (Yellow),01_waterproof_raincoat_ruffwear_yellow,00046,Golden Retriever,118.5,66.7,69.4,XL,1.197,Tight,D:\3d-canine-vton-sync\unique_garments_clean_vton_matrix\01_waterproof_raincoat_ruffwear_yellow\golden\00046_clean_tryon.png
47,Waterproof Raincoat,Ruffwear Sun Shower (Yellow),01_waterproof_raincoat_ruffwear_yellow,00047,Golden Retriever,71.5,42.7,59.7,M,0.953,Good Fit,D:\3d-canine-vton-sync\unique_garments_clean_vton_matrix\01_waterproof_raincoat_ruffwear_yellow\golden\00047_clean_tryon.png
48,Waterproof Raincoat,Ruffwear Sun Shower (Yellow),01_waterproof_raincoat_ruffwear_yellow,00048,Golden Retriever,100.3,55.9,83.0,XL,1.013,Good Fit,D:\3d-canine-vton-sync\unique_garments_clean_vton_matrix\01_waterproof_raincoat_ruffwear_yellow\golden\00048_clean_tryon.png
49,Waterproof Raincoat,Ruffwear Sun Shower (Yellow),01_waterproof_raincoat_ruffwear_yellow,00049,Golden Retriever,116.7,56.3,74.7,XL,1.179,Tight,D:\3d-canine-vton-sync\unique_garments_clean_vton_matrix\01_waterproof_raincoat_ruffwear_yellow\golden\00049_clean_tryon.png
50,Waterproof Raincoat,Ruffwear Sun Shower (Yellow),01_waterproof_raincoat_ruffwear_yellow,00050,Golden Retriever,90.7,52.9,72.1,L,1.055,Good Fit,D:\3d-canine-vton-sync\unique_garments_clean_vton_matrix\01_waterproof_raincoat_ruffwear_yellow\golden\00050_clean_tryon.png
51,Waterproof Raincoat,Ruffwear Sun Shower (Yellow),01_waterproof_raincoat_ruffwear_yellow,00051,Golden Retriever,95.4,49.5,61.6,XL,0.964,Good Fit,D:\3d-canine-vton-sync\unique_garments_clean_vton_matrix\01_waterproof_raincoat_ruffwear_yellow\golden\00051_clean_tryon.png
52,Waterproof Raincoat,Ruffwear Sun Shower (Yellow),01_waterproof_raincoat_ruffwear_yellow,00052,Golden Retriever,96.7,48.3,70.0,XL,0.977,Good Fit,D:\3d-canine-vton-sync\unique_garments_clean_vton_matrix\01_waterproof_raincoat_ruffwear_yellow\golden\00052_clean_tryon.png
53,Waterproof Raincoat,Ruffwear Sun Shower (Yellow),01_waterproof_raincoat_ruffwear_yellow,00053,Golden Retriever,87.1,109.0,68.4,L,1.013,Good Fit,D:\3d-canine-vton-sync\unique_garments_clean_vton_matrix\01_waterproof_raincoat_ruffwear_yellow\golden\00053_clean_tryon.png
54,Waterproof Raincoat,Ruffwear Sun Shower (Yellow),01_waterproof_raincoat_ruffwear_yellow,00054,Golden Retriever,99.1,52.7,72.6,XL,1.001,Good Fit,D:\3d-canine-vton-sync\unique_garments_clean_vton_matrix\01_waterproof_raincoat_ruffwear_yellow\golden\00054_clean_tryon.png
55,Waterproof Raincoat,Ruffwear Sun Shower (Yellow),01_waterproof_raincoat_ruffwear_yellow,00055,Golden Retriever,91.3,23.9,79.0,L,1.062,Tight,D:\3d-canine-vton-sync\unique_garments_clean_vton_matrix\01_waterproof_raincoat_ruffwear_yellow\golden\00055_clean_tryon.png
56,Waterproof Raincoat,Ruffwear Sun Shower (Yellow),01_waterproof_raincoat_ruffwear_yellow,00056,Golden Retriever,102.4,57.5,80.0,XL,1.034,Good Fit,D:\3d-canine-vton-sync\unique_garments_clean_vton_matrix\01_waterproof_raincoat_ruffwear_yellow\golden\00056_clean_tryon.png
57,Waterproof Raincoat,Ruffwear Sun Shower (Yellow),01_waterproof_raincoat_ruffwear_yellow,00057,Golden Retriever,81.8,46.1,62.1,L,0.951,Good Fit,D:\3d-canine-vton-sync\unique_garments_clean_vton_matrix\01_waterproof_raincoat_ruffwear_yellow\golden\00057_clean_tryon.png
58,Waterproof Raincoat,Ruffwear Sun Shower (Yellow),01_waterproof_raincoat_ruffwear_yellow,00058,Golden Retriever,65.5,56.7,76.8,S,1.048,Good Fit,D:\3d-canine-vton-sync\unique_garments_clean_vton_matrix\01_waterproof_raincoat_ruffwear_yellow\golden\00058_clean_tryon.png
59,Waterproof Raincoat,Ruffwear Sun Shower (Yellow),01_waterproof_raincoat_ruffwear_yellow,00059,Golden Retriever,87.6,42.4,71.2,L,1.019,Good Fit,D:\3d-canine-vton-sync\unique_garments_clean_vton_matrix\01_waterproof_raincoat_ruffwear_yellow\golden\00059_clean_tryon.png
60,Waterproof Raincoat,Ruffwear Sun Shower (Yellow),01_waterproof_raincoat_ruffwear_yellow,00060,Golden Retriever,85.0,56.6,76.2,L,0.988,Good Fit,D:\3d-canine-vton-sync\unique_garments_clean_vton_matrix\01_waterproof_raincoat_ruffwear_yellow\golden\00060_clean_tryon.png
61,Waterproof Raincoat,Ruffwear Sun Shower (Yellow),01_waterproof_raincoat_ruffwear_yellow,00061,Golden Retriever,91.8,56.1,84.7,L,1.067,Tight,D:\3d-canine-vton-sync\unique_garments_clean_vton_matrix\01_waterproof_raincoat_ruffwear_yellow\golden\00061_clean_tryon.png
62,Waterproof Raincoat,Ruffwear Sun Shower (Yellow),01_waterproof_raincoat_ruffwear_yellow,00062,Golden Retriever,100.5,61.8,84.4,XL,1.015,Good Fit,D:\3d-canine-vton-sync\unique_garments_clean_vton_matrix\01_waterproof_raincoat_ruffwear_yellow\golden\00062_clean_tryon.png
63,Waterproof Raincoat,Ruffwear Sun Shower (Yellow),01_waterproof_raincoat_ruffwear_yellow,00063,Golden Retriever,94.1,21.1,78.4,XL,0.951,Good Fit,D:\3d-canine-vton-sync\unique_garments_clean_vton_matrix\01_waterproof_raincoat_ruffwear_yellow\golden\00063_clean_tryon.png
64,Waterproof Raincoat,Ruffwear Sun Shower (Yellow),01_waterproof_raincoat_ruffwear_yellow,00001,Labrador Retriever,85.8,103.0,75.8,L,0.998,Good Fit,D:\3d-canine-vton-sync\unique_garments_clean_vton_matrix\01_waterproof_raincoat_ruffwear_yellow\labrador\00001_clean_tryon.png
65,Waterproof Raincoat,Ruffwear Sun Shower (Yellow),01_waterproof_raincoat_ruffwear_yellow,00002,Labrador Retriever,96.8,51.5,67.9,XL,0.978,Good Fit,D:\3d-canine-vton-sync\unique_garments_clean_vton_matrix\01_waterproof_raincoat_ruffwear_yellow\labrador\00002_clean_tryon.png
66,Waterproof Raincoat,Ruffwear Sun Shower (Yellow),01_waterproof_raincoat_ruffwear_yellow,00003,Labrador Retriever,97.9,54.3,64.1,XL,0.989,Good Fit,D:\3d-canine-vton-sync\unique_garments_clean_vton_matrix\01_waterproof_raincoat_ruffwear_yellow\labrador\00003_clean_tryon.png
67,Waterproof Raincoat,Ruffwear Sun Shower (Yellow),01_waterproof_raincoat_ruffwear_yellow,00004,Labrador Retriever,91.8,52.7,75.8,L,1.067,Tight,D:\3d-canine-vton-sync\unique_garments_clean_vton_matrix\01_waterproof_raincoat_ruffwear_yellow\labrador\00004_clean_tryon.png
68,Waterproof Raincoat,Ruffwear Sun Shower (Yellow),01_waterproof_raincoat_ruffwear_yellow,00005,Labrador Retriever,76.7,47.6,68.4,M,1.023,Good Fit,D:\3d-canine-vton-sync\unique_garments_clean_vton_matrix\01_waterproof_raincoat_ruffwear_yellow\labrador\00005_clean_tryon.png
69,Waterproof Raincoat,Ruffwear Sun Shower (Yellow),01_waterproof_raincoat_ruffwear_yellow,00006,Labrador Retriever,88.8,7.8,60.8,L,1.033,Good Fit,D:\3d-canine-vton-sync\unique_garments_clean_vton_matrix\01_waterproof_raincoat_ruffwear_yellow\labrador\00006_clean_tryon.png
70,Waterproof Raincoat,Ruffwear Sun Shower (Yellow),01_waterproof_raincoat_ruffwear_yellow,00007,Labrador Retriever,80.8,52.3,69.1,L,0.94,Loose,D:\3d-canine-vton-sync\unique_garments_clean_vton_matrix\01_waterproof_raincoat_ruffwear_yellow\labrador\00007_clean_tryon.png
71,Waterproof Raincoat,Ruffwear Sun Shower (Yellow),01_waterproof_raincoat_ruffwear_yellow,00008,Labrador Retriever,78.7,21.2,89.4,M,1.049,Good Fit,D:\3d-canine-vton-sync\unique_garments_clean_vton_matrix\01_waterproof_raincoat_ruffwear_yellow\labrador\00008_clean_tryon.png
72,Waterproof Raincoat,Ruffwear Sun Shower (Yellow),01_waterproof_raincoat_ruffwear_yellow,00009,Labrador Retriever,92.6,42.5,66.8,XL,0.935,Good Fit,D:\3d-canine-vton-sync\unique_garments_clean_vton_matrix\01_waterproof_raincoat_ruffwear_yellow\labrador\00009_clean_tryon.png
73,Waterproof Raincoat,Ruffwear Sun Shower (Yellow),01_waterproof_raincoat_ruffwear_yellow,00010,Labrador Retriever,134.5,51.0,68.2,XL,1.359,Tight,D:\3d-canine-vton-sync\unique_garments_clean_vton_matrix\01_waterproof_raincoat_ruffwear_yellow\labrador\00010_clean_tryon.png
74,Waterproof Raincoat,Ruffwear Sun Shower (Yellow),01_waterproof_raincoat_ruffwear_yellow,00011,Labrador Retriever,99.0,61.2,80.3,XL,1.0,Good Fit,D:\3d-canine-vton-sync\unique_garments_clean_vton_matrix\01_waterproof_raincoat_ruffwear_yellow\labrador\00011_clean_tryon.png
75,Waterproof Raincoat,Ruffwear Sun Shower (Yellow),01_waterproof_raincoat_ruffwear_yellow,00012,Labrador Retriever,94.6,59.4,79.9,XL,0.956,Good Fit,D:\3d-canine-vton-sync\unique_garments_clean_vton_matrix\01_waterproof_raincoat_ruffwear_yellow\labrador\00012_clean_tryon.png
76,Waterproof Raincoat,Ruffwear Sun Shower (Yellow),01_waterproof_raincoat_ruffwear_yellow,00013,Labrador Retriever,91.4,39.6,51.1,L,1.063,Tight,D:\3d-canine-vton-sync\unique_garments_clean_vton_matrix\01_waterproof_raincoat_ruffwear_yellow\labrador\00013_clean_tryon.png
77,Waterproof Raincoat,Ruffwear Sun Shower (Yellow),01_waterproof_raincoat_ruffwear_yellow,00014,Labrador Retriever,89.7,49.6,81.1,L,1.043,Good Fit,D:\3d-canine-vton-sync\unique_garments_clean_vton_matrix\01_waterproof_raincoat_ruffwear_yellow\labrador\00014_clean_tryon.png
78,Waterproof Raincoat,Ruffwear Sun Shower (Yellow),01_waterproof_raincoat_ruffwear_yellow,00015,Labrador Retriever,113.0,50.4,71.4,XL,1.141,Tight,D:\3d-canine-vton-sync\unique_garments_clean_vton_matrix\01_waterproof_raincoat_ruffwear_yellow\labrador\00015_clean_tryon.png
79,Waterproof Raincoat,Ruffwear Sun Shower (Yellow),01_waterproof_raincoat_ruffwear_yellow,00016,Labrador Retriever,96.5,58.5,76.9,XL,0.975,Good Fit,D:\3d-canine-vton-sync\unique_garments_clean_vton_matrix\01_waterproof_raincoat_ruffwear_yellow\labrador\00016_clean_tryon.png
80,Waterproof Raincoat,Ruffwear Sun Shower (Yellow),01_waterproof_raincoat_ruffwear_yellow,00017,Labrador Retriever,97.2,60.1,80.4,XL,0.982,Good Fit,D:\3d-canine-vton-sync\unique_garments_clean_vton_matrix\01_waterproof_raincoat_ruffwear_yellow\labrador\00017_clean_tryon.png
81,Waterproof Raincoat,Ruffwear Sun Shower (Yellow),01_waterproof_raincoat_ruffwear_yellow,00018,Labrador Retriever,94.9,62.0,80.2,XL,0.959,Good Fit,D:\3d-canine-vton-sync\unique_garments_clean_vton_matrix\01_waterproof_raincoat_ruffwear_yellow\labrador\00018_clean_tryon.png
82,Waterproof Raincoat,Ruffwear Sun Shower (Yellow),01_waterproof_raincoat_ruffwear_yellow,00019,Labrador Retriever,96.8,39.5,70.6,XL,0.978,Good Fit,D:\3d-canine-vton-sync\unique_garments_clean_vton_matrix\01_waterproof_raincoat_ruffwear_yellow\labrador\00019_clean_tryon.png
83,Waterproof Raincoat,Ruffwear Sun Shower (Yellow),01_waterproof_raincoat_ruffwear_yellow,00020,Labrador Retriever,86.3,55.5,68.4,L,1.003,Good Fit,D:\3d-canine-vton-sync\unique_garments_clean_vton_matrix\01_waterproof_raincoat_ruffwear_yellow\labrador\00020_clean_tryon.png
84,Waterproof Raincoat,Ruffwear Sun Shower (Yellow),01_waterproof_raincoat_ruffwear_yellow,00021,Labrador Retriever,92.9,18.4,68.3,XL,0.938,Good Fit,D:\3d-canine-vton-sync\unique_garments_clean_vton_matrix\01_waterproof_raincoat_ruffwear_yellow\labrador\00021_clean_tryon.png
85,Waterproof Raincoat,Ruffwear Sun Shower (Yellow),01_waterproof_raincoat_ruffwear_yellow,00022,Labrador Retriever,85.8,48.4,69.8,L,0.998,Good Fit,D:\3d-canine-vton-sync\unique_garments_clean_vton_matrix\01_waterproof_raincoat_ruffwear_yellow\labrador\00022_clean_tryon.png
86,Waterproof Raincoat,Ruffwear Sun Shower (Yellow),01_waterproof_raincoat_ruffwear_yellow,00023,Labrador Retriever,89.7,128.9,63.7,L,1.043,Good Fit,D:\3d-canine-vton-sync\unique_garments_clean_vton_matrix\01_waterproof_raincoat_ruffwear_yellow\labrador\00023_clean_tryon.png
87,Waterproof Raincoat,Ruffwear Sun Shower (Yellow),01_waterproof_raincoat_ruffwear_yellow,00024,Labrador Retriever,90.7,55.2,73.1,L,1.055,Good Fit,D:\3d-canine-vton-sync\unique_garments_clean_vton_matrix\01_waterproof_raincoat_ruffwear_yellow\labrador\00024_clean_tryon.png
88,Waterproof Raincoat,Ruffwear Sun Shower (Yellow),01_waterproof_raincoat_ruffwear_yellow,00025,Labrador Retriever,101.2,40.0,69.1,XL,1.022,Good Fit,D:\3d-canine-vton-sync\unique_garments_clean_vton_matrix\01_waterproof_raincoat_ruffwear_yellow\labrador\00025_clean_tryon.png
89,Waterproof Raincoat,Ruffwear Sun Shower (Yellow),01_waterproof_raincoat_ruffwear_yellow,00026,Labrador Retriever,91.5,53.6,72.3,L,1.064,Tight,D:\3d-canine-vton-sync\unique_garments_clean_vton_matrix\01_waterproof_raincoat_ruffwear_yellow\labrador\00026_clean_tryon.png
90,Waterproof Raincoat,Ruffwear Sun Shower (Yellow),01_waterproof_raincoat_ruffwear_yellow,00027,Labrador Retriever,86.5,51.0,72.4,L,1.006,Good Fit,D:\3d-canine-vton-sync\unique_garments_clean_vton_matrix\01_waterproof_raincoat_ruffwear_yellow\labrador\00027_clean_tryon.png
91,Waterproof Raincoat,Ruffwear Sun Shower (Yellow),01_waterproof_raincoat_ruffwear_yellow,00028,Labrador Retriever,85.5,53.9,79.5,L,0.994,Good Fit,D:\3d-canine-vton-sync\unique_garments_clean_vton_matrix\01_waterproof_raincoat_ruffwear_yellow\labrador\00028_clean_tryon.png
92,Waterproof Raincoat,Ruffwear Sun Shower (Yellow),01_waterproof_raincoat_ruffwear_yellow,00029,Labrador Retriever,96.8,53.0,71.2,XL,0.978,Good Fit,D:\3d-canine-vton-sync\unique_garments_clean_vton_matrix\01_waterproof_raincoat_ruffwear_yellow\labrador\00029_clean_tryon.png
93,Waterproof Raincoat,Ruffwear Sun Shower (Yellow),01_waterproof_raincoat_ruffwear_yellow,00030,Labrador Retriever,107.4,36.1,62.3,XL,1.085,Tight,D:\3d-canine-vton-sync\unique_garments_clean_vton_matrix\01_waterproof_raincoat_ruffwear_yellow\labrador\00030_clean_tryon.png
94,Waterproof Raincoat,Ruffwear Sun Shower (Yellow),01_waterproof_raincoat_ruffwear_yellow,00031,Labrador Retriever,87.7,60.9,81.0,L,1.02,Good Fit,D:\3d-canine-vton-sync\unique_garments_clean_vton_matrix\01_waterproof_raincoat_ruffwear_yellow\labrador\00031_clean_tryon.png
95,Waterproof Raincoat,Ruffwear Sun Shower (Yellow),01_waterproof_raincoat_ruffwear_yellow,00032,Labrador Retriever,80.4,53.9,59.5,M,1.072,Good Fit,D:\3d-canine-vton-sync\unique_garments_clean_vton_matrix\01_waterproof_raincoat_ruffwear_yellow\labrador\00032_clean_tryon.png
96,Waterproof Raincoat,Ruffwear Sun Shower (Yellow),01_waterproof_raincoat_ruffwear_yellow,00033,Labrador Retriever,93.7,58.3,78.9,XL,0.946,Good Fit,D:\3d-canine-vton-sync\unique_garments_clean_vton_matrix\01_waterproof_raincoat_ruffwear_yellow\labrador\00033_clean_tryon.png
97,Waterproof Raincoat,Ruffwear Sun Shower (Yellow),01_waterproof_raincoat_ruffwear_yellow,00034,Labrador Retriever,86.9,64.7,74.5,L,1.01,Good Fit,D:\3d-canine-vton-sync\unique_garments_clean_vton_matrix\01_waterproof_raincoat_ruffwear_yellow\labrador\00034_clean_tryon.png
98,Waterproof Raincoat,Ruffwear Sun Shower (Yellow),01_waterproof_raincoat_ruffwear_yellow,00035,Labrador Retriever,86.9,59.8,81.9,L,1.01,Good Fit,D:\3d-canine-vton-sync\unique_garments_clean_vton_matrix\01_waterproof_raincoat_ruffwear_yellow\labrador\00035_clean_tryon.png
99,Waterproof Raincoat,Ruffwear Sun Shower (Yellow),01_waterproof_raincoat_ruffwear_yellow,00036,Labrador Retriever,119.4,53.7,53.5,XL,1.206,Tight,D:\3d-canine-vton-sync\unique_garments_clean_vton_matrix\01_waterproof_raincoat_ruffwear_yellow\labrador\00036_clean_tryon.png
100,Waterproof Raincoat,Ruffwear Sun Shower (Yellow),01_waterproof_raincoat_ruffwear_yellow,00037,Labrador Retriever,81.2,41.0,64.0,L,0.944,Good Fit,D:\3d-canine-vton-sync\unique_garments_clean_vton_matrix\01_waterproof_raincoat_ruffwear_yellow\labrador\00037_clean_tryon.png
101,Waterproof Raincoat,Ruffwear Sun Shower (Yellow),01_waterproof_raincoat_ruffwear_yellow,00038,Labrador Retriever,92.5,52.6,81.2,L,1.076,Tight,D:\3d-canine-vton-sync\unique_garments_clean_vton_matrix\01_waterproof_raincoat_ruffwear_yellow\labrador\00038_clean_tryon.png
102,Waterproof Raincoat,Ruffwear Sun Shower (Yellow),01_waterproof_raincoat_ruffwear_yellow,00039,Labrador Retriever,114.3,62.5,69.1,XL,1.155,Tight,D:\3d-canine-vton-sync\unique_garments_clean_vton_matrix\01_waterproof_raincoat_ruffwear_yellow\labrador\00039_clean_tryon.png
103,Waterproof Raincoat,Ruffwear Sun Shower (Yellow),01_waterproof_raincoat_ruffwear_yellow,00040,Labrador Retriever,137.7,53.5,64.7,XL,1.391,Tight,D:\3d-canine-vton-sync\unique_garments_clean_vton_matrix\01_waterproof_raincoat_ruffwear_yellow\labrador\00040_clean_tryon.png
104,Waterproof Raincoat,Ruffwear Sun Shower (Yellow),01_waterproof_raincoat_ruffwear_yellow,00041,Labrador Retriever,93.3,49.7,70.2,XL,0.942,Good Fit,D:\3d-canine-vton-sync\unique_garments_clean_vton_matrix\01_waterproof_raincoat_ruffwear_yellow\labrador\00041_clean_tryon.png
105,Waterproof Raincoat,Ruffwear Sun Shower (Yellow),01_waterproof_raincoat_ruffwear_yellow,00042,Labrador Retriever,94.3,57.8,72.1,XL,0.953,Good Fit,D:\3d-canine-vton-sync\unique_garments_clean_vton_matrix\01_waterproof_raincoat_ruffwear_yellow\labrador\00042_clean_tryon.png
106,Waterproof Raincoat,Ruffwear Sun Shower (Yellow),01_waterproof_raincoat_ruffwear_yellow,00043,Labrador Retriever,87.5,44.9,66.9,L,1.017,Good Fit,D:\3d-canine-vton-sync\unique_garments_clean_vton_matrix\01_waterproof_raincoat_ruffwear_yellow\labrador\00043_clean_tryon.png
107,Waterproof Raincoat,Ruffwear Sun Shower (Yellow),01_waterproof_raincoat_ruffwear_yellow,00044,Labrador Retriever,86.2,50.6,70.4,L,1.002,Good Fit,D:\3d-canine-vton-sync\unique_garments_clean_vton_matrix\01_waterproof_raincoat_ruffwear_yellow\labrador\00044_clean_tryon.png
108,Waterproof Raincoat,Ruffwear Sun Shower (Yellow),01_waterproof_raincoat_ruffwear_yellow,00045,Labrador Retriever,89.4,59.5,74.2,L,1.04,Good Fit,D:\3d-canine-vton-sync\unique_garments_clean_vton_matrix\01_waterproof_raincoat_ruffwear_yellow\labrador\00045_clean_tryon.png
109,Waterproof Raincoat,Ruffwear Sun Shower (Yellow),01_waterproof_raincoat_ruffwear_yellow,00046,Labrador Retriever,88.2,56.7,72.7,L,1.026,Good Fit,D:\3d-canine-vton-sync\unique_garments_clean_vton_matrix\01_waterproof_raincoat_ruffwear_yellow\labrador\00046_clean_tryon.png
110,Waterproof Raincoat,Ruffwear Sun Shower (Yellow),01_waterproof_raincoat_ruffwear_yellow,00047,Labrador Retriever,152.2,57.6,78.6,XL,1.537,Tight,D:\3d-canine-vton-sync\unique_garments_clean_vton_matrix\01_waterproof_raincoat_ruffwear_yellow\labrador\00047_clean_tryon.png
111,Waterproof Raincoat,Ruffwear Sun Shower (Yellow),01_waterproof_raincoat_ruffwear_yellow,00048,Labrador Retriever,99.6,45.4,65.3,XL,1.006,Good Fit,D:\3d-canine-vton-sync\unique_garments_clean_vton_matrix\01_waterproof_raincoat_ruffwear_yellow\labrador\00048_clean_tryon.png
112,Waterproof Raincoat,Ruffwear Sun Shower (Yellow),01_waterproof_raincoat_ruffwear_yellow,00049,Labrador Retriever,98.3,59.8,79.8,XL,0.993,Good Fit,D:\3d-canine-vton-sync\unique_garments_clean_vton_matrix\01_waterproof_raincoat_ruffwear_yellow\labrador\00049_clean_tryon.png
113,Waterproof Raincoat,Ruffwear Sun Shower (Yellow),01_waterproof_raincoat_ruffwear_yellow,00050,Labrador Retriever,103.1,51.7,68.5,XL,1.041,Good Fit,D:\3d-canine-vton-sync\unique_garments_clean_vton_matrix\01_waterproof_raincoat_ruffwear_yellow\labrador\00050_clean_tryon.png
114,Waterproof Raincoat,Ruffwear Sun Shower (Yellow),01_waterproof_raincoat_ruffwear_yellow,00051,Labrador Retriever,116.7,65.2,71.6,XL,1.179,Tight,D:\3d-canine-vton-sync\unique_garments_clean_vton_matrix\01_waterproof_raincoat_ruffwear_yellow\labrador\00051_clean_tryon.png
115,Waterproof Raincoat,Ruffwear Sun Shower (Yellow),01_waterproof_raincoat_ruffwear_yellow,00052,Labrador Retriever,87.2,52.6,68.8,L,1.014,Good Fit,D:\3d-canine-vton-sync\unique_garments_clean_vton_matrix\01_waterproof_raincoat_ruffwear_yellow\labrador\00052_clean_tryon.png
116,Waterproof Raincoat,Ruffwear Sun Shower (Yellow),01_waterproof_raincoat_ruffwear_yellow,00053,Labrador Retriever,86.5,61.0,79.5,L,1.006,Good Fit,D:\3d-canine-vton-sync\unique_garments_clean_vton_matrix\01_waterproof_raincoat_ruffwear_yellow\labrador\00053_clean_tryon.png
117,Waterproof Raincoat,Ruffwear Sun Shower (Yellow),01_waterproof_raincoat_ruffwear_yellow,00054,Labrador Retriever,95.7,23.8,76.3,XL,0.967,Good Fit,D:\3d-canine-vton-sync\unique_garments_clean_vton_matrix\01_waterproof_raincoat_ruffwear_yellow\labrador\00054_clean_tryon.png
118,Waterproof Raincoat,Ruffwear Sun Shower (Yellow),01_waterproof_raincoat_ruffwear_yellow,00055,Labrador Retriever,95.0,135.7,77.7,XL,0.96,Good Fit,D:\3d-canine-vton-sync\unique_garments_clean_vton_matrix\01_waterproof_raincoat_ruffwear_yellow\labrador\00055_clean_tryon.png
119,Waterproof Raincoat,Ruffwear Sun Shower (Yellow),01_waterproof_raincoat_ruffwear_yellow,00056,Labrador Retriever,91.6,74.2,65.2,L,1.065,Tight,D:\3d-canine-vton-sync\unique_garments_clean_vton_matrix\01_waterproof_raincoat_ruffwear_yellow\labrador\00056_clean_tryon.png
120,Waterproof Raincoat,Ruffwear Sun Shower (Yellow),01_waterproof_raincoat_ruffwear_yellow,00057,Labrador Retriever,96.0,33.2,66.0,XL,0.97,Good Fit,D:\3d-canine-vton-sync\unique_garments_clean_vton_matrix\01_waterproof_raincoat_ruffwear_yellow\labrador\00057_clean_tryon.png
121,Waterproof Raincoat,Ruffwear Sun Shower (Yellow),01_waterproof_raincoat_ruffwear_yellow,00058,Labrador Retriever,87.6,40.0,71.6,L,1.019,Good Fit,D:\3d-canine-vton-sync\unique_garments_clean_vton_matrix\01_waterproof_raincoat_ruffwear_yellow\labrador\00058_clean_tryon.png
122,Waterproof Raincoat,Ruffwear Sun Shower (Yellow),01_waterproof_raincoat_ruffwear_yellow,00059,Labrador Retriever,101.9,52.4,73.1,XL,1.029,Good Fit,D:\3d-canine-vton-sync\unique_garments_clean_vton_matrix\01_waterproof_raincoat_ruffwear_yellow\labrador\00059_clean_tryon.png
123,Waterproof Raincoat,Ruffwear Sun Shower (Yellow),01_waterproof_raincoat_ruffwear_yellow,00060,Labrador Retriever,99.7,135.4,77.9,XL,1.007,Good Fit,D:\3d-canine-vton-sync\unique_garments_clean_vton_matrix\01_waterproof_raincoat_ruffwear_yellow\labrador\00060_clean_tryon.png
124,Waterproof Raincoat,Ruffwear Sun Shower (Yellow),01_waterproof_raincoat_ruffwear_yellow,00061,Labrador Retriever,81.2,43.9,61.6,L,0.944,Good Fit,D:\3d-canine-vton-sync\unique_garments_clean_vton_matrix\01_waterproof_raincoat_ruffwear_yellow\labrador\00061_clean_tryon.png
125,Waterproof Raincoat,Ruffwear Sun Shower (Yellow),01_waterproof_raincoat_ruffwear_yellow,00062,Labrador Retriever,92.0,51.3,71.7,L,1.07,Tight,D:\3d-canine-vton-sync\unique_garments_clean_vton_matrix\01_waterproof_raincoat_ruffwear_yellow\labrador\00062_clean_tryon.png
126,Waterproof Raincoat,Ruffwear Sun Shower (Yellow),01_waterproof_raincoat_ruffwear_yellow,00063,Labrador Retriever,92.4,60.5,73.1,L,1.074,Tight,D:\3d-canine-vton-sync\unique_garments_clean_vton_matrix\01_waterproof_raincoat_ruffwear_yellow\labrador\00063_clean_tryon.png
127,Waterproof Raincoat,Ruffwear Sun Shower (Yellow),01_waterproof_raincoat_ruffwear_yellow,00064,Labrador Retriever,91.8,50.6,65.0,L,1.067,Tight,D:\3d-canine-vton-sync\unique_garments_clean_vton_matrix\01_waterproof_raincoat_ruffwear_yellow\labrador\00064_clean_tryon.png
128,Waterproof Raincoat,Ruffwear Sun Shower (Yellow),01_waterproof_raincoat_ruffwear_yellow,00065,Labrador Retriever,90.1,55.6,75.5,L,1.048,Good Fit,D:\3d-canine-vton-sync\unique_garments_clean_vton_matrix\01_waterproof_raincoat_ruffwear_yellow\labrador\00065_clean_tryon.png
129,Waterproof Raincoat,Ruffwear Sun Shower (Yellow),01_waterproof_raincoat_ruffwear_yellow,00066,Labrador Retriever,85.8,58.4,77.2,L,0.998,Good Fit,D:\3d-canine-vton-sync\unique_garments_clean_vton_matrix\01_waterproof_raincoat_ruffwear_yellow\labrador\00066_clean_tryon.png
130,Extreme Thermal Parka,Hurtta Extreme Warmer (Lingonberry Red),02_extreme_thermal_parka_hurtta_red,00001,Golden Retriever,83.9,61.8,58.5,L,0.976,Good Fit,D:\3d-canine-vton-sync\unique_garments_clean_vton_matrix\02_extreme_thermal_parka_hurtta_red\golden\00001_clean_tryon.png
131,Extreme Thermal Parka,Hurtta Extreme Warmer (Lingonberry Red),02_extreme_thermal_parka_hurtta_red,00002,Golden Retriever,102.9,56.7,78.7,XL,1.039,Good Fit,D:\3d-canine-vton-sync\unique_garments_clean_vton_matrix\02_extreme_thermal_parka_hurtta_red\golden\00002_clean_tryon.png
132,Extreme Thermal Parka,Hurtta Extreme Warmer (Lingonberry Red),02_extreme_thermal_parka_hurtta_red,00003,Golden Retriever,93.2,47.2,75.4,XL,0.941,Good Fit,D:\3d-canine-vton-sync\unique_garments_clean_vton_matrix\02_extreme_thermal_parka_hurtta_red\golden\00003_clean_tryon.png
133,Extreme Thermal Parka,Hurtta Extreme Warmer (Lingonberry Red),02_extreme_thermal_parka_hurtta_red,00004,Golden Retriever,80.0,44.9,68.4,M,1.067,Good Fit,D:\3d-canine-vton-sync\unique_garments_clean_vton_matrix\02_extreme_thermal_parka_hurtta_red\golden\00004_clean_tryon.png
134,Extreme Thermal Parka,Hurtta Extreme Warmer (Lingonberry Red),02_extreme_thermal_parka_hurtta_red,00005,Golden Retriever,86.4,44.9,69.1,L,1.005,Good Fit,D:\3d-canine-vton-sync\unique_garments_clean_vton_matrix\02_extreme_thermal_parka_hurtta_red\golden\00005_clean_tryon.png
135,Extreme Thermal Parka,Hurtta Extreme Warmer (Lingonberry Red),02_extreme_thermal_parka_hurtta_red,00006,Golden Retriever,80.8,82.9,57.0,L,0.94,Loose,D:\3d-canine-vton-sync\unique_garments_clean_vton_matrix\02_extreme_thermal_parka_hurtta_red\golden\00006_clean_tryon.png
136,Extreme Thermal Parka,Hurtta Extreme Warmer (Lingonberry Red),02_extreme_thermal_parka_hurtta_red,00007,Golden Retriever,82.9,41.5,74.2,L,0.964,Good Fit,D:\3d-canine-vton-sync\unique_garments_clean_vton_matrix\02_extreme_thermal_parka_hurtta_red\golden\00007_clean_tryon.png
137,Extreme Thermal Parka,Hurtta Extreme Warmer (Lingonberry Red),02_extreme_thermal_parka_hurtta_red,00008,Golden Retriever,91.3,47.8,47.5,L,1.062,Tight,D:\3d-canine-vton-sync\unique_garments_clean_vton_matrix\02_extreme_thermal_parka_hurtta_red\golden\00008_clean_tryon.png
138,Extreme Thermal Parka,Hurtta Extreme Warmer (Lingonberry Red),02_extreme_thermal_parka_hurtta_red,00009,Golden Retriever,97.4,42.3,81.7,XL,0.984,Good Fit,D:\3d-canine-vton-sync\unique_garments_clean_vton_matrix\02_extreme_thermal_parka_hurtta_red\golden\00009_clean_tryon.png
139,Extreme Thermal Parka,Hurtta Extreme Warmer (Lingonberry Red),02_extreme_thermal_parka_hurtta_red,00010,Golden Retriever,89.5,52.9,66.6,L,1.041,Good Fit,D:\3d-canine-vton-sync\unique_garments_clean_vton_matrix\02_extreme_thermal_parka_hurtta_red\golden\00010_clean_tryon.png
140,Extreme Thermal Parka,Hurtta Extreme Warmer (Lingonberry Red),02_extreme_thermal_parka_hurtta_red,00011,Golden Retriever,119.3,50.9,69.8,XL,1.205,Tight,D:\3d-canine-vton-sync\unique_garments_clean_vton_matrix\02_extreme_thermal_parka_hurtta_red\golden\00011_clean_tryon.png
141,Extreme Thermal Parka,Hurtta Extreme Warmer (Lingonberry Red),02_extreme_thermal_parka_hurtta_red,00012,Golden Retriever,84.7,58.8,75.3,L,0.985,Good Fit,D:\3d-canine-vton-sync\unique_garments_clean_vton_matrix\02_extreme_thermal_parka_hurtta_red\golden\00012_clean_tryon.png
142,Extreme Thermal Parka,Hurtta Extreme Warmer (Lingonberry Red),02_extreme_thermal_parka_hurtta_red,00013,Golden Retriever,89.7,45.7,67.7,L,1.043,Good Fit,D:\3d-canine-vton-sync\unique_garments_clean_vton_matrix\02_extreme_thermal_parka_hurtta_red\golden\00013_clean_tryon.png
143,Extreme Thermal Parka,Hurtta Extreme Warmer (Lingonberry Red),02_extreme_thermal_parka_hurtta_red,00014,Golden Retriever,88.2,56.7,76.9,L,1.026,Good Fit,D:\3d-canine-vton-sync\unique_garments_clean_vton_matrix\02_extreme_thermal_parka_hurtta_red\golden\00014_clean_tryon.png
144,Extreme Thermal Parka,Hurtta Extreme Warmer (Lingonberry Red),02_extreme_thermal_parka_hurtta_red,00015,Golden Retriever,155.4,46.2,66.0,XL,1.57,Tight,D:\3d-canine-vton-sync\unique_garments_clean_vton_matrix\02_extreme_thermal_parka_hurtta_red\golden\00015_clean_tryon.png
145,Extreme Thermal Parka,Hurtta Extreme Warmer (Lingonberry Red),02_extreme_thermal_parka_hurtta_red,00016,Golden Retriever,77.9,64.8,66.4,M,1.039,Good Fit,D:\3d-canine-vton-sync\unique_garments_clean_vton_matrix\02_extreme_thermal_parka_hurtta_red\golden\00016_clean_tryon.png
146,Extreme Thermal Parka,Hurtta Extreme Warmer (Lingonberry Red),02_extreme_thermal_parka_hurtta_red,00017,Golden Retriever,157.2,45.5,67.1,XL,1.588,Tight,D:\3d-canine-vton-sync\unique_garments_clean_vton_matrix\02_extreme_thermal_parka_hurtta_red\golden\00017_clean_tryon.png
147,Extreme Thermal Parka,Hurtta Extreme Warmer (Lingonberry Red),02_extreme_thermal_parka_hurtta_red,00018,Golden Retriever,96.8,59.8,78.3,XL,0.978,Good Fit,D:\3d-canine-vton-sync\unique_garments_clean_vton_matrix\02_extreme_thermal_parka_hurtta_red\golden\00018_clean_tryon.png
148,Extreme Thermal Parka,Hurtta Extreme Warmer (Lingonberry Red),02_extreme_thermal_parka_hurtta_red,00019,Golden Retriever,83.5,52.3,71.8,L,0.971,Good Fit,D:\3d-canine-vton-sync\unique_garments_clean_vton_matrix\02_extreme_thermal_parka_hurtta_red\golden\00019_clean_tryon.png
149,Extreme Thermal Parka,Hurtta Extreme Warmer (Lingonberry Red),02_extreme_thermal_parka_hurtta_red,00020,Golden Retriever,105.1,45.1,68.2,XL,1.062,Good Fit,D:\3d-canine-vton-sync\unique_garments_clean_vton_matrix\02_extreme_thermal_parka_hurtta_red\golden\00020_clean_tryon.png
150,Extreme Thermal Parka,Hurtta Extreme Warmer (Lingonberry Red),02_extreme_thermal_parka_hurtta_red,00021,Golden Retriever,85.2,47.6,68.2,L,0.991,Good Fit,D:\3d-canine-vton-sync\unique_garments_clean_vton_matrix\02_extreme_thermal_parka_hurtta_red\golden\00021_clean_tryon.png
151,Extreme Thermal Parka,Hurtta Extreme Warmer (Lingonberry Red),02_extreme_thermal_parka_hurtta_red,00022,Golden Retriever,83.6,52.9,59.1,L,0.972,Good Fit,D:\3d-canine-vton-sync\unique_garments_clean_vton_matrix\02_extreme_thermal_parka_hurtta_red\golden\00022_clean_tryon.png
152,Extreme Thermal Parka,Hurtta Extreme Warmer (Lingonberry Red),02_extreme_thermal_parka_hurtta_red,00023,Golden Retriever,85.9,87.8,66.0,L,0.999,Good Fit,D:\3d-canine-vton-sync\unique_garments_clean_vton_matrix\02_extreme_thermal_parka_hurtta_red\golden\00023_clean_tryon.png
153,Extreme Thermal Parka,Hurtta Extreme Warmer (Lingonberry Red),02_extreme_thermal_parka_hurtta_red,00024,Golden Retriever,93.4,48.2,68.2,XL,0.943,Good Fit,D:\3d-canine-vton-sync\unique_garments_clean_vton_matrix\02_extreme_thermal_parka_hurtta_red\golden\00024_clean_tryon.png
154,Extreme Thermal Parka,Hurtta Extreme Warmer (Lingonberry Red),02_extreme_thermal_parka_hurtta_red,00025,Golden Retriever,93.3,123.9,64.3,XL,0.942,Good Fit,D:\3d-canine-vton-sync\unique_garments_clean_vton_matrix\02_extreme_thermal_parka_hurtta_red\golden\00025_clean_tryon.png
155,Extreme Thermal Parka,Hurtta Extreme Warmer (Lingonberry Red),02_extreme_thermal_parka_hurtta_red,00026,Golden Retriever,91.5,50.4,71.0,L,1.064,Tight,D:\3d-canine-vton-sync\unique_garments_clean_vton_matrix\02_extreme_thermal_parka_hurtta_red\golden\00026_clean_tryon.png
156,Extreme Thermal Parka,Hurtta Extreme Warmer (Lingonberry Red),02_extreme_thermal_parka_hurtta_red,00027,Golden Retriever,86.4,55.1,59.4,L,1.005,Good Fit,D:\3d-canine-vton-sync\unique_garments_clean_vton_matrix\02_extreme_thermal_parka_hurtta_red\golden\00027_clean_tryon.png
157,Extreme Thermal Parka,Hurtta Extreme Warmer (Lingonberry Red),02_extreme_thermal_parka_hurtta_red,00028,Golden Retriever,88.3,42.7,77.2,L,1.027,Good Fit,D:\3d-canine-vton-sync\unique_garments_clean_vton_matrix\02_extreme_thermal_parka_hurtta_red\golden\00028_clean_tryon.png
158,Extreme Thermal Parka,Hurtta Extreme Warmer (Lingonberry Red),02_extreme_thermal_parka_hurtta_red,00029,Golden Retriever,148.2,35.3,57.3,XL,1.497,Tight,D:\3d-canine-vton-sync\unique_garments_clean_vton_matrix\02_extreme_thermal_parka_hurtta_red\golden\00029_clean_tryon.png
159,Extreme Thermal Parka,Hurtta Extreme Warmer (Lingonberry Red),02_extreme_thermal_parka_hurtta_red,00030,Golden Retriever,95.9,63.2,83.3,XL,0.969,Good Fit,D:\3d-canine-vton-sync\unique_garments_clean_vton_matrix\02_extreme_thermal_parka_hurtta_red\golden\00030_clean_tryon.png
160,Extreme Thermal Parka,Hurtta Extreme Warmer (Lingonberry Red),02_extreme_thermal_parka_hurtta_red,00031,Golden Retriever,90.2,37.9,60.4,L,1.049,Good Fit,D:\3d-canine-vton-sync\unique_garments_clean_vton_matrix\02_extreme_thermal_parka_hurtta_red\golden\00031_clean_tryon.png
161,Extreme Thermal Parka,Hurtta Extreme Warmer (Lingonberry Red),02_extreme_thermal_parka_hurtta_red,00032,Golden Retriever,82.8,23.7,59.4,L,0.963,Good Fit,D:\3d-canine-vton-sync\unique_garments_clean_vton_matrix\02_extreme_thermal_parka_hurtta_red\golden\00032_clean_tryon.png
162,Extreme Thermal Parka,Hurtta Extreme Warmer (Lingonberry Red),02_extreme_thermal_parka_hurtta_red,00033,Golden Retriever,104.3,58.8,80.9,XL,1.054,Good Fit,D:\3d-canine-vton-sync\unique_garments_clean_vton_matrix\02_extreme_thermal_parka_hurtta_red\golden\00033_clean_tryon.png
163,Extreme Thermal Parka,Hurtta Extreme Warmer (Lingonberry Red),02_extreme_thermal_parka_hurtta_red,00034,Golden Retriever,93.3,59.6,80.0,XL,0.942,Good Fit,D:\3d-canine-vton-sync\unique_garments_clean_vton_matrix\02_extreme_thermal_parka_hurtta_red\golden\00034_clean_tryon.png
164,Extreme Thermal Parka,Hurtta Extreme Warmer (Lingonberry Red),02_extreme_thermal_parka_hurtta_red,00035,Golden Retriever,100.0,111.8,85.9,XL,1.01,Good Fit,D:\3d-canine-vton-sync\unique_garments_clean_vton_matrix\02_extreme_thermal_parka_hurtta_red\golden\00035_clean_tryon.png
165,Extreme Thermal Parka,Hurtta Extreme Warmer (Lingonberry Red),02_extreme_thermal_parka_hurtta_red,00036,Golden Retriever,134.9,112.0,85.8,XL,1.363,Tight,D:\3d-canine-vton-sync\unique_garments_clean_vton_matrix\02_extreme_thermal_parka_hurtta_red\golden\00036_clean_tryon.png
166,Extreme Thermal Parka,Hurtta Extreme Warmer (Lingonberry Red),02_extreme_thermal_parka_hurtta_red,00037,Golden Retriever,93.7,19.9,60.5,XL,0.946,Good Fit,D:\3d-canine-vton-sync\unique_garments_clean_vton_matrix\02_extreme_thermal_parka_hurtta_red\golden\00037_clean_tryon.png
167,Extreme Thermal Parka,Hurtta Extreme Warmer (Lingonberry Red),02_extreme_thermal_parka_hurtta_red,00038,Golden Retriever,86.3,60.0,74.4,L,1.003,Good Fit,D:\3d-canine-vton-sync\unique_garments_clean_vton_matrix\02_extreme_thermal_parka_hurtta_red\golden\00038_clean_tryon.png
168,Extreme Thermal Parka,Hurtta Extreme Warmer (Lingonberry Red),02_extreme_thermal_parka_hurtta_red,00039,Golden Retriever,87.4,49.1,69.4,L,1.016,Good Fit,D:\3d-canine-vton-sync\unique_garments_clean_vton_matrix\02_extreme_thermal_parka_hurtta_red\golden\00039_clean_tryon.png
169,Extreme Thermal Parka,Hurtta Extreme Warmer (Lingonberry Red),02_extreme_thermal_parka_hurtta_red,00040,Golden Retriever,100.0,61.8,77.9,XL,1.01,Good Fit,D:\3d-canine-vton-sync\unique_garments_clean_vton_matrix\02_extreme_thermal_parka_hurtta_red\golden\00040_clean_tryon.png
170,Extreme Thermal Parka,Hurtta Extreme Warmer (Lingonberry Red),02_extreme_thermal_parka_hurtta_red,00041,Golden Retriever,95.3,139.9,87.9,XL,0.963,Good Fit,D:\3d-canine-vton-sync\unique_garments_clean_vton_matrix\02_extreme_thermal_parka_hurtta_red\golden\00041_clean_tryon.png
171,Extreme Thermal Parka,Hurtta Extreme Warmer (Lingonberry Red),02_extreme_thermal_parka_hurtta_red,00042,Golden Retriever,81.8,53.3,62.4,L,0.951,Good Fit,D:\3d-canine-vton-sync\unique_garments_clean_vton_matrix\02_extreme_thermal_parka_hurtta_red\golden\00042_clean_tryon.png
172,Extreme Thermal Parka,Hurtta Extreme Warmer (Lingonberry Red),02_extreme_thermal_parka_hurtta_red,00043,Golden Retriever,119.0,48.9,78.6,XL,1.202,Tight,D:\3d-canine-vton-sync\unique_garments_clean_vton_matrix\02_extreme_thermal_parka_hurtta_red\golden\00043_clean_tryon.png
173,Extreme Thermal Parka,Hurtta Extreme Warmer (Lingonberry Red),02_extreme_thermal_parka_hurtta_red,00044,Golden Retriever,82.3,54.2,73.3,L,0.957,Good Fit,D:\3d-canine-vton-sync\unique_garments_clean_vton_matrix\02_extreme_thermal_parka_hurtta_red\golden\00044_clean_tryon.png
174,Extreme Thermal Parka,Hurtta Extreme Warmer (Lingonberry Red),02_extreme_thermal_parka_hurtta_red,00045,Golden Retriever,88.9,135.7,90.6,L,1.034,Good Fit,D:\3d-canine-vton-sync\unique_garments_clean_vton_matrix\02_extreme_thermal_parka_hurtta_red\golden\00045_clean_tryon.png
175,Extreme Thermal Parka,Hurtta Extreme Warmer (Lingonberry Red),02_extreme_thermal_parka_hurtta_red,00046,Golden Retriever,118.5,66.7,69.4,XL,1.197,Tight,D:\3d-canine-vton-sync\unique_garments_clean_vton_matrix\02_extreme_thermal_parka_hurtta_red\golden\00046_clean_tryon.png
176,Extreme Thermal Parka,Hurtta Extreme Warmer (Lingonberry Red),02_extreme_thermal_parka_hurtta_red,00047,Golden Retriever,71.5,42.7,59.7,M,0.953,Good Fit,D:\3d-canine-vton-sync\unique_garments_clean_vton_matrix\02_extreme_thermal_parka_hurtta_red\golden\00047_clean_tryon.png
177,Extreme Thermal Parka,Hurtta Extreme Warmer (Lingonberry Red),02_extreme_thermal_parka_hurtta_red,00048,Golden Retriever,100.3,55.9,83.0,XL,1.013,Good Fit,D:\3d-canine-vton-sync\unique_garments_clean_vton_matrix\02_extreme_thermal_parka_hurtta_red\golden\00048_clean_tryon.png
178,Extreme Thermal Parka,Hurtta Extreme Warmer (Lingonberry Red),02_extreme_thermal_parka_hurtta_red,00049,Golden Retriever,116.7,56.3,74.7,XL,1.179,Tight,D:\3d-canine-vton-sync\unique_garments_clean_vton_matrix\02_extreme_thermal_parka_hurtta_red\golden\00049_clean_tryon.png
179,Extreme Thermal Parka,Hurtta Extreme Warmer (Lingonberry Red),02_extreme_thermal_parka_hurtta_red,00050,Golden Retriever,90.7,52.9,72.1,L,1.055,Good Fit,D:\3d-canine-vton-sync\unique_garments_clean_vton_matrix\02_extreme_thermal_parka_hurtta_red\golden\00050_clean_tryon.png
180,Extreme Thermal Parka,Hurtta Extreme Warmer (Lingonberry Red),02_extreme_thermal_parka_hurtta_red,00051,Golden Retriever,95.4,49.5,61.6,XL,0.964,Good Fit,D:\3d-canine-vton-sync\unique_garments_clean_vton_matrix\02_extreme_thermal_parka_hurtta_red\golden\00051_clean_tryon.png
181,Extreme Thermal Parka,Hurtta Extreme Warmer (Lingonberry Red),02_extreme_thermal_parka_hurtta_red,00052,Golden Retriever,96.7,48.3,70.0,XL,0.977,Good Fit,D:\3d-canine-vton-sync\unique_garments_clean_vton_matrix\02_extreme_thermal_parka_hurtta_red\golden\00052_clean_tryon.png
182,Extreme Thermal Parka,Hurtta Extreme Warmer (Lingonberry Red),02_extreme_thermal_parka_hurtta_red,00053,Golden Retriever,87.1,109.0,68.4,L,1.013,Good Fit,D:\3d-canine-vton-sync\unique_garments_clean_vton_matrix\02_extreme_thermal_parka_hurtta_red\golden\00053_clean_tryon.png
183,Extreme Thermal Parka,Hurtta Extreme Warmer (Lingonberry Red),02_extreme_thermal_parka_hurtta_red,00054,Golden Retriever,99.1,52.7,72.6,XL,1.001,Good Fit,D:\3d-canine-vton-sync\unique_garments_clean_vton_matrix\02_extreme_thermal_parka_hurtta_red\golden\00054_clean_tryon.png
184,Extreme Thermal Parka,Hurtta Extreme Warmer (Lingonberry Red),02_extreme_thermal_parka_hurtta_red,00055,Golden Retriever,91.3,23.9,79.0,L,1.062,Tight,D:\3d-canine-vton-sync\unique_garments_clean_vton_matrix\02_extreme_thermal_parka_hurtta_red\golden\00055_clean_tryon.png
185,Extreme Thermal Parka,Hurtta Extreme Warmer (Lingonberry Red),02_extreme_thermal_parka_hurtta_red,00056,Golden Retriever,102.4,57.5,80.0,XL,1.034,Good Fit,D:\3d-canine-vton-sync\unique_garments_clean_vton_matrix\02_extreme_thermal_parka_hurtta_red\golden\00056_clean_tryon.png
186,Extreme Thermal Parka,Hurtta Extreme Warmer (Lingonberry Red),02_extreme_thermal_parka_hurtta_red,00057,Golden Retriever,81.8,46.1,62.1,L,0.951,Good Fit,D:\3d-canine-vton-sync\unique_garments_clean_vton_matrix\02_extreme_thermal_parka_hurtta_red\golden\00057_clean_tryon.png
187,Extreme Thermal Parka,Hurtta Extreme Warmer (Lingonberry Red),02_extreme_thermal_parka_hurtta_red,00058,Golden Retriever,65.5,56.7,76.8,S,1.048,Good Fit,D:\3d-canine-vton-sync\unique_garments_clean_vton_matrix\02_extreme_thermal_parka_hurtta_red\golden\00058_clean_tryon.png
188,Extreme Thermal Parka,Hurtta Extreme Warmer (Lingonberry Red),02_extreme_thermal_parka_hurtta_red,00059,Golden Retriever,87.6,42.4,71.2,L,1.019,Good Fit,D:\3d-canine-vton-sync\unique_garments_clean_vton_matrix\02_extreme_thermal_parka_hurtta_red\golden\00059_clean_tryon.png
189,Extreme Thermal Parka,Hurtta Extreme Warmer (Lingonberry Red),02_extreme_thermal_parka_hurtta_red,00060,Golden Retriever,85.0,56.6,76.2,L,0.988,Good Fit,D:\3d-canine-vton-sync\unique_garments_clean_vton_matrix\02_extreme_thermal_parka_hurtta_red\golden\00060_clean_tryon.png
190,Extreme Thermal Parka,Hurtta Extreme Warmer (Lingonberry Red),02_extreme_thermal_parka_hurtta_red,00061,Golden Retriever,91.8,56.1,84.7,L,1.067,Tight,D:\3d-canine-vton-sync\unique_garments_clean_vton_matrix\02_extreme_thermal_parka_hurtta_red\golden\00061_clean_tryon.png
191,Extreme Thermal Parka,Hurtta Extreme Warmer (Lingonberry Red),02_extreme_thermal_parka_hurtta_red,00062,Golden Retriever,100.5,61.8,84.4,XL,1.015,Good Fit,D:\3d-canine-vton-sync\unique_garments_clean_vton_matrix\02_extreme_thermal_parka_hurtta_red\golden\00062_clean_tryon.png
192,Extreme Thermal Parka,Hurtta Extreme Warmer (Lingonberry Red),02_extreme_thermal_parka_hurtta_red,00063,Golden Retriever,94.1,21.1,78.4,XL,0.951,Good Fit,D:\3d-canine-vton-sync\unique_garments_clean_vton_matrix\02_extreme_thermal_parka_hurtta_red\golden\00063_clean_tryon.png
193,Extreme Thermal Parka,Hurtta Extreme Warmer (Lingonberry Red),02_extreme_thermal_parka_hurtta_red,00001,Labrador Retriever,85.8,103.0,75.8,L,0.998,Good Fit,D:\3d-canine-vton-sync\unique_garments_clean_vton_matrix\02_extreme_thermal_parka_hurtta_red\labrador\00001_clean_tryon.png
194,Extreme Thermal Parka,Hurtta Extreme Warmer (Lingonberry Red),02_extreme_thermal_parka_hurtta_red,00002,Labrador Retriever,96.8,51.5,67.9,XL,0.978,Good Fit,D:\3d-canine-vton-sync\unique_garments_clean_vton_matrix\02_extreme_thermal_parka_hurtta_red\labrador\00002_clean_tryon.png
195,Extreme Thermal Parka,Hurtta Extreme Warmer (Lingonberry Red),02_extreme_thermal_parka_hurtta_red,00003,Labrador Retriever,97.9,54.3,64.1,XL,0.989,Good Fit,D:\3d-canine-vton-sync\unique_garments_clean_vton_matrix\02_extreme_thermal_parka_hurtta_red\labrador\00003_clean_tryon.png
196,Extreme Thermal Parka,Hurtta Extreme Warmer (Lingonberry Red),02_extreme_thermal_parka_hurtta_red,00004,Labrador Retriever,91.8,52.7,75.8,L,1.067,Tight,D:\3d-canine-vton-sync\unique_garments_clean_vton_matrix\02_extreme_thermal_parka_hurtta_red\labrador\00004_clean_tryon.png
197,Extreme Thermal Parka,Hurtta Extreme Warmer (Lingonberry Red),02_extreme_thermal_parka_hurtta_red,00005,Labrador Retriever,76.7,47.6,68.4,M,1.023,Good Fit,D:\3d-canine-vton-sync\unique_garments_clean_vton_matrix\02_extreme_thermal_parka_hurtta_red\labrador\00005_clean_tryon.png
198,Extreme Thermal Parka,Hurtta Extreme Warmer (Lingonberry Red),02_extreme_thermal_parka_hurtta_red,00006,Labrador Retriever,88.8,7.8,60.8,L,1.033,Good Fit,D:\3d-canine-vton-sync\unique_garments_clean_vton_matrix\02_extreme_thermal_parka_hurtta_red\labrador\00006_clean_tryon.png
199,Extreme Thermal Parka,Hurtta Extreme Warmer (Lingonberry Red),02_extreme_thermal_parka_hurtta_red,00007,Labrador Retriever,80.8,52.3,69.1,L,0.94,Loose,D:\3d-canine-vton-sync\unique_garments_clean_vton_matrix\02_extreme_thermal_parka_hurtta_red\labrador\00007_clean_tryon.png
200,Extreme Thermal Parka,Hurtta Extreme Warmer (Lingonberry Red),02_extreme_thermal_parka_hurtta_red,00008,Labrador Retriever,78.7,21.2,89.4,M,1.049,Good Fit,D:\3d-canine-vton-sync\unique_garments_clean_vton_matrix\02_extreme_thermal_parka_hurtta_red\labrador\00008_clean_tryon.png
201,Extreme Thermal Parka,Hurtta Extreme Warmer (Lingonberry Red),02_extreme_thermal_parka_hurtta_red,00009,Labrador Retriever,92.6,42.5,66.8,XL,0.935,Good Fit,D:\3d-canine-vton-sync\unique_garments_clean_vton_matrix\02_extreme_thermal_parka_hurtta_red\labrador\00009_clean_tryon.png
202,Extreme Thermal Parka,Hurtta Extreme Warmer (Lingonberry Red),02_extreme_thermal_parka_hurtta_red,00010,Labrador Retriever,134.5,51.0,68.2,XL,1.359,Tight,D:\3d-canine-vton-sync\unique_garments_clean_vton_matrix\02_extreme_thermal_parka_hurtta_red\labrador\00010_clean_tryon.png
203,Extreme Thermal Parka,Hurtta Extreme Warmer (Lingonberry Red),02_extreme_thermal_parka_hurtta_red,00011,Labrador Retriever,99.0,61.2,80.3,XL,1.0,Good Fit,D:\3d-canine-vton-sync\unique_garments_clean_vton_matrix\02_extreme_thermal_parka_hurtta_red\labrador\00011_clean_tryon.png
204,Extreme Thermal Parka,Hurtta Extreme Warmer (Lingonberry Red),02_extreme_thermal_parka_hurtta_red,00012,Labrador Retriever,94.6,59.4,79.9,XL,0.956,Good Fit,D:\3d-canine-vton-sync\unique_garments_clean_vton_matrix\02_extreme_thermal_parka_hurtta_red\labrador\00012_clean_tryon.png
205,Extreme Thermal Parka,Hurtta Extreme Warmer (Lingonberry Red),02_extreme_thermal_parka_hurtta_red,00013,Labrador Retriever,91.4,39.6,51.1,L,1.063,Tight,D:\3d-canine-vton-sync\unique_garments_clean_vton_matrix\02_extreme_thermal_parka_hurtta_red\labrador\00013_clean_tryon.png
206,Extreme Thermal Parka,Hurtta Extreme Warmer (Lingonberry Red),02_extreme_thermal_parka_hurtta_red,00014,Labrador Retriever,89.7,49.6,81.1,L,1.043,Good Fit,D:\3d-canine-vton-sync\unique_garments_clean_vton_matrix\02_extreme_thermal_parka_hurtta_red\labrador\00014_clean_tryon.png
207,Extreme Thermal Parka,Hurtta Extreme Warmer (Lingonberry Red),02_extreme_thermal_parka_hurtta_red,00015,Labrador Retriever,113.0,50.4,71.4,XL,1.141,Tight,D:\3d-canine-vton-sync\unique_garments_clean_vton_matrix\02_extreme_thermal_parka_hurtta_red\labrador\00015_clean_tryon.png
208,Extreme Thermal Parka,Hurtta Extreme Warmer (Lingonberry Red),02_extreme_thermal_parka_hurtta_red,00016,Labrador Retriever,96.5,58.5,76.9,XL,0.975,Good Fit,D:\3d-canine-vton-sync\unique_garments_clean_vton_matrix\02_extreme_thermal_parka_hurtta_red\labrador\00016_clean_tryon.png
209,Extreme Thermal Parka,Hurtta Extreme Warmer (Lingonberry Red),02_extreme_thermal_parka_hurtta_red,00017,Labrador Retriever,97.2,60.1,80.4,XL,0.982,Good Fit,D:\3d-canine-vton-sync\unique_garments_clean_vton_matrix\02_extreme_thermal_parka_hurtta_red\labrador\00017_clean_tryon.png
210,Extreme Thermal Parka,Hurtta Extreme Warmer (Lingonberry Red),02_extreme_thermal_parka_hurtta_red,00018,Labrador Retriever,94.9,62.0,80.2,XL,0.959,Good Fit,D:\3d-canine-vton-sync\unique_garments_clean_vton_matrix\02_extreme_thermal_parka_hurtta_red\labrador\00018_clean_tryon.png
211,Extreme Thermal Parka,Hurtta Extreme Warmer (Lingonberry Red),02_extreme_thermal_parka_hurtta_red,00019,Labrador Retriever,96.8,39.5,70.6,XL,0.978,Good Fit,D:\3d-canine-vton-sync\unique_garments_clean_vton_matrix\02_extreme_thermal_parka_hurtta_red\labrador\00019_clean_tryon.png
212,Extreme Thermal Parka,Hurtta Extreme Warmer (Lingonberry Red),02_extreme_thermal_parka_hurtta_red,00020,Labrador Retriever,86.3,55.5,68.4,L,1.003,Good Fit,D:\3d-canine-vton-sync\unique_garments_clean_vton_matrix\02_extreme_thermal_parka_hurtta_red\labrador\00020_clean_tryon.png
213,Extreme Thermal Parka,Hurtta Extreme Warmer (Lingonberry Red),02_extreme_thermal_parka_hurtta_red,00021,Labrador Retriever,92.9,18.4,68.3,XL,0.938,Good Fit,D:\3d-canine-vton-sync\unique_garments_clean_vton_matrix\02_extreme_thermal_parka_hurtta_red\labrador\00021_clean_tryon.png
214,Extreme Thermal Parka,Hurtta Extreme Warmer (Lingonberry Red),02_extreme_thermal_parka_hurtta_red,00022,Labrador Retriever,85.8,48.4,69.8,L,0.998,Good Fit,D:\3d-canine-vton-sync\unique_garments_clean_vton_matrix\02_extreme_thermal_parka_hurtta_red\labrador\00022_clean_tryon.png
215,Extreme Thermal Parka,Hurtta Extreme Warmer (Lingonberry Red),02_extreme_thermal_parka_hurtta_red,00023,Labrador Retriever,89.7,128.9,63.7,L,1.043,Good Fit,D:\3d-canine-vton-sync\unique_garments_clean_vton_matrix\02_extreme_thermal_parka_hurtta_red\labrador\00023_clean_tryon.png
216,Extreme Thermal Parka,Hurtta Extreme Warmer (Lingonberry Red),02_extreme_thermal_parka_hurtta_red,00024,Labrador Retriever,90.7,55.2,73.1,L,1.055,Good Fit,D:\3d-canine-vton-sync\unique_garments_clean_vton_matrix\02_extreme_thermal_parka_hurtta_red\labrador\00024_clean_tryon.png
217,Extreme Thermal Parka,Hurtta Extreme Warmer (Lingonberry Red),02_extreme_thermal_parka_hurtta_red,00025,Labrador Retriever,101.2,40.0,69.1,XL,1.022,Good Fit,D:\3d-canine-vton-sync\unique_garments_clean_vton_matrix\02_extreme_thermal_parka_hurtta_red\labrador\00025_clean_tryon.png
218,Extreme Thermal Parka,Hurtta Extreme Warmer (Lingonberry Red),02_extreme_thermal_parka_hurtta_red,00026,Labrador Retriever,91.5,53.6,72.3,L,1.064,Tight,D:\3d-canine-vton-sync\unique_garments_clean_vton_matrix\02_extreme_thermal_parka_hurtta_red\labrador\00026_clean_tryon.png
219,Extreme Thermal Parka,Hurtta Extreme Warmer (Lingonberry Red),02_extreme_thermal_parka_hurtta_red,00027,Labrador Retriever,86.5,51.0,72.4,L,1.006,Good Fit,D:\3d-canine-vton-sync\unique_garments_clean_vton_matrix\02_extreme_thermal_parka_hurtta_red\labrador\00027_clean_tryon.png
220,Extreme Thermal Parka,Hurtta Extreme Warmer (Lingonberry Red),02_extreme_thermal_parka_hurtta_red,00028,Labrador Retriever,85.5,53.9,79.5,L,0.994,Good Fit,D:\3d-canine-vton-sync\unique_garments_clean_vton_matrix\02_extreme_thermal_parka_hurtta_red\labrador\00028_clean_tryon.png
221,Extreme Thermal Parka,Hurtta Extreme Warmer (Lingonberry Red),02_extreme_thermal_parka_hurtta_red,00029,Labrador Retriever,96.8,53.0,71.2,XL,0.978,Good Fit,D:\3d-canine-vton-sync\unique_garments_clean_vton_matrix\02_extreme_thermal_parka_hurtta_red\labrador\00029_clean_tryon.png
222,Extreme Thermal Parka,Hurtta Extreme Warmer (Lingonberry Red),02_extreme_thermal_parka_hurtta_red,00030,Labrador Retriever,107.4,36.1,62.3,XL,1.085,Tight,D:\3d-canine-vton-sync\unique_garments_clean_vton_matrix\02_extreme_thermal_parka_hurtta_red\labrador\00030_clean_tryon.png
223,Extreme Thermal Parka,Hurtta Extreme Warmer (Lingonberry Red),02_extreme_thermal_parka_hurtta_red,00031,Labrador Retriever,87.7,60.9,81.0,L,1.02,Good Fit,D:\3d-canine-vton-sync\unique_garments_clean_vton_matrix\02_extreme_thermal_parka_hurtta_red\labrador\00031_clean_tryon.png
224,Extreme Thermal Parka,Hurtta Extreme Warmer (Lingonberry Red),02_extreme_thermal_parka_hurtta_red,00032,Labrador Retriever,80.4,53.9,59.5,M,1.072,Good Fit,D:\3d-canine-vton-sync\unique_garments_clean_vton_matrix\02_extreme_thermal_parka_hurtta_red\labrador\00032_clean_tryon.png
225,Extreme Thermal Parka,Hurtta Extreme Warmer (Lingonberry Red),02_extreme_thermal_parka_hurtta_red,00033,Labrador Retriever,93.7,58.3,78.9,XL,0.946,Good Fit,D:\3d-canine-vton-sync\unique_garments_clean_vton_matrix\02_extreme_thermal_parka_hurtta_red\labrador\00033_clean_tryon.png
226,Extreme Thermal Parka,Hurtta Extreme Warmer (Lingonberry Red),02_extreme_thermal_parka_hurtta_red,00034,Labrador Retriever,86.9,64.7,74.5,L,1.01,Good Fit,D:\3d-canine-vton-sync\unique_garments_clean_vton_matrix\02_extreme_thermal_parka_hurtta_red\labrador\00034_clean_tryon.png
227,Extreme Thermal Parka,Hurtta Extreme Warmer (Lingonberry Red),02_extreme_thermal_parka_hurtta_red,00035,Labrador Retriever,86.9,59.8,81.9,L,1.01,Good Fit,D:\3d-canine-vton-sync\unique_garments_clean_vton_matrix\02_extreme_thermal_parka_hurtta_red\labrador\00035_clean_tryon.png
228,Extreme Thermal Parka,Hurtta Extreme Warmer (Lingonberry Red),02_extreme_thermal_parka_hurtta_red,00036,Labrador Retriever,119.4,53.7,53.5,XL,1.206,Tight,D:\3d-canine-vton-sync\unique_garments_clean_vton_matrix\02_extreme_thermal_parka_hurtta_red\labrador\00036_clean_tryon.png
229,Extreme Thermal Parka,Hurtta Extreme Warmer (Lingonberry Red),02_extreme_thermal_parka_hurtta_red,00037,Labrador Retriever,81.2,41.0,64.0,L,0.944,Good Fit,D:\3d-canine-vton-sync\unique_garments_clean_vton_matrix\02_extreme_thermal_parka_hurtta_red\labrador\00037_clean_tryon.png
230,Extreme Thermal Parka,Hurtta Extreme Warmer (Lingonberry Red),02_extreme_thermal_parka_hurtta_red,00038,Labrador Retriever,92.5,52.6,81.2,L,1.076,Tight,D:\3d-canine-vton-sync\unique_garments_clean_vton_matrix\02_extreme_thermal_parka_hurtta_red\labrador\00038_clean_tryon.png
231,Extreme Thermal Parka,Hurtta Extreme Warmer (Lingonberry Red),02_extreme_thermal_parka_hurtta_red,00039,Labrador Retriever,114.3,62.5,69.1,XL,1.155,Tight,D:\3d-canine-vton-sync\unique_garments_clean_vton_matrix\02_extreme_thermal_parka_hurtta_red\labrador\00039_clean_tryon.png
232,Extreme Thermal Parka,Hurtta Extreme Warmer (Lingonberry Red),02_extreme_thermal_parka_hurtta_red,00040,Labrador Retriever,137.7,53.5,64.7,XL,1.391,Tight,D:\3d-canine-vton-sync\unique_garments_clean_vton_matrix\02_extreme_thermal_parka_hurtta_red\labrador\00040_clean_tryon.png
233,Extreme Thermal Parka,Hurtta Extreme Warmer (Lingonberry Red),02_extreme_thermal_parka_hurtta_red,00041,Labrador Retriever,93.3,49.7,70.2,XL,0.942,Good Fit,D:\3d-canine-vton-sync\unique_garments_clean_vton_matrix\02_extreme_thermal_parka_hurtta_red\labrador\00041_clean_tryon.png
234,Extreme Thermal Parka,Hurtta Extreme Warmer (Lingonberry Red),02_extreme_thermal_parka_hurtta_red,00042,Labrador Retriever,94.3,57.8,72.1,XL,0.953,Good Fit,D:\3d-canine-vton-sync\unique_garments_clean_vton_matrix\02_extreme_thermal_parka_hurtta_red\labrador\00042_clean_tryon.png
235,Extreme Thermal Parka,Hurtta Extreme Warmer (Lingonberry Red),02_extreme_thermal_parka_hurtta_red,00043,Labrador Retriever,87.5,44.9,66.9,L,1.017,Good Fit,D:\3d-canine-vton-sync\unique_garments_clean_vton_matrix\02_extreme_thermal_parka_hurtta_red\labrador\00043_clean_tryon.png
236,Extreme Thermal Parka,Hurtta Extreme Warmer (Lingonberry Red),02_extreme_thermal_parka_hurtta_red,00044,Labrador Retriever,86.2,50.6,70.4,L,1.002,Good Fit,D:\3d-canine-vton-sync\unique_garments_clean_vton_matrix\02_extreme_thermal_parka_hurtta_red\labrador\00044_clean_tryon.png
237,Extreme Thermal Parka,Hurtta Extreme Warmer (Lingonberry Red),02_extreme_thermal_parka_hurtta_red,00045,Labrador Retriever,89.4,59.5,74.2,L,1.04,Good Fit,D:\3d-canine-vton-sync\unique_garments_clean_vton_matrix\02_extreme_thermal_parka_hurtta_red\labrador\00045_clean_tryon.png
238,Extreme Thermal Parka,Hurtta Extreme Warmer (Lingonberry Red),02_extreme_thermal_parka_hurtta_red,00046,Labrador Retriever,88.2,56.7,72.7,L,1.026,Good Fit,D:\3d-canine-vton-sync\unique_garments_clean_vton_matrix\02_extreme_thermal_parka_hurtta_red\labrador\00046_clean_tryon.png
239,Extreme Thermal Parka,Hurtta Extreme Warmer (Lingonberry Red),02_extreme_thermal_parka_hurtta_red,00047,Labrador Retriever,152.2,57.6,78.6,XL,1.537,Tight,D:\3d-canine-vton-sync\unique_garments_clean_vton_matrix\02_extreme_thermal_parka_hurtta_red\labrador\00047_clean_tryon.png
240,Extreme Thermal Parka,Hurtta Extreme Warmer (Lingonberry Red),02_extreme_thermal_parka_hurtta_red,00048,Labrador Retriever,99.6,45.4,65.3,XL,1.006,Good Fit,D:\3d-canine-vton-sync\unique_garments_clean_vton_matrix\02_extreme_thermal_parka_hurtta_red\labrador\00048_clean_tryon.png
241,Extreme Thermal Parka,Hurtta Extreme Warmer (Lingonberry Red),02_extreme_thermal_parka_hurtta_red,00049,Labrador Retriever,98.3,59.8,79.8,XL,0.993,Good Fit,D:\3d-canine-vton-sync\unique_garments_clean_vton_matrix\02_extreme_thermal_parka_hurtta_red\labrador\00049_clean_tryon.png
242,Extreme Thermal Parka,Hurtta Extreme Warmer (Lingonberry Red),02_extreme_thermal_parka_hurtta_red,00050,Labrador Retriever,103.1,51.7,68.5,XL,1.041,Good Fit,D:\3d-canine-vton-sync\unique_garments_clean_vton_matrix\02_extreme_thermal_parka_hurtta_red\labrador\00050_clean_tryon.png
243,Extreme Thermal Parka,Hurtta Extreme Warmer (Lingonberry Red),02_extreme_thermal_parka_hurtta_red,00051,Labrador Retriever,116.7,65.2,71.6,XL,1.179,Tight,D:\3d-canine-vton-sync\unique_garments_clean_vton_matrix\02_extreme_thermal_parka_hurtta_red\labrador\00051_clean_tryon.png
244,Extreme Thermal Parka,Hurtta Extreme Warmer (Lingonberry Red),02_extreme_thermal_parka_hurtta_red,00052,Labrador Retriever,87.2,52.6,68.8,L,1.014,Good Fit,D:\3d-canine-vton-sync\unique_garments_clean_vton_matrix\02_extreme_thermal_parka_hurtta_red\labrador\00052_clean_tryon.png
245,Extreme Thermal Parka,Hurtta Extreme Warmer (Lingonberry Red),02_extreme_thermal_parka_hurtta_red,00053,Labrador Retriever,86.5,61.0,79.5,L,1.006,Good Fit,D:\3d-canine-vton-sync\unique_garments_clean_vton_matrix\02_extreme_thermal_parka_hurtta_red\labrador\00053_clean_tryon.png
246,Extreme Thermal Parka,Hurtta Extreme Warmer (Lingonberry Red),02_extreme_thermal_parka_hurtta_red,00054,Labrador Retriever,95.7,23.8,76.3,XL,0.967,Good Fit,D:\3d-canine-vton-sync\unique_garments_clean_vton_matrix\02_extreme_thermal_parka_hurtta_red\labrador\00054_clean_tryon.png
247,Extreme Thermal Parka,Hurtta Extreme Warmer (Lingonberry Red),02_extreme_thermal_parka_hurtta_red,00055,Labrador Retriever,95.0,135.7,77.7,XL,0.96,Good Fit,D:\3d-canine-vton-sync\unique_garments_clean_vton_matrix\02_extreme_thermal_parka_hurtta_red\labrador\00055_clean_tryon.png
248,Extreme Thermal Parka,Hurtta Extreme Warmer (Lingonberry Red),02_extreme_thermal_parka_hurtta_red,00056,Labrador Retriever,91.6,74.2,65.2,L,1.065,Tight,D:\3d-canine-vton-sync\unique_garments_clean_vton_matrix\02_extreme_thermal_parka_hurtta_red\labrador\00056_clean_tryon.png
249,Extreme Thermal Parka,Hurtta Extreme Warmer (Lingonberry Red),02_extreme_thermal_parka_hurtta_red,00057,Labrador Retriever,96.0,33.2,66.0,XL,0.97,Good Fit,D:\3d-canine-vton-sync\unique_garments_clean_vton_matrix\02_extreme_thermal_parka_hurtta_red\labrador\00057_clean_tryon.png
250,Extreme Thermal Parka,Hurtta Extreme Warmer (Lingonberry Red),02_extreme_thermal_parka_hurtta_red,00058,Labrador Retriever,87.6,40.0,71.6,L,1.019,Good Fit,D:\3d-canine-vton-sync\unique_garments_clean_vton_matrix\02_extreme_thermal_parka_hurtta_red\labrador\00058_clean_tryon.png
251,Extreme Thermal Parka,Hurtta Extreme Warmer (Lingonberry Red),02_extreme_thermal_parka_hurtta_red,00059,Labrador Retriever,101.9,52.4,73.1,XL,1.029,Good Fit,D:\3d-canine-vton-sync\unique_garments_clean_vton_matrix\02_extreme_thermal_parka_hurtta_red\labrador\00059_clean_tryon.png
252,Extreme Thermal Parka,Hurtta Extreme Warmer (Lingonberry Red),02_extreme_thermal_parka_hurtta_red,00060,Labrador Retriever,99.7,135.4,77.9,XL,1.007,Good Fit,D:\3d-canine-vton-sync\unique_garments_clean_vton_matrix\02_extreme_thermal_parka_hurtta_red\labrador\00060_clean_tryon.png
253,Extreme Thermal Parka,Hurtta Extreme Warmer (Lingonberry Red),02_extreme_thermal_parka_hurtta_red,00061,Labrador Retriever,81.2,43.9,61.6,L,0.944,Good Fit,D:\3d-canine-vton-sync\unique_garments_clean_vton_matrix\02_extreme_thermal_parka_hurtta_red\labrador\00061_clean_tryon.png
254,Extreme Thermal Parka,Hurtta Extreme Warmer (Lingonberry Red),02_extreme_thermal_parka_hurtta_red,00062,Labrador Retriever,92.0,51.3,71.7,L,1.07,Tight,D:\3d-canine-vton-sync\unique_garments_clean_vton_matrix\02_extreme_thermal_parka_hurtta_red\labrador\00062_clean_tryon.png
255,Extreme Thermal Parka,Hurtta Extreme Warmer (Lingonberry Red),02_extreme_thermal_parka_hurtta_red,00063,Labrador Retriever,92.4,60.5,73.1,L,1.074,Tight,D:\3d-canine-vton-sync\unique_garments_clean_vton_matrix\02_extreme_thermal_parka_hurtta_red\labrador\00063_clean_tryon.png
256,Extreme Thermal Parka,Hurtta Extreme Warmer (Lingonberry Red),02_extreme_thermal_parka_hurtta_red,00064,Labrador Retriever,91.8,50.6,65.0,L,1.067,Tight,D:\3d-canine-vton-sync\unique_garments_clean_vton_matrix\02_extreme_thermal_parka_hurtta_red\labrador\00064_clean_tryon.png
257,Extreme Thermal Parka,Hurtta Extreme Warmer (Lingonberry Red),02_extreme_thermal_parka_hurtta_red,00065,Labrador Retriever,90.1,55.6,75.5,L,1.048,Good Fit,D:\3d-canine-vton-sync\unique_garments_clean_vton_matrix\02_extreme_thermal_parka_hurtta_red\labrador\00065_clean_tryon.png
258,Extreme Thermal Parka,Hurtta Extreme Warmer (Lingonberry Red),02_extreme_thermal_parka_hurtta_red,00066,Labrador Retriever,85.8,58.4,77.2,L,0.998,Good Fit,D:\3d-canine-vton-sync\unique_garments_clean_vton_matrix\02_extreme_thermal_parka_hurtta_red\labrador\00066_clean_tryon.png
259,All-Day Padded Harness,Ruffwear Front Range Harness (Red),03_all_day_padded_harness_ruffwear_red,00001,Golden Retriever,83.9,61.8,58.5,L,0.976,Good Fit,D:\3d-canine-vton-sync\unique_garments_clean_vton_matrix\03_all_day_padded_harness_ruffwear_red\golden\00001_clean_tryon.png
260,All-Day Padded Harness,Ruffwear Front Range Harness (Red),03_all_day_padded_harness_ruffwear_red,00002,Golden Retriever,102.9,56.7,78.7,XL,1.039,Good Fit,D:\3d-canine-vton-sync\unique_garments_clean_vton_matrix\03_all_day_padded_harness_ruffwear_red\golden\00002_clean_tryon.png
261,All-Day Padded Harness,Ruffwear Front Range Harness (Red),03_all_day_padded_harness_ruffwear_red,00003,Golden Retriever,93.2,47.2,75.4,XL,0.941,Good Fit,D:\3d-canine-vton-sync\unique_garments_clean_vton_matrix\03_all_day_padded_harness_ruffwear_red\golden\00003_clean_tryon.png
262,All-Day Padded Harness,Ruffwear Front Range Harness (Red),03_all_day_padded_harness_ruffwear_red,00004,Golden Retriever,80.0,44.9,68.4,M,1.067,Good Fit,D:\3d-canine-vton-sync\unique_garments_clean_vton_matrix\03_all_day_padded_harness_ruffwear_red\golden\00004_clean_tryon.png
263,All-Day Padded Harness,Ruffwear Front Range Harness (Red),03_all_day_padded_harness_ruffwear_red,00005,Golden Retriever,86.4,44.9,69.1,L,1.005,Good Fit,D:\3d-canine-vton-sync\unique_garments_clean_vton_matrix\03_all_day_padded_harness_ruffwear_red\golden\00005_clean_tryon.png
264,All-Day Padded Harness,Ruffwear Front Range Harness (Red),03_all_day_padded_harness_ruffwear_red,00006,Golden Retriever,80.8,82.9,57.0,L,0.94,Loose,D:\3d-canine-vton-sync\unique_garments_clean_vton_matrix\03_all_day_padded_harness_ruffwear_red\golden\00006_clean_tryon.png
265,All-Day Padded Harness,Ruffwear Front Range Harness (Red),03_all_day_padded_harness_ruffwear_red,00007,Golden Retriever,82.9,41.5,74.2,L,0.964,Good Fit,D:\3d-canine-vton-sync\unique_garments_clean_vton_matrix\03_all_day_padded_harness_ruffwear_red\golden\00007_clean_tryon.png
266,All-Day Padded Harness,Ruffwear Front Range Harness (Red),03_all_day_padded_harness_ruffwear_red,00008,Golden Retriever,91.3,47.8,47.5,L,1.062,Tight,D:\3d-canine-vton-sync\unique_garments_clean_vton_matrix\03_all_day_padded_harness_ruffwear_red\golden\00008_clean_tryon.png
267,All-Day Padded Harness,Ruffwear Front Range Harness (Red),03_all_day_padded_harness_ruffwear_red,00009,Golden Retriever,97.4,42.3,81.7,XL,0.984,Good Fit,D:\3d-canine-vton-sync\unique_garments_clean_vton_matrix\03_all_day_padded_harness_ruffwear_red\golden\00009_clean_tryon.png
268,All-Day Padded Harness,Ruffwear Front Range Harness (Red),03_all_day_padded_harness_ruffwear_red,00010,Golden Retriever,89.5,52.9,66.6,L,1.041,Good Fit,D:\3d-canine-vton-sync\unique_garments_clean_vton_matrix\03_all_day_padded_harness_ruffwear_red\golden\00010_clean_tryon.png
269,All-Day Padded Harness,Ruffwear Front Range Harness (Red),03_all_day_padded_harness_ruffwear_red,00011,Golden Retriever,119.3,50.9,69.8,XL,1.205,Tight,D:\3d-canine-vton-sync\unique_garments_clean_vton_matrix\03_all_day_padded_harness_ruffwear_red\golden\00011_clean_tryon.png
270,All-Day Padded Harness,Ruffwear Front Range Harness (Red),03_all_day_padded_harness_ruffwear_red,00012,Golden Retriever,84.7,58.8,75.3,L,0.985,Good Fit,D:\3d-canine-vton-sync\unique_garments_clean_vton_matrix\03_all_day_padded_harness_ruffwear_red\golden\00012_clean_tryon.png
271,All-Day Padded Harness,Ruffwear Front Range Harness (Red),03_all_day_padded_harness_ruffwear_red,00013,Golden Retriever,89.7,45.7,67.7,L,1.043,Good Fit,D:\3d-canine-vton-sync\unique_garments_clean_vton_matrix\03_all_day_padded_harness_ruffwear_red\golden\00013_clean_tryon.png
272,All-Day Padded Harness,Ruffwear Front Range Harness (Red),03_all_day_padded_harness_ruffwear_red,00014,Golden Retriever,88.2,56.7,76.9,L,1.026,Good Fit,D:\3d-canine-vton-sync\unique_garments_clean_vton_matrix\03_all_day_padded_harness_ruffwear_red\golden\00014_clean_tryon.png
273,All-Day Padded Harness,Ruffwear Front Range Harness (Red),03_all_day_padded_harness_ruffwear_red,00015,Golden Retriever,155.4,46.2,66.0,XL,1.57,Tight,D:\3d-canine-vton-sync\unique_garments_clean_vton_matrix\03_all_day_padded_harness_ruffwear_red\golden\00015_clean_tryon.png
274,All-Day Padded Harness,Ruffwear Front Range Harness (Red),03_all_day_padded_harness_ruffwear_red,00016,Golden Retriever,77.9,64.8,66.4,M,1.039,Good Fit,D:\3d-canine-vton-sync\unique_garments_clean_vton_matrix\03_all_day_padded_harness_ruffwear_red\golden\00016_clean_tryon.png
275,All-Day Padded Harness,Ruffwear Front Range Harness (Red),03_all_day_padded_harness_ruffwear_red,00017,Golden Retriever,157.2,45.5,67.1,XL,1.588,Tight,D:\3d-canine-vton-sync\unique_garments_clean_vton_matrix\03_all_day_padded_harness_ruffwear_red\golden\00017_clean_tryon.png
276,All-Day Padded Harness,Ruffwear Front Range Harness (Red),03_all_day_padded_harness_ruffwear_red,00018,Golden Retriever,96.8,59.8,78.3,XL,0.978,Good Fit,D:\3d-canine-vton-sync\unique_garments_clean_vton_matrix\03_all_day_padded_harness_ruffwear_red\golden\00018_clean_tryon.png
277,All-Day Padded Harness,Ruffwear Front Range Harness (Red),03_all_day_padded_harness_ruffwear_red,00019,Golden Retriever,83.5,52.3,71.8,L,0.971,Good Fit,D:\3d-canine-vton-sync\unique_garments_clean_vton_matrix\03_all_day_padded_harness_ruffwear_red\golden\00019_clean_tryon.png
278,All-Day Padded Harness,Ruffwear Front Range Harness (Red),03_all_day_padded_harness_ruffwear_red,00020,Golden Retriever,105.1,45.1,68.2,XL,1.062,Good Fit,D:\3d-canine-vton-sync\unique_garments_clean_vton_matrix\03_all_day_padded_harness_ruffwear_red\golden\00020_clean_tryon.png
279,All-Day Padded Harness,Ruffwear Front Range Harness (Red),03_all_day_padded_harness_ruffwear_red,00021,Golden Retriever,85.2,47.6,68.2,L,0.991,Good Fit,D:\3d-canine-vton-sync\unique_garments_clean_vton_matrix\03_all_day_padded_harness_ruffwear_red\golden\00021_clean_tryon.png
280,All-Day Padded Harness,Ruffwear Front Range Harness (Red),03_all_day_padded_harness_ruffwear_red,00022,Golden Retriever,83.6,52.9,59.1,L,0.972,Good Fit,D:\3d-canine-vton-sync\unique_garments_clean_vton_matrix\03_all_day_padded_harness_ruffwear_red\golden\00022_clean_tryon.png
281,All-Day Padded Harness,Ruffwear Front Range Harness (Red),03_all_day_padded_harness_ruffwear_red,00023,Golden Retriever,85.9,87.8,66.0,L,0.999,Good Fit,D:\3d-canine-vton-sync\unique_garments_clean_vton_matrix\03_all_day_padded_harness_ruffwear_red\golden\00023_clean_tryon.png
282,All-Day Padded Harness,Ruffwear Front Range Harness (Red),03_all_day_padded_harness_ruffwear_red,00024,Golden Retriever,93.4,48.2,68.2,XL,0.943,Good Fit,D:\3d-canine-vton-sync\unique_garments_clean_vton_matrix\03_all_day_padded_harness_ruffwear_red\golden\00024_clean_tryon.png
283,All-Day Padded Harness,Ruffwear Front Range Harness (Red),03_all_day_padded_harness_ruffwear_red,00025,Golden Retriever,93.3,123.9,64.3,XL,0.942,Good Fit,D:\3d-canine-vton-sync\unique_garments_clean_vton_matrix\03_all_day_padded_harness_ruffwear_red\golden\00025_clean_tryon.png
284,All-Day Padded Harness,Ruffwear Front Range Harness (Red),03_all_day_padded_harness_ruffwear_red,00026,Golden Retriever,91.5,50.4,71.0,L,1.064,Tight,D:\3d-canine-vton-sync\unique_garments_clean_vton_matrix\03_all_day_padded_harness_ruffwear_red\golden\00026_clean_tryon.png
285,All-Day Padded Harness,Ruffwear Front Range Harness (Red),03_all_day_padded_harness_ruffwear_red,00027,Golden Retriever,86.4,55.1,59.4,L,1.005,Good Fit,D:\3d-canine-vton-sync\unique_garments_clean_vton_matrix\03_all_day_padded_harness_ruffwear_red\golden\00027_clean_tryon.png
286,All-Day Padded Harness,Ruffwear Front Range Harness (Red),03_all_day_padded_harness_ruffwear_red,00028,Golden Retriever,88.3,42.7,77.2,L,1.027,Good Fit,D:\3d-canine-vton-sync\unique_garments_clean_vton_matrix\03_all_day_padded_harness_ruffwear_red\golden\00028_clean_tryon.png
287,All-Day Padded Harness,Ruffwear Front Range Harness (Red),03_all_day_padded_harness_ruffwear_red,00029,Golden Retriever,148.2,35.3,57.3,XL,1.497,Tight,D:\3d-canine-vton-sync\unique_garments_clean_vton_matrix\03_all_day_padded_harness_ruffwear_red\golden\00029_clean_tryon.png
288,All-Day Padded Harness,Ruffwear Front Range Harness (Red),03_all_day_padded_harness_ruffwear_red,00030,Golden Retriever,95.9,63.2,83.3,XL,0.969,Good Fit,D:\3d-canine-vton-sync\unique_garments_clean_vton_matrix\03_all_day_padded_harness_ruffwear_red\golden\00030_clean_tryon.png
289,All-Day Padded Harness,Ruffwear Front Range Harness (Red),03_all_day_padded_harness_ruffwear_red,00031,Golden Retriever,90.2,37.9,60.4,L,1.049,Good Fit,D:\3d-canine-vton-sync\unique_garments_clean_vton_matrix\03_all_day_padded_harness_ruffwear_red\golden\00031_clean_tryon.png
290,All-Day Padded Harness,Ruffwear Front Range Harness (Red),03_all_day_padded_harness_ruffwear_red,00032,Golden Retriever,82.8,23.7,59.4,L,0.963,Good Fit,D:\3d-canine-vton-sync\unique_garments_clean_vton_matrix\03_all_day_padded_harness_ruffwear_red\golden\00032_clean_tryon.png
291,All-Day Padded Harness,Ruffwear Front Range Harness (Red),03_all_day_padded_harness_ruffwear_red,00033,Golden Retriever,104.3,58.8,80.9,XL,1.054,Good Fit,D:\3d-canine-vton-sync\unique_garments_clean_vton_matrix\03_all_day_padded_harness_ruffwear_red\golden\00033_clean_tryon.png
292,All-Day Padded Harness,Ruffwear Front Range Harness (Red),03_all_day_padded_harness_ruffwear_red,00034,Golden Retriever,93.3,59.6,80.0,XL,0.942,Good Fit,D:\3d-canine-vton-sync\unique_garments_clean_vton_matrix\03_all_day_padded_harness_ruffwear_red\golden\00034_clean_tryon.png
293,All-Day Padded Harness,Ruffwear Front Range Harness (Red),03_all_day_padded_harness_ruffwear_red,00035,Golden Retriever,100.0,111.8,85.9,XL,1.01,Good Fit,D:\3d-canine-vton-sync\unique_garments_clean_vton_matrix\03_all_day_padded_harness_ruffwear_red\golden\00035_clean_tryon.png
294,All-Day Padded Harness,Ruffwear Front Range Harness (Red),03_all_day_padded_harness_ruffwear_red,00036,Golden Retriever,134.9,112.0,85.8,XL,1.363,Tight,D:\3d-canine-vton-sync\unique_garments_clean_vton_matrix\03_all_day_padded_harness_ruffwear_red\golden\00036_clean_tryon.png
295,All-Day Padded Harness,Ruffwear Front Range Harness (Red),03_all_day_padded_harness_ruffwear_red,00037,Golden Retriever,93.7,19.9,60.5,XL,0.946,Good Fit,D:\3d-canine-vton-sync\unique_garments_clean_vton_matrix\03_all_day_padded_harness_ruffwear_red\golden\00037_clean_tryon.png
296,All-Day Padded Harness,Ruffwear Front Range Harness (Red),03_all_day_padded_harness_ruffwear_red,00038,Golden Retriever,86.3,60.0,74.4,L,1.003,Good Fit,D:\3d-canine-vton-sync\unique_garments_clean_vton_matrix\03_all_day_padded_harness_ruffwear_red\golden\00038_clean_tryon.png
297,All-Day Padded Harness,Ruffwear Front Range Harness (Red),03_all_day_padded_harness_ruffwear_red,00039,Golden Retriever,87.4,49.1,69.4,L,1.016,Good Fit,D:\3d-canine-vton-sync\unique_garments_clean_vton_matrix\03_all_day_padded_harness_ruffwear_red\golden\00039_clean_tryon.png
298,All-Day Padded Harness,Ruffwear Front Range Harness (Red),03_all_day_padded_harness_ruffwear_red,00040,Golden Retriever,100.0,61.8,77.9,XL,1.01,Good Fit,D:\3d-canine-vton-sync\unique_garments_clean_vton_matrix\03_all_day_padded_harness_ruffwear_red\golden\00040_clean_tryon.png
299,All-Day Padded Harness,Ruffwear Front Range Harness (Red),03_all_day_padded_harness_ruffwear_red,00041,Golden Retriever,95.3,139.9,87.9,XL,0.963,Good Fit,D:\3d-canine-vton-sync\unique_garments_clean_vton_matrix\03_all_day_padded_harness_ruffwear_red\golden\00041_clean_tryon.png
300,All-Day Padded Harness,Ruffwear Front Range Harness (Red),03_all_day_padded_harness_ruffwear_red,00042,Golden Retriever,81.8,53.3,62.4,L,0.951,Good Fit,D:\3d-canine-vton-sync\unique_garments_clean_vton_matrix\03_all_day_padded_harness_ruffwear_red\golden\00042_clean_tryon.png
301,All-Day Padded Harness,Ruffwear Front Range Harness (Red),03_all_day_padded_harness_ruffwear_red,00043,Golden Retriever,119.0,48.9,78.6,XL,1.202,Tight,D:\3d-canine-vton-sync\unique_garments_clean_vton_matrix\03_all_day_padded_harness_ruffwear_red\golden\00043_clean_tryon.png
302,All-Day Padded Harness,Ruffwear Front Range Harness (Red),03_all_day_padded_harness_ruffwear_red,00044,Golden Retriever,82.3,54.2,73.3,L,0.957,Good Fit,D:\3d-canine-vton-sync\unique_garments_clean_vton_matrix\03_all_day_padded_harness_ruffwear_red\golden\00044_clean_tryon.png
303,All-Day Padded Harness,Ruffwear Front Range Harness (Red),03_all_day_padded_harness_ruffwear_red,00045,Golden Retriever,88.9,135.7,90.6,L,1.034,Good Fit,D:\3d-canine-vton-sync\unique_garments_clean_vton_matrix\03_all_day_padded_harness_ruffwear_red\golden\00045_clean_tryon.png
304,All-Day Padded Harness,Ruffwear Front Range Harness (Red),03_all_day_padded_harness_ruffwear_red,00046,Golden Retriever,118.5,66.7,69.4,XL,1.197,Tight,D:\3d-canine-vton-sync\unique_garments_clean_vton_matrix\03_all_day_padded_harness_ruffwear_red\golden\00046_clean_tryon.png
305,All-Day Padded Harness,Ruffwear Front Range Harness (Red),03_all_day_padded_harness_ruffwear_red,00047,Golden Retriever,71.5,42.7,59.7,M,0.953,Good Fit,D:\3d-canine-vton-sync\unique_garments_clean_vton_matrix\03_all_day_padded_harness_ruffwear_red\golden\00047_clean_tryon.png
306,All-Day Padded Harness,Ruffwear Front Range Harness (Red),03_all_day_padded_harness_ruffwear_red,00048,Golden Retriever,100.3,55.9,83.0,XL,1.013,Good Fit,D:\3d-canine-vton-sync\unique_garments_clean_vton_matrix\03_all_day_padded_harness_ruffwear_red\golden\00048_clean_tryon.png
307,All-Day Padded Harness,Ruffwear Front Range Harness (Red),03_all_day_padded_harness_ruffwear_red,00049,Golden Retriever,116.7,56.3,74.7,XL,1.179,Tight,D:\3d-canine-vton-sync\unique_garments_clean_vton_matrix\03_all_day_padded_harness_ruffwear_red\golden\00049_clean_tryon.png
308,All-Day Padded Harness,Ruffwear Front Range Harness (Red),03_all_day_padded_harness_ruffwear_red,00050,Golden Retriever,90.7,52.9,72.1,L,1.055,Good Fit,D:\3d-canine-vton-sync\unique_garments_clean_vton_matrix\03_all_day_padded_harness_ruffwear_red\golden\00050_clean_tryon.png
309,All-Day Padded Harness,Ruffwear Front Range Harness (Red),03_all_day_padded_harness_ruffwear_red,00051,Golden Retriever,95.4,49.5,61.6,XL,0.964,Good Fit,D:\3d-canine-vton-sync\unique_garments_clean_vton_matrix\03_all_day_padded_harness_ruffwear_red\golden\00051_clean_tryon.png
310,All-Day Padded Harness,Ruffwear Front Range Harness (Red),03_all_day_padded_harness_ruffwear_red,00052,Golden Retriever,96.7,48.3,70.0,XL,0.977,Good Fit,D:\3d-canine-vton-sync\unique_garments_clean_vton_matrix\03_all_day_padded_harness_ruffwear_red\golden\00052_clean_tryon.png
311,All-Day Padded Harness,Ruffwear Front Range Harness (Red),03_all_day_padded_harness_ruffwear_red,00053,Golden Retriever,87.1,109.0,68.4,L,1.013,Good Fit,D:\3d-canine-vton-sync\unique_garments_clean_vton_matrix\03_all_day_padded_harness_ruffwear_red\golden\00053_clean_tryon.png
312,All-Day Padded Harness,Ruffwear Front Range Harness (Red),03_all_day_padded_harness_ruffwear_red,00054,Golden Retriever,99.1,52.7,72.6,XL,1.001,Good Fit,D:\3d-canine-vton-sync\unique_garments_clean_vton_matrix\03_all_day_padded_harness_ruffwear_red\golden\00054_clean_tryon.png
313,All-Day Padded Harness,Ruffwear Front Range Harness (Red),03_all_day_padded_harness_ruffwear_red,00055,Golden Retriever,91.3,23.9,79.0,L,1.062,Tight,D:\3d-canine-vton-sync\unique_garments_clean_vton_matrix\03_all_day_padded_harness_ruffwear_red\golden\00055_clean_tryon.png
314,All-Day Padded Harness,Ruffwear Front Range Harness (Red),03_all_day_padded_harness_ruffwear_red,00056,Golden Retriever,102.4,57.5,80.0,XL,1.034,Good Fit,D:\3d-canine-vton-sync\unique_garments_clean_vton_matrix\03_all_day_padded_harness_ruffwear_red\golden\00056_clean_tryon.png
315,All-Day Padded Harness,Ruffwear Front Range Harness (Red),03_all_day_padded_harness_ruffwear_red,00057,Golden Retriever,81.8,46.1,62.1,L,0.951,Good Fit,D:\3d-canine-vton-sync\unique_garments_clean_vton_matrix\03_all_day_padded_harness_ruffwear_red\golden\00057_clean_tryon.png
316,All-Day Padded Harness,Ruffwear Front Range Harness (Red),03_all_day_padded_harness_ruffwear_red,00058,Golden Retriever,65.5,56.7,76.8,S,1.048,Good Fit,D:\3d-canine-vton-sync\unique_garments_clean_vton_matrix\03_all_day_padded_harness_ruffwear_red\golden\00058_clean_tryon.png
317,All-Day Padded Harness,Ruffwear Front Range Harness (Red),03_all_day_padded_harness_ruffwear_red,00059,Golden Retriever,87.6,42.4,71.2,L,1.019,Good Fit,D:\3d-canine-vton-sync\unique_garments_clean_vton_matrix\03_all_day_padded_harness_ruffwear_red\golden\00059_clean_tryon.png
318,All-Day Padded Harness,Ruffwear Front Range Harness (Red),03_all_day_padded_harness_ruffwear_red,00060,Golden Retriever,85.0,56.6,76.2,L,0.988,Good Fit,D:\3d-canine-vton-sync\unique_garments_clean_vton_matrix\03_all_day_padded_harness_ruffwear_red\golden\00060_clean_tryon.png
319,All-Day Padded Harness,Ruffwear Front Range Harness (Red),03_all_day_padded_harness_ruffwear_red,00061,Golden Retriever,91.8,56.1,84.7,L,1.067,Tight,D:\3d-canine-vton-sync\unique_garments_clean_vton_matrix\03_all_day_padded_harness_ruffwear_red\golden\00061_clean_tryon.png
320,All-Day Padded Harness,Ruffwear Front Range Harness (Red),03_all_day_padded_harness_ruffwear_red,00062,Golden Retriever,100.5,61.8,84.4,XL,1.015,Good Fit,D:\3d-canine-vton-sync\unique_garments_clean_vton_matrix\03_all_day_padded_harness_ruffwear_red\golden\00062_clean_tryon.png
321,All-Day Padded Harness,Ruffwear Front Range Harness (Red),03_all_day_padded_harness_ruffwear_red,00063,Golden Retriever,94.1,21.1,78.4,XL,0.951,Good Fit,D:\3d-canine-vton-sync\unique_garments_clean_vton_matrix\03_all_day_padded_harness_ruffwear_red\golden\00063_clean_tryon.png
322,All-Day Padded Harness,Ruffwear Front Range Harness (Red),03_all_day_padded_harness_ruffwear_red,00001,Labrador Retriever,85.8,103.0,75.8,L,0.998,Good Fit,D:\3d-canine-vton-sync\unique_garments_clean_vton_matrix\03_all_day_padded_harness_ruffwear_red\labrador\00001_clean_tryon.png
323,All-Day Padded Harness,Ruffwear Front Range Harness (Red),03_all_day_padded_harness_ruffwear_red,00002,Labrador Retriever,96.8,51.5,67.9,XL,0.978,Good Fit,D:\3d-canine-vton-sync\unique_garments_clean_vton_matrix\03_all_day_padded_harness_ruffwear_red\labrador\00002_clean_tryon.png
324,All-Day Padded Harness,Ruffwear Front Range Harness (Red),03_all_day_padded_harness_ruffwear_red,00003,Labrador Retriever,97.9,54.3,64.1,XL,0.989,Good Fit,D:\3d-canine-vton-sync\unique_garments_clean_vton_matrix\03_all_day_padded_harness_ruffwear_red\labrador\00003_clean_tryon.png
325,All-Day Padded Harness,Ruffwear Front Range Harness (Red),03_all_day_padded_harness_ruffwear_red,00004,Labrador Retriever,91.8,52.7,75.8,L,1.067,Tight,D:\3d-canine-vton-sync\unique_garments_clean_vton_matrix\03_all_day_padded_harness_ruffwear_red\labrador\00004_clean_tryon.png
326,All-Day Padded Harness,Ruffwear Front Range Harness (Red),03_all_day_padded_harness_ruffwear_red,00005,Labrador Retriever,76.7,47.6,68.4,M,1.023,Good Fit,D:\3d-canine-vton-sync\unique_garments_clean_vton_matrix\03_all_day_padded_harness_ruffwear_red\labrador\00005_clean_tryon.png
327,All-Day Padded Harness,Ruffwear Front Range Harness (Red),03_all_day_padded_harness_ruffwear_red,00006,Labrador Retriever,88.8,7.8,60.8,L,1.033,Good Fit,D:\3d-canine-vton-sync\unique_garments_clean_vton_matrix\03_all_day_padded_harness_ruffwear_red\labrador\00006_clean_tryon.png
328,All-Day Padded Harness,Ruffwear Front Range Harness (Red),03_all_day_padded_harness_ruffwear_red,00007,Labrador Retriever,80.8,52.3,69.1,L,0.94,Loose,D:\3d-canine-vton-sync\unique_garments_clean_vton_matrix\03_all_day_padded_harness_ruffwear_red\labrador\00007_clean_tryon.png
329,All-Day Padded Harness,Ruffwear Front Range Harness (Red),03_all_day_padded_harness_ruffwear_red,00008,Labrador Retriever,78.7,21.2,89.4,M,1.049,Good Fit,D:\3d-canine-vton-sync\unique_garments_clean_vton_matrix\03_all_day_padded_harness_ruffwear_red\labrador\00008_clean_tryon.png
330,All-Day Padded Harness,Ruffwear Front Range Harness (Red),03_all_day_padded_harness_ruffwear_red,00009,Labrador Retriever,92.6,42.5,66.8,XL,0.935,Good Fit,D:\3d-canine-vton-sync\unique_garments_clean_vton_matrix\03_all_day_padded_harness_ruffwear_red\labrador\00009_clean_tryon.png
331,All-Day Padded Harness,Ruffwear Front Range Harness (Red),03_all_day_padded_harness_ruffwear_red,00010,Labrador Retriever,134.5,51.0,68.2,XL,1.359,Tight,D:\3d-canine-vton-sync\unique_garments_clean_vton_matrix\03_all_day_padded_harness_ruffwear_red\labrador\00010_clean_tryon.png
332,All-Day Padded Harness,Ruffwear Front Range Harness (Red),03_all_day_padded_harness_ruffwear_red,00011,Labrador Retriever,99.0,61.2,80.3,XL,1.0,Good Fit,D:\3d-canine-vton-sync\unique_garments_clean_vton_matrix\03_all_day_padded_harness_ruffwear_red\labrador\00011_clean_tryon.png
333,All-Day Padded Harness,Ruffwear Front Range Harness (Red),03_all_day_padded_harness_ruffwear_red,00012,Labrador Retriever,94.6,59.4,79.9,XL,0.956,Good Fit,D:\3d-canine-vton-sync\unique_garments_clean_vton_matrix\03_all_day_padded_harness_ruffwear_red\labrador\00012_clean_tryon.png
334,All-Day Padded Harness,Ruffwear Front Range Harness (Red),03_all_day_padded_harness_ruffwear_red,00013,Labrador Retriever,91.4,39.6,51.1,L,1.063,Tight,D:\3d-canine-vton-sync\unique_garments_clean_vton_matrix\03_all_day_padded_harness_ruffwear_red\labrador\00013_clean_tryon.png
335,All-Day Padded Harness,Ruffwear Front Range Harness (Red),03_all_day_padded_harness_ruffwear_red,00014,Labrador Retriever,89.7,49.6,81.1,L,1.043,Good Fit,D:\3d-canine-vton-sync\unique_garments_clean_vton_matrix\03_all_day_padded_harness_ruffwear_red\labrador\00014_clean_tryon.png
336,All-Day Padded Harness,Ruffwear Front Range Harness (Red),03_all_day_padded_harness_ruffwear_red,00015,Labrador Retriever,113.0,50.4,71.4,XL,1.141,Tight,D:\3d-canine-vton-sync\unique_garments_clean_vton_matrix\03_all_day_padded_harness_ruffwear_red\labrador\00015_clean_tryon.png
337,All-Day Padded Harness,Ruffwear Front Range Harness (Red),03_all_day_padded_harness_ruffwear_red,00016,Labrador Retriever,96.5,58.5,76.9,XL,0.975,Good Fit,D:\3d-canine-vton-sync\unique_garments_clean_vton_matrix\03_all_day_padded_harness_ruffwear_red\labrador\00016_clean_tryon.png
338,All-Day Padded Harness,Ruffwear Front Range Harness (Red),03_all_day_padded_harness_ruffwear_red,00017,Labrador Retriever,97.2,60.1,80.4,XL,0.982,Good Fit,D:\3d-canine-vton-sync\unique_garments_clean_vton_matrix\03_all_day_padded_harness_ruffwear_red\labrador\00017_clean_tryon.png
339,All-Day Padded Harness,Ruffwear Front Range Harness (Red),03_all_day_padded_harness_ruffwear_red,00018,Labrador Retriever,94.9,62.0,80.2,XL,0.959,Good Fit,D:\3d-canine-vton-sync\unique_garments_clean_vton_matrix\03_all_day_padded_harness_ruffwear_red\labrador\00018_clean_tryon.png
340,All-Day Padded Harness,Ruffwear Front Range Harness (Red),03_all_day_padded_harness_ruffwear_red,00019,Labrador Retriever,96.8,39.5,70.6,XL,0.978,Good Fit,D:\3d-canine-vton-sync\unique_garments_clean_vton_matrix\03_all_day_padded_harness_ruffwear_red\labrador\00019_clean_tryon.png
341,All-Day Padded Harness,Ruffwear Front Range Harness (Red),03_all_day_padded_harness_ruffwear_red,00020,Labrador Retriever,86.3,55.5,68.4,L,1.003,Good Fit,D:\3d-canine-vton-sync\unique_garments_clean_vton_matrix\03_all_day_padded_harness_ruffwear_red\labrador\00020_clean_tryon.png
342,All-Day Padded Harness,Ruffwear Front Range Harness (Red),03_all_day_padded_harness_ruffwear_red,00021,Labrador Retriever,92.9,18.4,68.3,XL,0.938,Good Fit,D:\3d-canine-vton-sync\unique_garments_clean_vton_matrix\03_all_day_padded_harness_ruffwear_red\labrador\00021_clean_tryon.png
343,All-Day Padded Harness,Ruffwear Front Range Harness (Red),03_all_day_padded_harness_ruffwear_red,00022,Labrador Retriever,85.8,48.4,69.8,L,0.998,Good Fit,D:\3d-canine-vton-sync\unique_garments_clean_vton_matrix\03_all_day_padded_harness_ruffwear_red\labrador\00022_clean_tryon.png
344,All-Day Padded Harness,Ruffwear Front Range Harness (Red),03_all_day_padded_harness_ruffwear_red,00023,Labrador Retriever,89.7,128.9,63.7,L,1.043,Good Fit,D:\3d-canine-vton-sync\unique_garments_clean_vton_matrix\03_all_day_padded_harness_ruffwear_red\labrador\00023_clean_tryon.png
345,All-Day Padded Harness,Ruffwear Front Range Harness (Red),03_all_day_padded_harness_ruffwear_red,00024,Labrador Retriever,90.7,55.2,73.1,L,1.055,Good Fit,D:\3d-canine-vton-sync\unique_garments_clean_vton_matrix\03_all_day_padded_harness_ruffwear_red\labrador\00024_clean_tryon.png
346,All-Day Padded Harness,Ruffwear Front Range Harness (Red),03_all_day_padded_harness_ruffwear_red,00025,Labrador Retriever,101.2,40.0,69.1,XL,1.022,Good Fit,D:\3d-canine-vton-sync\unique_garments_clean_vton_matrix\03_all_day_padded_harness_ruffwear_red\labrador\00025_clean_tryon.png
347,All-Day Padded Harness,Ruffwear Front Range Harness (Red),03_all_day_padded_harness_ruffwear_red,00026,Labrador Retriever,91.5,53.6,72.3,L,1.064,Tight,D:\3d-canine-vton-sync\unique_garments_clean_vton_matrix\03_all_day_padded_harness_ruffwear_red\labrador\00026_clean_tryon.png
348,All-Day Padded Harness,Ruffwear Front Range Harness (Red),03_all_day_padded_harness_ruffwear_red,00027,Labrador Retriever,86.5,51.0,72.4,L,1.006,Good Fit,D:\3d-canine-vton-sync\unique_garments_clean_vton_matrix\03_all_day_padded_harness_ruffwear_red\labrador\00027_clean_tryon.png
349,All-Day Padded Harness,Ruffwear Front Range Harness (Red),03_all_day_padded_harness_ruffwear_red,00028,Labrador Retriever,85.5,53.9,79.5,L,0.994,Good Fit,D:\3d-canine-vton-sync\unique_garments_clean_vton_matrix\03_all_day_padded_harness_ruffwear_red\labrador\00028_clean_tryon.png
350,All-Day Padded Harness,Ruffwear Front Range Harness (Red),03_all_day_padded_harness_ruffwear_red,00029,Labrador Retriever,96.8,53.0,71.2,XL,0.978,Good Fit,D:\3d-canine-vton-sync\unique_garments_clean_vton_matrix\03_all_day_padded_harness_ruffwear_red\labrador\00029_clean_tryon.png
351,All-Day Padded Harness,Ruffwear Front Range Harness (Red),03_all_day_padded_harness_ruffwear_red,00030,Labrador Retriever,107.4,36.1,62.3,XL,1.085,Tight,D:\3d-canine-vton-sync\unique_garments_clean_vton_matrix\03_all_day_padded_harness_ruffwear_red\labrador\00030_clean_tryon.png
352,All-Day Padded Harness,Ruffwear Front Range Harness (Red),03_all_day_padded_harness_ruffwear_red,00031,Labrador Retriever,87.7,60.9,81.0,L,1.02,Good Fit,D:\3d-canine-vton-sync\unique_garments_clean_vton_matrix\03_all_day_padded_harness_ruffwear_red\labrador\00031_clean_tryon.png
353,All-Day Padded Harness,Ruffwear Front Range Harness (Red),03_all_day_padded_harness_ruffwear_red,00032,Labrador Retriever,80.4,53.9,59.5,M,1.072,Good Fit,D:\3d-canine-vton-sync\unique_garments_clean_vton_matrix\03_all_day_padded_harness_ruffwear_red\labrador\00032_clean_tryon.png
354,All-Day Padded Harness,Ruffwear Front Range Harness (Red),03_all_day_padded_harness_ruffwear_red,00033,Labrador Retriever,93.7,58.3,78.9,XL,0.946,Good Fit,D:\3d-canine-vton-sync\unique_garments_clean_vton_matrix\03_all_day_padded_harness_ruffwear_red\labrador\00033_clean_tryon.png
355,All-Day Padded Harness,Ruffwear Front Range Harness (Red),03_all_day_padded_harness_ruffwear_red,00034,Labrador Retriever,86.9,64.7,74.5,L,1.01,Good Fit,D:\3d-canine-vton-sync\unique_garments_clean_vton_matrix\03_all_day_padded_harness_ruffwear_red\labrador\00034_clean_tryon.png
356,All-Day Padded Harness,Ruffwear Front Range Harness (Red),03_all_day_padded_harness_ruffwear_red,00035,Labrador Retriever,86.9,59.8,81.9,L,1.01,Good Fit,D:\3d-canine-vton-sync\unique_garments_clean_vton_matrix\03_all_day_padded_harness_ruffwear_red\labrador\00035_clean_tryon.png
357,All-Day Padded Harness,Ruffwear Front Range Harness (Red),03_all_day_padded_harness_ruffwear_red,00036,Labrador Retriever,119.4,53.7,53.5,XL,1.206,Tight,D:\3d-canine-vton-sync\unique_garments_clean_vton_matrix\03_all_day_padded_harness_ruffwear_red\labrador\00036_clean_tryon.png
358,All-Day Padded Harness,Ruffwear Front Range Harness (Red),03_all_day_padded_harness_ruffwear_red,00037,Labrador Retriever,81.2,41.0,64.0,L,0.944,Good Fit,D:\3d-canine-vton-sync\unique_garments_clean_vton_matrix\03_all_day_padded_harness_ruffwear_red\labrador\00037_clean_tryon.png
359,All-Day Padded Harness,Ruffwear Front Range Harness (Red),03_all_day_padded_harness_ruffwear_red,00038,Labrador Retriever,92.5,52.6,81.2,L,1.076,Tight,D:\3d-canine-vton-sync\unique_garments_clean_vton_matrix\03_all_day_padded_harness_ruffwear_red\labrador\00038_clean_tryon.png
360,All-Day Padded Harness,Ruffwear Front Range Harness (Red),03_all_day_padded_harness_ruffwear_red,00039,Labrador Retriever,114.3,62.5,69.1,XL,1.155,Tight,D:\3d-canine-vton-sync\unique_garments_clean_vton_matrix\03_all_day_padded_harness_ruffwear_red\labrador\00039_clean_tryon.png
361,All-Day Padded Harness,Ruffwear Front Range Harness (Red),03_all_day_padded_harness_ruffwear_red,00040,Labrador Retriever,137.7,53.5,64.7,XL,1.391,Tight,D:\3d-canine-vton-sync\unique_garments_clean_vton_matrix\03_all_day_padded_harness_ruffwear_red\labrador\00040_clean_tryon.png
362,All-Day Padded Harness,Ruffwear Front Range Harness (Red),03_all_day_padded_harness_ruffwear_red,00041,Labrador Retriever,93.3,49.7,70.2,XL,0.942,Good Fit,D:\3d-canine-vton-sync\unique_garments_clean_vton_matrix\03_all_day_padded_harness_ruffwear_red\labrador\00041_clean_tryon.png
363,All-Day Padded Harness,Ruffwear Front Range Harness (Red),03_all_day_padded_harness_ruffwear_red,00042,Labrador Retriever,94.3,57.8,72.1,XL,0.953,Good Fit,D:\3d-canine-vton-sync\unique_garments_clean_vton_matrix\03_all_day_padded_harness_ruffwear_red\labrador\00042_clean_tryon.png
364,All-Day Padded Harness,Ruffwear Front Range Harness (Red),03_all_day_padded_harness_ruffwear_red,00043,Labrador Retriever,87.5,44.9,66.9,L,1.017,Good Fit,D:\3d-canine-vton-sync\unique_garments_clean_vton_matrix\03_all_day_padded_harness_ruffwear_red\labrador\00043_clean_tryon.png
365,All-Day Padded Harness,Ruffwear Front Range Harness (Red),03_all_day_padded_harness_ruffwear_red,00044,Labrador Retriever,86.2,50.6,70.4,L,1.002,Good Fit,D:\3d-canine-vton-sync\unique_garments_clean_vton_matrix\03_all_day_padded_harness_ruffwear_red\labrador\00044_clean_tryon.png
366,All-Day Padded Harness,Ruffwear Front Range Harness (Red),03_all_day_padded_harness_ruffwear_red,00045,Labrador Retriever,89.4,59.5,74.2,L,1.04,Good Fit,D:\3d-canine-vton-sync\unique_garments_clean_vton_matrix\03_all_day_padded_harness_ruffwear_red\labrador\00045_clean_tryon.png
367,All-Day Padded Harness,Ruffwear Front Range Harness (Red),03_all_day_padded_harness_ruffwear_red,00046,Labrador Retriever,88.2,56.7,72.7,L,1.026,Good Fit,D:\3d-canine-vton-sync\unique_garments_clean_vton_matrix\03_all_day_padded_harness_ruffwear_red\labrador\00046_clean_tryon.png
368,All-Day Padded Harness,Ruffwear Front Range Harness (Red),03_all_day_padded_harness_ruffwear_red,00047,Labrador Retriever,152.2,57.6,78.6,XL,1.537,Tight,D:\3d-canine-vton-sync\unique_garments_clean_vton_matrix\03_all_day_padded_harness_ruffwear_red\labrador\00047_clean_tryon.png
369,All-Day Padded Harness,Ruffwear Front Range Harness (Red),03_all_day_padded_harness_ruffwear_red,00048,Labrador Retriever,99.6,45.4,65.3,XL,1.006,Good Fit,D:\3d-canine-vton-sync\unique_garments_clean_vton_matrix\03_all_day_padded_harness_ruffwear_red\labrador\00048_clean_tryon.png
370,All-Day Padded Harness,Ruffwear Front Range Harness (Red),03_all_day_padded_harness_ruffwear_red,00049,Labrador Retriever,98.3,59.8,79.8,XL,0.993,Good Fit,D:\3d-canine-vton-sync\unique_garments_clean_vton_matrix\03_all_day_padded_harness_ruffwear_red\labrador\00049_clean_tryon.png
371,All-Day Padded Harness,Ruffwear Front Range Harness (Red),03_all_day_padded_harness_ruffwear_red,00050,Labrador Retriever,103.1,51.7,68.5,XL,1.041,Good Fit,D:\3d-canine-vton-sync\unique_garments_clean_vton_matrix\03_all_day_padded_harness_ruffwear_red\labrador\00050_clean_tryon.png
372,All-Day Padded Harness,Ruffwear Front Range Harness (Red),03_all_day_padded_harness_ruffwear_red,00051,Labrador Retriever,116.7,65.2,71.6,XL,1.179,Tight,D:\3d-canine-vton-sync\unique_garments_clean_vton_matrix\03_all_day_padded_harness_ruffwear_red\labrador\00051_clean_tryon.png
373,All-Day Padded Harness,Ruffwear Front Range Harness (Red),03_all_day_padded_harness_ruffwear_red,00052,Labrador Retriever,87.2,52.6,68.8,L,1.014,Good Fit,D:\3d-canine-vton-sync\unique_garments_clean_vton_matrix\03_all_day_padded_harness_ruffwear_red\labrador\00052_clean_tryon.png
374,All-Day Padded Harness,Ruffwear Front Range Harness (Red),03_all_day_padded_harness_ruffwear_red,00053,Labrador Retriever,86.5,61.0,79.5,L,1.006,Good Fit,D:\3d-canine-vton-sync\unique_garments_clean_vton_matrix\03_all_day_padded_harness_ruffwear_red\labrador\00053_clean_tryon.png
375,All-Day Padded Harness,Ruffwear Front Range Harness (Red),03_all_day_padded_harness_ruffwear_red,00054,Labrador Retriever,95.7,23.8,76.3,XL,0.967,Good Fit,D:\3d-canine-vton-sync\unique_garments_clean_vton_matrix\03_all_day_padded_harness_ruffwear_red\labrador\00054_clean_tryon.png
376,All-Day Padded Harness,Ruffwear Front Range Harness (Red),03_all_day_padded_harness_ruffwear_red,00055,Labrador Retriever,95.0,135.7,77.7,XL,0.96,Good Fit,D:\3d-canine-vton-sync\unique_garments_clean_vton_matrix\03_all_day_padded_harness_ruffwear_red\labrador\00055_clean_tryon.png
377,All-Day Padded Harness,Ruffwear Front Range Harness (Red),03_all_day_padded_harness_ruffwear_red,00056,Labrador Retriever,91.6,74.2,65.2,L,1.065,Tight,D:\3d-canine-vton-sync\unique_garments_clean_vton_matrix\03_all_day_padded_harness_ruffwear_red\labrador\00056_clean_tryon.png
378,All-Day Padded Harness,Ruffwear Front Range Harness (Red),03_all_day_padded_harness_ruffwear_red,00057,Labrador Retriever,96.0,33.2,66.0,XL,0.97,Good Fit,D:\3d-canine-vton-sync\unique_garments_clean_vton_matrix\03_all_day_padded_harness_ruffwear_red\labrador\00057_clean_tryon.png
379,All-Day Padded Harness,Ruffwear Front Range Harness (Red),03_all_day_padded_harness_ruffwear_red,00058,Labrador Retriever,87.6,40.0,71.6,L,1.019,Good Fit,D:\3d-canine-vton-sync\unique_garments_clean_vton_matrix\03_all_day_padded_harness_ruffwear_red\labrador\00058_clean_tryon.png
380,All-Day Padded Harness,Ruffwear Front Range Harness (Red),03_all_day_padded_harness_ruffwear_red,00059,Labrador Retriever,101.9,52.4,73.1,XL,1.029,Good Fit,D:\3d-canine-vton-sync\unique_garments_clean_vton_matrix\03_all_day_padded_harness_ruffwear_red\labrador\00059_clean_tryon.png
381,All-Day Padded Harness,Ruffwear Front Range Harness (Red),03_all_day_padded_harness_ruffwear_red,00060,Labrador Retriever,99.7,135.4,77.9,XL,1.007,Good Fit,D:\3d-canine-vton-sync\unique_garments_clean_vton_matrix\03_all_day_padded_harness_ruffwear_red\labrador\00060_clean_tryon.png
382,All-Day Padded Harness,Ruffwear Front Range Harness (Red),03_all_day_padded_harness_ruffwear_red,00061,Labrador Retriever,81.2,43.9,61.6,L,0.944,Good Fit,D:\3d-canine-vton-sync\unique_garments_clean_vton_matrix\03_all_day_padded_harness_ruffwear_red\labrador\00061_clean_tryon.png
383,All-Day Padded Harness,Ruffwear Front Range Harness (Red),03_all_day_padded_harness_ruffwear_red,00062,Labrador Retriever,92.0,51.3,71.7,L,1.07,Tight,D:\3d-canine-vton-sync\unique_garments_clean_vton_matrix\03_all_day_padded_harness_ruffwear_red\labrador\00062_clean_tryon.png
384,All-Day Padded Harness,Ruffwear Front Range Harness (Red),03_all_day_padded_harness_ruffwear_red,00063,Labrador Retriever,92.4,60.5,73.1,L,1.074,Tight,D:\3d-canine-vton-sync\unique_garments_clean_vton_matrix\03_all_day_padded_harness_ruffwear_red\labrador\00063_clean_tryon.png
385,All-Day Padded Harness,Ruffwear Front Range Harness (Red),03_all_day_padded_harness_ruffwear_red,00064,Labrador Retriever,91.8,50.6,65.0,L,1.067,Tight,D:\3d-canine-vton-sync\unique_garments_clean_vton_matrix\03_all_day_padded_harness_ruffwear_red\labrador\00064_clean_tryon.png
386,All-Day Padded Harness,Ruffwear Front Range Harness (Red),03_all_day_padded_harness_ruffwear_red,00065,Labrador Retriever,90.1,55.6,75.5,L,1.048,Good Fit,D:\3d-canine-vton-sync\unique_garments_clean_vton_matrix\03_all_day_padded_harness_ruffwear_red\labrador\00065_clean_tryon.png
387,All-Day Padded Harness,Ruffwear Front Range Harness (Red),03_all_day_padded_harness_ruffwear_red,00066,Labrador Retriever,85.8,58.4,77.2,L,0.998,Good Fit,D:\3d-canine-vton-sync\unique_garments_clean_vton_matrix\03_all_day_padded_harness_ruffwear_red\labrador\00066_clean_tryon.png
388,Recycled Fleece Warmer,Ruffwear Climate Changer (Orange Fleece),04_recycled_fleece_warmer_ruffwear_orange,00001,Golden Retriever,83.9,61.8,58.5,L,0.976,Good Fit,D:\3d-canine-vton-sync\unique_garments_clean_vton_matrix\04_recycled_fleece_warmer_ruffwear_orange\golden\00001_clean_tryon.png
389,Recycled Fleece Warmer,Ruffwear Climate Changer (Orange Fleece),04_recycled_fleece_warmer_ruffwear_orange,00002,Golden Retriever,102.9,56.7,78.7,XL,1.039,Good Fit,D:\3d-canine-vton-sync\unique_garments_clean_vton_matrix\04_recycled_fleece_warmer_ruffwear_orange\golden\00002_clean_tryon.png
390,Recycled Fleece Warmer,Ruffwear Climate Changer (Orange Fleece),04_recycled_fleece_warmer_ruffwear_orange,00003,Golden Retriever,93.2,47.2,75.4,XL,0.941,Good Fit,D:\3d-canine-vton-sync\unique_garments_clean_vton_matrix\04_recycled_fleece_warmer_ruffwear_orange\golden\00003_clean_tryon.png
391,Recycled Fleece Warmer,Ruffwear Climate Changer (Orange Fleece),04_recycled_fleece_warmer_ruffwear_orange,00004,Golden Retriever,80.0,44.9,68.4,M,1.067,Good Fit,D:\3d-canine-vton-sync\unique_garments_clean_vton_matrix\04_recycled_fleece_warmer_ruffwear_orange\golden\00004_clean_tryon.png
392,Recycled Fleece Warmer,Ruffwear Climate Changer (Orange Fleece),04_recycled_fleece_warmer_ruffwear_orange,00005,Golden Retriever,86.4,44.9,69.1,L,1.005,Good Fit,D:\3d-canine-vton-sync\unique_garments_clean_vton_matrix\04_recycled_fleece_warmer_ruffwear_orange\golden\00005_clean_tryon.png
393,Recycled Fleece Warmer,Ruffwear Climate Changer (Orange Fleece),04_recycled_fleece_warmer_ruffwear_orange,00006,Golden Retriever,80.8,82.9,57.0,L,0.94,Loose,D:\3d-canine-vton-sync\unique_garments_clean_vton_matrix\04_recycled_fleece_warmer_ruffwear_orange\golden\00006_clean_tryon.png
394,Recycled Fleece Warmer,Ruffwear Climate Changer (Orange Fleece),04_recycled_fleece_warmer_ruffwear_orange,00007,Golden Retriever,82.9,41.5,74.2,L,0.964,Good Fit,D:\3d-canine-vton-sync\unique_garments_clean_vton_matrix\04_recycled_fleece_warmer_ruffwear_orange\golden\00007_clean_tryon.png
395,Recycled Fleece Warmer,Ruffwear Climate Changer (Orange Fleece),04_recycled_fleece_warmer_ruffwear_orange,00008,Golden Retriever,91.3,47.8,47.5,L,1.062,Tight,D:\3d-canine-vton-sync\unique_garments_clean_vton_matrix\04_recycled_fleece_warmer_ruffwear_orange\golden\00008_clean_tryon.png
396,Recycled Fleece Warmer,Ruffwear Climate Changer (Orange Fleece),04_recycled_fleece_warmer_ruffwear_orange,00009,Golden Retriever,97.4,42.3,81.7,XL,0.984,Good Fit,D:\3d-canine-vton-sync\unique_garments_clean_vton_matrix\04_recycled_fleece_warmer_ruffwear_orange\golden\00009_clean_tryon.png
397,Recycled Fleece Warmer,Ruffwear Climate Changer (Orange Fleece),04_recycled_fleece_warmer_ruffwear_orange,00010,Golden Retriever,89.5,52.9,66.6,L,1.041,Good Fit,D:\3d-canine-vton-sync\unique_garments_clean_vton_matrix\04_recycled_fleece_warmer_ruffwear_orange\golden\00010_clean_tryon.png
398,Recycled Fleece Warmer,Ruffwear Climate Changer (Orange Fleece),04_recycled_fleece_warmer_ruffwear_orange,00011,Golden Retriever,119.3,50.9,69.8,XL,1.205,Tight,D:\3d-canine-vton-sync\unique_garments_clean_vton_matrix\04_recycled_fleece_warmer_ruffwear_orange\golden\00011_clean_tryon.png
399,Recycled Fleece Warmer,Ruffwear Climate Changer (Orange Fleece),04_recycled_fleece_warmer_ruffwear_orange,00012,Golden Retriever,84.7,58.8,75.3,L,0.985,Good Fit,D:\3d-canine-vton-sync\unique_garments_clean_vton_matrix\04_recycled_fleece_warmer_ruffwear_orange\golden\00012_clean_tryon.png
400,Recycled Fleece Warmer,Ruffwear Climate Changer (Orange Fleece),04_recycled_fleece_warmer_ruffwear_orange,00013,Golden Retriever,89.7,45.7,67.7,L,1.043,Good Fit,D:\3d-canine-vton-sync\unique_garments_clean_vton_matrix\04_recycled_fleece_warmer_ruffwear_orange\golden\00013_clean_tryon.png
401,Recycled Fleece Warmer,Ruffwear Climate Changer (Orange Fleece),04_recycled_fleece_warmer_ruffwear_orange,00014,Golden Retriever,88.2,56.7,76.9,L,1.026,Good Fit,D:\3d-canine-vton-sync\unique_garments_clean_vton_matrix\04_recycled_fleece_warmer_ruffwear_orange\golden\00014_clean_tryon.png
402,Recycled Fleece Warmer,Ruffwear Climate Changer (Orange Fleece),04_recycled_fleece_warmer_ruffwear_orange,00015,Golden Retriever,155.4,46.2,66.0,XL,1.57,Tight,D:\3d-canine-vton-sync\unique_garments_clean_vton_matrix\04_recycled_fleece_warmer_ruffwear_orange\golden\00015_clean_tryon.png
403,Recycled Fleece Warmer,Ruffwear Climate Changer (Orange Fleece),04_recycled_fleece_warmer_ruffwear_orange,00016,Golden Retriever,77.9,64.8,66.4,M,1.039,Good Fit,D:\3d-canine-vton-sync\unique_garments_clean_vton_matrix\04_recycled_fleece_warmer_ruffwear_orange\golden\00016_clean_tryon.png
404,Recycled Fleece Warmer,Ruffwear Climate Changer (Orange Fleece),04_recycled_fleece_warmer_ruffwear_orange,00017,Golden Retriever,157.2,45.5,67.1,XL,1.588,Tight,D:\3d-canine-vton-sync\unique_garments_clean_vton_matrix\04_recycled_fleece_warmer_ruffwear_orange\golden\00017_clean_tryon.png
405,Recycled Fleece Warmer,Ruffwear Climate Changer (Orange Fleece),04_recycled_fleece_warmer_ruffwear_orange,00018,Golden Retriever,96.8,59.8,78.3,XL,0.978,Good Fit,D:\3d-canine-vton-sync\unique_garments_clean_vton_matrix\04_recycled_fleece_warmer_ruffwear_orange\golden\00018_clean_tryon.png
406,Recycled Fleece Warmer,Ruffwear Climate Changer (Orange Fleece),04_recycled_fleece_warmer_ruffwear_orange,00019,Golden Retriever,83.5,52.3,71.8,L,0.971,Good Fit,D:\3d-canine-vton-sync\unique_garments_clean_vton_matrix\04_recycled_fleece_warmer_ruffwear_orange\golden\00019_clean_tryon.png
407,Recycled Fleece Warmer,Ruffwear Climate Changer (Orange Fleece),04_recycled_fleece_warmer_ruffwear_orange,00020,Golden Retriever,105.1,45.1,68.2,XL,1.062,Good Fit,D:\3d-canine-vton-sync\unique_garments_clean_vton_matrix\04_recycled_fleece_warmer_ruffwear_orange\golden\00020_clean_tryon.png
408,Recycled Fleece Warmer,Ruffwear Climate Changer (Orange Fleece),04_recycled_fleece_warmer_ruffwear_orange,00021,Golden Retriever,85.2,47.6,68.2,L,0.991,Good Fit,D:\3d-canine-vton-sync\unique_garments_clean_vton_matrix\04_recycled_fleece_warmer_ruffwear_orange\golden\00021_clean_tryon.png
409,Recycled Fleece Warmer,Ruffwear Climate Changer (Orange Fleece),04_recycled_fleece_warmer_ruffwear_orange,00022,Golden Retriever,83.6,52.9,59.1,L,0.972,Good Fit,D:\3d-canine-vton-sync\unique_garments_clean_vton_matrix\04_recycled_fleece_warmer_ruffwear_orange\golden\00022_clean_tryon.png
410,Recycled Fleece Warmer,Ruffwear Climate Changer (Orange Fleece),04_recycled_fleece_warmer_ruffwear_orange,00023,Golden Retriever,85.9,87.8,66.0,L,0.999,Good Fit,D:\3d-canine-vton-sync\unique_garments_clean_vton_matrix\04_recycled_fleece_warmer_ruffwear_orange\golden\00023_clean_tryon.png
411,Recycled Fleece Warmer,Ruffwear Climate Changer (Orange Fleece),04_recycled_fleece_warmer_ruffwear_orange,00024,Golden Retriever,93.4,48.2,68.2,XL,0.943,Good Fit,D:\3d-canine-vton-sync\unique_garments_clean_vton_matrix\04_recycled_fleece_warmer_ruffwear_orange\golden\00024_clean_tryon.png
412,Recycled Fleece Warmer,Ruffwear Climate Changer (Orange Fleece),04_recycled_fleece_warmer_ruffwear_orange,00025,Golden Retriever,93.3,123.9,64.3,XL,0.942,Good Fit,D:\3d-canine-vton-sync\unique_garments_clean_vton_matrix\04_recycled_fleece_warmer_ruffwear_orange\golden\00025_clean_tryon.png
413,Recycled Fleece Warmer,Ruffwear Climate Changer (Orange Fleece),04_recycled_fleece_warmer_ruffwear_orange,00026,Golden Retriever,91.5,50.4,71.0,L,1.064,Tight,D:\3d-canine-vton-sync\unique_garments_clean_vton_matrix\04_recycled_fleece_warmer_ruffwear_orange\golden\00026_clean_tryon.png
414,Recycled Fleece Warmer,Ruffwear Climate Changer (Orange Fleece),04_recycled_fleece_warmer_ruffwear_orange,00027,Golden Retriever,86.4,55.1,59.4,L,1.005,Good Fit,D:\3d-canine-vton-sync\unique_garments_clean_vton_matrix\04_recycled_fleece_warmer_ruffwear_orange\golden\00027_clean_tryon.png
415,Recycled Fleece Warmer,Ruffwear Climate Changer (Orange Fleece),04_recycled_fleece_warmer_ruffwear_orange,00028,Golden Retriever,88.3,42.7,77.2,L,1.027,Good Fit,D:\3d-canine-vton-sync\unique_garments_clean_vton_matrix\04_recycled_fleece_warmer_ruffwear_orange\golden\00028_clean_tryon.png
416,Recycled Fleece Warmer,Ruffwear Climate Changer (Orange Fleece),04_recycled_fleece_warmer_ruffwear_orange,00029,Golden Retriever,148.2,35.3,57.3,XL,1.497,Tight,D:\3d-canine-vton-sync\unique_garments_clean_vton_matrix\04_recycled_fleece_warmer_ruffwear_orange\golden\00029_clean_tryon.png
417,Recycled Fleece Warmer,Ruffwear Climate Changer (Orange Fleece),04_recycled_fleece_warmer_ruffwear_orange,00030,Golden Retriever,95.9,63.2,83.3,XL,0.969,Good Fit,D:\3d-canine-vton-sync\unique_garments_clean_vton_matrix\04_recycled_fleece_warmer_ruffwear_orange\golden\00030_clean_tryon.png
418,Recycled Fleece Warmer,Ruffwear Climate Changer (Orange Fleece),04_recycled_fleece_warmer_ruffwear_orange,00031,Golden Retriever,90.2,37.9,60.4,L,1.049,Good Fit,D:\3d-canine-vton-sync\unique_garments_clean_vton_matrix\04_recycled_fleece_warmer_ruffwear_orange\golden\00031_clean_tryon.png
419,Recycled Fleece Warmer,Ruffwear Climate Changer (Orange Fleece),04_recycled_fleece_warmer_ruffwear_orange,00032,Golden Retriever,82.8,23.7,59.4,L,0.963,Good Fit,D:\3d-canine-vton-sync\unique_garments_clean_vton_matrix\04_recycled_fleece_warmer_ruffwear_orange\golden\00032_clean_tryon.png
420,Recycled Fleece Warmer,Ruffwear Climate Changer (Orange Fleece),04_recycled_fleece_warmer_ruffwear_orange,00033,Golden Retriever,104.3,58.8,80.9,XL,1.054,Good Fit,D:\3d-canine-vton-sync\unique_garments_clean_vton_matrix\04_recycled_fleece_warmer_ruffwear_orange\golden\00033_clean_tryon.png
421,Recycled Fleece Warmer,Ruffwear Climate Changer (Orange Fleece),04_recycled_fleece_warmer_ruffwear_orange,00034,Golden Retriever,93.3,59.6,80.0,XL,0.942,Good Fit,D:\3d-canine-vton-sync\unique_garments_clean_vton_matrix\04_recycled_fleece_warmer_ruffwear_orange\golden\00034_clean_tryon.png
422,Recycled Fleece Warmer,Ruffwear Climate Changer (Orange Fleece),04_recycled_fleece_warmer_ruffwear_orange,00035,Golden Retriever,100.0,111.8,85.9,XL,1.01,Good Fit,D:\3d-canine-vton-sync\unique_garments_clean_vton_matrix\04_recycled_fleece_warmer_ruffwear_orange\golden\00035_clean_tryon.png
423,Recycled Fleece Warmer,Ruffwear Climate Changer (Orange Fleece),04_recycled_fleece_warmer_ruffwear_orange,00036,Golden Retriever,134.9,112.0,85.8,XL,1.363,Tight,D:\3d-canine-vton-sync\unique_garments_clean_vton_matrix\04_recycled_fleece_warmer_ruffwear_orange\golden\00036_clean_tryon.png
424,Recycled Fleece Warmer,Ruffwear Climate Changer (Orange Fleece),04_recycled_fleece_warmer_ruffwear_orange,00037,Golden Retriever,93.7,19.9,60.5,XL,0.946,Good Fit,D:\3d-canine-vton-sync\unique_garments_clean_vton_matrix\04_recycled_fleece_warmer_ruffwear_orange\golden\00037_clean_tryon.png
425,Recycled Fleece Warmer,Ruffwear Climate Changer (Orange Fleece),04_recycled_fleece_warmer_ruffwear_orange,00038,Golden Retriever,86.3,60.0,74.4,L,1.003,Good Fit,D:\3d-canine-vton-sync\unique_garments_clean_vton_matrix\04_recycled_fleece_warmer_ruffwear_orange\golden\00038_clean_tryon.png
426,Recycled Fleece Warmer,Ruffwear Climate Changer (Orange Fleece),04_recycled_fleece_warmer_ruffwear_orange,00039,Golden Retriever,87.4,49.1,69.4,L,1.016,Good Fit,D:\3d-canine-vton-sync\unique_garments_clean_vton_matrix\04_recycled_fleece_warmer_ruffwear_orange\golden\00039_clean_tryon.png
427,Recycled Fleece Warmer,Ruffwear Climate Changer (Orange Fleece),04_recycled_fleece_warmer_ruffwear_orange,00040,Golden Retriever,100.0,61.8,77.9,XL,1.01,Good Fit,D:\3d-canine-vton-sync\unique_garments_clean_vton_matrix\04_recycled_fleece_warmer_ruffwear_orange\golden\00040_clean_tryon.png
428,Recycled Fleece Warmer,Ruffwear Climate Changer (Orange Fleece),04_recycled_fleece_warmer_ruffwear_orange,00041,Golden Retriever,95.3,139.9,87.9,XL,0.963,Good Fit,D:\3d-canine-vton-sync\unique_garments_clean_vton_matrix\04_recycled_fleece_warmer_ruffwear_orange\golden\00041_clean_tryon.png
429,Recycled Fleece Warmer,Ruffwear Climate Changer (Orange Fleece),04_recycled_fleece_warmer_ruffwear_orange,00042,Golden Retriever,81.8,53.3,62.4,L,0.951,Good Fit,D:\3d-canine-vton-sync\unique_garments_clean_vton_matrix\04_recycled_fleece_warmer_ruffwear_orange\golden\00042_clean_tryon.png
430,Recycled Fleece Warmer,Ruffwear Climate Changer (Orange Fleece),04_recycled_fleece_warmer_ruffwear_orange,00043,Golden Retriever,119.0,48.9,78.6,XL,1.202,Tight,D:\3d-canine-vton-sync\unique_garments_clean_vton_matrix\04_recycled_fleece_warmer_ruffwear_orange\golden\00043_clean_tryon.png
431,Recycled Fleece Warmer,Ruffwear Climate Changer (Orange Fleece),04_recycled_fleece_warmer_ruffwear_orange,00044,Golden Retriever,82.3,54.2,73.3,L,0.957,Good Fit,D:\3d-canine-vton-sync\unique_garments_clean_vton_matrix\04_recycled_fleece_warmer_ruffwear_orange\golden\00044_clean_tryon.png
432,Recycled Fleece Warmer,Ruffwear Climate Changer (Orange Fleece),04_recycled_fleece_warmer_ruffwear_orange,00045,Golden Retriever,88.9,135.7,90.6,L,1.034,Good Fit,D:\3d-canine-vton-sync\unique_garments_clean_vton_matrix\04_recycled_fleece_warmer_ruffwear_orange\golden\00045_clean_tryon.png
433,Recycled Fleece Warmer,Ruffwear Climate Changer (Orange Fleece),04_recycled_fleece_warmer_ruffwear_orange,00046,Golden Retriever,118.5,66.7,69.4,XL,1.197,Tight,D:\3d-canine-vton-sync\unique_garments_clean_vton_matrix\04_recycled_fleece_warmer_ruffwear_orange\golden\00046_clean_tryon.png
434,Recycled Fleece Warmer,Ruffwear Climate Changer (Orange Fleece),04_recycled_fleece_warmer_ruffwear_orange,00047,Golden Retriever,71.5,42.7,59.7,M,0.953,Good Fit,D:\3d-canine-vton-sync\unique_garments_clean_vton_matrix\04_recycled_fleece_warmer_ruffwear_orange\golden\00047_clean_tryon.png
435,Recycled Fleece Warmer,Ruffwear Climate Changer (Orange Fleece),04_recycled_fleece_warmer_ruffwear_orange,00048,Golden Retriever,100.3,55.9,83.0,XL,1.013,Good Fit,D:\3d-canine-vton-sync\unique_garments_clean_vton_matrix\04_recycled_fleece_warmer_ruffwear_orange\golden\00048_clean_tryon.png
436,Recycled Fleece Warmer,Ruffwear Climate Changer (Orange Fleece),04_recycled_fleece_warmer_ruffwear_orange,00049,Golden Retriever,116.7,56.3,74.7,XL,1.179,Tight,D:\3d-canine-vton-sync\unique_garments_clean_vton_matrix\04_recycled_fleece_warmer_ruffwear_orange\golden\00049_clean_tryon.png
437,Recycled Fleece Warmer,Ruffwear Climate Changer (Orange Fleece),04_recycled_fleece_warmer_ruffwear_orange,00050,Golden Retriever,90.7,52.9,72.1,L,1.055,Good Fit,D:\3d-canine-vton-sync\unique_garments_clean_vton_matrix\04_recycled_fleece_warmer_ruffwear_orange\golden\00050_clean_tryon.png
438,Recycled Fleece Warmer,Ruffwear Climate Changer (Orange Fleece),04_recycled_fleece_warmer_ruffwear_orange,00051,Golden Retriever,95.4,49.5,61.6,XL,0.964,Good Fit,D:\3d-canine-vton-sync\unique_garments_clean_vton_matrix\04_recycled_fleece_warmer_ruffwear_orange\golden\00051_clean_tryon.png
439,Recycled Fleece Warmer,Ruffwear Climate Changer (Orange Fleece),04_recycled_fleece_warmer_ruffwear_orange,00052,Golden Retriever,96.7,48.3,70.0,XL,0.977,Good Fit,D:\3d-canine-vton-sync\unique_garments_clean_vton_matrix\04_recycled_fleece_warmer_ruffwear_orange\golden\00052_clean_tryon.png
440,Recycled Fleece Warmer,Ruffwear Climate Changer (Orange Fleece),04_recycled_fleece_warmer_ruffwear_orange,00053,Golden Retriever,87.1,109.0,68.4,L,1.013,Good Fit,D:\3d-canine-vton-sync\unique_garments_clean_vton_matrix\04_recycled_fleece_warmer_ruffwear_orange\golden\00053_clean_tryon.png
441,Recycled Fleece Warmer,Ruffwear Climate Changer (Orange Fleece),04_recycled_fleece_warmer_ruffwear_orange,00054,Golden Retriever,99.1,52.7,72.6,XL,1.001,Good Fit,D:\3d-canine-vton-sync\unique_garments_clean_vton_matrix\04_recycled_fleece_warmer_ruffwear_orange\golden\00054_clean_tryon.png
442,Recycled Fleece Warmer,Ruffwear Climate Changer (Orange Fleece),04_recycled_fleece_warmer_ruffwear_orange,00055,Golden Retriever,91.3,23.9,79.0,L,1.062,Tight,D:\3d-canine-vton-sync\unique_garments_clean_vton_matrix\04_recycled_fleece_warmer_ruffwear_orange\golden\00055_clean_tryon.png
443,Recycled Fleece Warmer,Ruffwear Climate Changer (Orange Fleece),04_recycled_fleece_warmer_ruffwear_orange,00056,Golden Retriever,102.4,57.5,80.0,XL,1.034,Good Fit,D:\3d-canine-vton-sync\unique_garments_clean_vton_matrix\04_recycled_fleece_warmer_ruffwear_orange\golden\00056_clean_tryon.png
444,Recycled Fleece Warmer,Ruffwear Climate Changer (Orange Fleece),04_recycled_fleece_warmer_ruffwear_orange,00057,Golden Retriever,81.8,46.1,62.1,L,0.951,Good Fit,D:\3d-canine-vton-sync\unique_garments_clean_vton_matrix\04_recycled_fleece_warmer_ruffwear_orange\golden\00057_clean_tryon.png
445,Recycled Fleece Warmer,Ruffwear Climate Changer (Orange Fleece),04_recycled_fleece_warmer_ruffwear_orange,00058,Golden Retriever,65.5,56.7,76.8,S,1.048,Good Fit,D:\3d-canine-vton-sync\unique_garments_clean_vton_matrix\04_recycled_fleece_warmer_ruffwear_orange\golden\00058_clean_tryon.png
446,Recycled Fleece Warmer,Ruffwear Climate Changer (Orange Fleece),04_recycled_fleece_warmer_ruffwear_orange,00059,Golden Retriever,87.6,42.4,71.2,L,1.019,Good Fit,D:\3d-canine-vton-sync\unique_garments_clean_vton_matrix\04_recycled_fleece_warmer_ruffwear_orange\golden\00059_clean_tryon.png
447,Recycled Fleece Warmer,Ruffwear Climate Changer (Orange Fleece),04_recycled_fleece_warmer_ruffwear_orange,00060,Golden Retriever,85.0,56.6,76.2,L,0.988,Good Fit,D:\3d-canine-vton-sync\unique_garments_clean_vton_matrix\04_recycled_fleece_warmer_ruffwear_orange\golden\00060_clean_tryon.png
448,Recycled Fleece Warmer,Ruffwear Climate Changer (Orange Fleece),04_recycled_fleece_warmer_ruffwear_orange,00061,Golden Retriever,91.8,56.1,84.7,L,1.067,Tight,D:\3d-canine-vton-sync\unique_garments_clean_vton_matrix\04_recycled_fleece_warmer_ruffwear_orange\golden\00061_clean_tryon.png
449,Recycled Fleece Warmer,Ruffwear Climate Changer (Orange Fleece),04_recycled_fleece_warmer_ruffwear_orange,00062,Golden Retriever,100.5,61.8,84.4,XL,1.015,Good Fit,D:\3d-canine-vton-sync\unique_garments_clean_vton_matrix\04_recycled_fleece_warmer_ruffwear_orange\golden\00062_clean_tryon.png
450,Recycled Fleece Warmer,Ruffwear Climate Changer (Orange Fleece),04_recycled_fleece_warmer_ruffwear_orange,00063,Golden Retriever,94.1,21.1,78.4,XL,0.951,Good Fit,D:\3d-canine-vton-sync\unique_garments_clean_vton_matrix\04_recycled_fleece_warmer_ruffwear_orange\golden\00063_clean_tryon.png
451,Recycled Fleece Warmer,Ruffwear Climate Changer (Orange Fleece),04_recycled_fleece_warmer_ruffwear_orange,00001,Labrador Retriever,85.8,103.0,75.8,L,0.998,Good Fit,D:\3d-canine-vton-sync\unique_garments_clean_vton_matrix\04_recycled_fleece_warmer_ruffwear_orange\labrador\00001_clean_tryon.png
452,Recycled Fleece Warmer,Ruffwear Climate Changer (Orange Fleece),04_recycled_fleece_warmer_ruffwear_orange,00002,Labrador Retriever,96.8,51.5,67.9,XL,0.978,Good Fit,D:\3d-canine-vton-sync\unique_garments_clean_vton_matrix\04_recycled_fleece_warmer_ruffwear_orange\labrador\00002_clean_tryon.png
453,Recycled Fleece Warmer,Ruffwear Climate Changer (Orange Fleece),04_recycled_fleece_warmer_ruffwear_orange,00003,Labrador Retriever,97.9,54.3,64.1,XL,0.989,Good Fit,D:\3d-canine-vton-sync\unique_garments_clean_vton_matrix\04_recycled_fleece_warmer_ruffwear_orange\labrador\00003_clean_tryon.png
454,Recycled Fleece Warmer,Ruffwear Climate Changer (Orange Fleece),04_recycled_fleece_warmer_ruffwear_orange,00004,Labrador Retriever,91.8,52.7,75.8,L,1.067,Tight,D:\3d-canine-vton-sync\unique_garments_clean_vton_matrix\04_recycled_fleece_warmer_ruffwear_orange\labrador\00004_clean_tryon.png
455,Recycled Fleece Warmer,Ruffwear Climate Changer (Orange Fleece),04_recycled_fleece_warmer_ruffwear_orange,00005,Labrador Retriever,76.7,47.6,68.4,M,1.023,Good Fit,D:\3d-canine-vton-sync\unique_garments_clean_vton_matrix\04_recycled_fleece_warmer_ruffwear_orange\labrador\00005_clean_tryon.png
456,Recycled Fleece Warmer,Ruffwear Climate Changer (Orange Fleece),04_recycled_fleece_warmer_ruffwear_orange,00006,Labrador Retriever,88.8,7.8,60.8,L,1.033,Good Fit,D:\3d-canine-vton-sync\unique_garments_clean_vton_matrix\04_recycled_fleece_warmer_ruffwear_orange\labrador\00006_clean_tryon.png
457,Recycled Fleece Warmer,Ruffwear Climate Changer (Orange Fleece),04_recycled_fleece_warmer_ruffwear_orange,00007,Labrador Retriever,80.8,52.3,69.1,L,0.94,Loose,D:\3d-canine-vton-sync\unique_garments_clean_vton_matrix\04_recycled_fleece_warmer_ruffwear_orange\labrador\00007_clean_tryon.png
458,Recycled Fleece Warmer,Ruffwear Climate Changer (Orange Fleece),04_recycled_fleece_warmer_ruffwear_orange,00008,Labrador Retriever,78.7,21.2,89.4,M,1.049,Good Fit,D:\3d-canine-vton-sync\unique_garments_clean_vton_matrix\04_recycled_fleece_warmer_ruffwear_orange\labrador\00008_clean_tryon.png
459,Recycled Fleece Warmer,Ruffwear Climate Changer (Orange Fleece),04_recycled_fleece_warmer_ruffwear_orange,00009,Labrador Retriever,92.6,42.5,66.8,XL,0.935,Good Fit,D:\3d-canine-vton-sync\unique_garments_clean_vton_matrix\04_recycled_fleece_warmer_ruffwear_orange\labrador\00009_clean_tryon.png
460,Recycled Fleece Warmer,Ruffwear Climate Changer (Orange Fleece),04_recycled_fleece_warmer_ruffwear_orange,00010,Labrador Retriever,134.5,51.0,68.2,XL,1.359,Tight,D:\3d-canine-vton-sync\unique_garments_clean_vton_matrix\04_recycled_fleece_warmer_ruffwear_orange\labrador\00010_clean_tryon.png
461,Recycled Fleece Warmer,Ruffwear Climate Changer (Orange Fleece),04_recycled_fleece_warmer_ruffwear_orange,00011,Labrador Retriever,99.0,61.2,80.3,XL,1.0,Good Fit,D:\3d-canine-vton-sync\unique_garments_clean_vton_matrix\04_recycled_fleece_warmer_ruffwear_orange\labrador\00011_clean_tryon.png
462,Recycled Fleece Warmer,Ruffwear Climate Changer (Orange Fleece),04_recycled_fleece_warmer_ruffwear_orange,00012,Labrador Retriever,94.6,59.4,79.9,XL,0.956,Good Fit,D:\3d-canine-vton-sync\unique_garments_clean_vton_matrix\04_recycled_fleece_warmer_ruffwear_orange\labrador\00012_clean_tryon.png
463,Recycled Fleece Warmer,Ruffwear Climate Changer (Orange Fleece),04_recycled_fleece_warmer_ruffwear_orange,00013,Labrador Retriever,91.4,39.6,51.1,L,1.063,Tight,D:\3d-canine-vton-sync\unique_garments_clean_vton_matrix\04_recycled_fleece_warmer_ruffwear_orange\labrador\00013_clean_tryon.png
464,Recycled Fleece Warmer,Ruffwear Climate Changer (Orange Fleece),04_recycled_fleece_warmer_ruffwear_orange,00014,Labrador Retriever,89.7,49.6,81.1,L,1.043,Good Fit,D:\3d-canine-vton-sync\unique_garments_clean_vton_matrix\04_recycled_fleece_warmer_ruffwear_orange\labrador\00014_clean_tryon.png
465,Recycled Fleece Warmer,Ruffwear Climate Changer (Orange Fleece),04_recycled_fleece_warmer_ruffwear_orange,00015,Labrador Retriever,113.0,50.4,71.4,XL,1.141,Tight,D:\3d-canine-vton-sync\unique_garments_clean_vton_matrix\04_recycled_fleece_warmer_ruffwear_orange\labrador\00015_clean_tryon.png
466,Recycled Fleece Warmer,Ruffwear Climate Changer (Orange Fleece),04_recycled_fleece_warmer_ruffwear_orange,00016,Labrador Retriever,96.5,58.5,76.9,XL,0.975,Good Fit,D:\3d-canine-vton-sync\unique_garments_clean_vton_matrix\04_recycled_fleece_warmer_ruffwear_orange\labrador\00016_clean_tryon.png
467,Recycled Fleece Warmer,Ruffwear Climate Changer (Orange Fleece),04_recycled_fleece_warmer_ruffwear_orange,00017,Labrador Retriever,97.2,60.1,80.4,XL,0.982,Good Fit,D:\3d-canine-vton-sync\unique_garments_clean_vton_matrix\04_recycled_fleece_warmer_ruffwear_orange\labrador\00017_clean_tryon.png
468,Recycled Fleece Warmer,Ruffwear Climate Changer (Orange Fleece),04_recycled_fleece_warmer_ruffwear_orange,00018,Labrador Retriever,94.9,62.0,80.2,XL,0.959,Good Fit,D:\3d-canine-vton-sync\unique_garments_clean_vton_matrix\04_recycled_fleece_warmer_ruffwear_orange\labrador\00018_clean_tryon.png
469,Recycled Fleece Warmer,Ruffwear Climate Changer (Orange Fleece),04_recycled_fleece_warmer_ruffwear_orange,00019,Labrador Retriever,96.8,39.5,70.6,XL,0.978,Good Fit,D:\3d-canine-vton-sync\unique_garments_clean_vton_matrix\04_recycled_fleece_warmer_ruffwear_orange\labrador\00019_clean_tryon.png
470,Recycled Fleece Warmer,Ruffwear Climate Changer (Orange Fleece),04_recycled_fleece_warmer_ruffwear_orange,00020,Labrador Retriever,86.3,55.5,68.4,L,1.003,Good Fit,D:\3d-canine-vton-sync\unique_garments_clean_vton_matrix\04_recycled_fleece_warmer_ruffwear_orange\labrador\00020_clean_tryon.png
471,Recycled Fleece Warmer,Ruffwear Climate Changer (Orange Fleece),04_recycled_fleece_warmer_ruffwear_orange,00021,Labrador Retriever,92.9,18.4,68.3,XL,0.938,Good Fit,D:\3d-canine-vton-sync\unique_garments_clean_vton_matrix\04_recycled_fleece_warmer_ruffwear_orange\labrador\00021_clean_tryon.png
472,Recycled Fleece Warmer,Ruffwear Climate Changer (Orange Fleece),04_recycled_fleece_warmer_ruffwear_orange,00022,Labrador Retriever,85.8,48.4,69.8,L,0.998,Good Fit,D:\3d-canine-vton-sync\unique_garments_clean_vton_matrix\04_recycled_fleece_warmer_ruffwear_orange\labrador\00022_clean_tryon.png
473,Recycled Fleece Warmer,Ruffwear Climate Changer (Orange Fleece),04_recycled_fleece_warmer_ruffwear_orange,00023,Labrador Retriever,89.7,128.9,63.7,L,1.043,Good Fit,D:\3d-canine-vton-sync\unique_garments_clean_vton_matrix\04_recycled_fleece_warmer_ruffwear_orange\labrador\00023_clean_tryon.png
474,Recycled Fleece Warmer,Ruffwear Climate Changer (Orange Fleece),04_recycled_fleece_warmer_ruffwear_orange,00024,Labrador Retriever,90.7,55.2,73.1,L,1.055,Good Fit,D:\3d-canine-vton-sync\unique_garments_clean_vton_matrix\04_recycled_fleece_warmer_ruffwear_orange\labrador\00024_clean_tryon.png
475,Recycled Fleece Warmer,Ruffwear Climate Changer (Orange Fleece),04_recycled_fleece_warmer_ruffwear_orange,00025,Labrador Retriever,101.2,40.0,69.1,XL,1.022,Good Fit,D:\3d-canine-vton-sync\unique_garments_clean_vton_matrix\04_recycled_fleece_warmer_ruffwear_orange\labrador\00025_clean_tryon.png
476,Recycled Fleece Warmer,Ruffwear Climate Changer (Orange Fleece),04_recycled_fleece_warmer_ruffwear_orange,00026,Labrador Retriever,91.5,53.6,72.3,L,1.064,Tight,D:\3d-canine-vton-sync\unique_garments_clean_vton_matrix\04_recycled_fleece_warmer_ruffwear_orange\labrador\00026_clean_tryon.png
477,Recycled Fleece Warmer,Ruffwear Climate Changer (Orange Fleece),04_recycled_fleece_warmer_ruffwear_orange,00027,Labrador Retriever,86.5,51.0,72.4,L,1.006,Good Fit,D:\3d-canine-vton-sync\unique_garments_clean_vton_matrix\04_recycled_fleece_warmer_ruffwear_orange\labrador\00027_clean_tryon.png
478,Recycled Fleece Warmer,Ruffwear Climate Changer (Orange Fleece),04_recycled_fleece_warmer_ruffwear_orange,00028,Labrador Retriever,85.5,53.9,79.5,L,0.994,Good Fit,D:\3d-canine-vton-sync\unique_garments_clean_vton_matrix\04_recycled_fleece_warmer_ruffwear_orange\labrador\00028_clean_tryon.png
479,Recycled Fleece Warmer,Ruffwear Climate Changer (Orange Fleece),04_recycled_fleece_warmer_ruffwear_orange,00029,Labrador Retriever,96.8,53.0,71.2,XL,0.978,Good Fit,D:\3d-canine-vton-sync\unique_garments_clean_vton_matrix\04_recycled_fleece_warmer_ruffwear_orange\labrador\00029_clean_tryon.png
480,Recycled Fleece Warmer,Ruffwear Climate Changer (Orange Fleece),04_recycled_fleece_warmer_ruffwear_orange,00030,Labrador Retriever,107.4,36.1,62.3,XL,1.085,Tight,D:\3d-canine-vton-sync\unique_garments_clean_vton_matrix\04_recycled_fleece_warmer_ruffwear_orange\labrador\00030_clean_tryon.png
481,Recycled Fleece Warmer,Ruffwear Climate Changer (Orange Fleece),04_recycled_fleece_warmer_ruffwear_orange,00031,Labrador Retriever,87.7,60.9,81.0,L,1.02,Good Fit,D:\3d-canine-vton-sync\unique_garments_clean_vton_matrix\04_recycled_fleece_warmer_ruffwear_orange\labrador\00031_clean_tryon.png
482,Recycled Fleece Warmer,Ruffwear Climate Changer (Orange Fleece),04_recycled_fleece_warmer_ruffwear_orange,00032,Labrador Retriever,80.4,53.9,59.5,M,1.072,Good Fit,D:\3d-canine-vton-sync\unique_garments_clean_vton_matrix\04_recycled_fleece_warmer_ruffwear_orange\labrador\00032_clean_tryon.png
483,Recycled Fleece Warmer,Ruffwear Climate Changer (Orange Fleece),04_recycled_fleece_warmer_ruffwear_orange,00033,Labrador Retriever,93.7,58.3,78.9,XL,0.946,Good Fit,D:\3d-canine-vton-sync\unique_garments_clean_vton_matrix\04_recycled_fleece_warmer_ruffwear_orange\labrador\00033_clean_tryon.png
484,Recycled Fleece Warmer,Ruffwear Climate Changer (Orange Fleece),04_recycled_fleece_warmer_ruffwear_orange,00034,Labrador Retriever,86.9,64.7,74.5,L,1.01,Good Fit,D:\3d-canine-vton-sync\unique_garments_clean_vton_matrix\04_recycled_fleece_warmer_ruffwear_orange\labrador\00034_clean_tryon.png
485,Recycled Fleece Warmer,Ruffwear Climate Changer (Orange Fleece),04_recycled_fleece_warmer_ruffwear_orange,00035,Labrador Retriever,86.9,59.8,81.9,L,1.01,Good Fit,D:\3d-canine-vton-sync\unique_garments_clean_vton_matrix\04_recycled_fleece_warmer_ruffwear_orange\labrador\00035_clean_tryon.png
486,Recycled Fleece Warmer,Ruffwear Climate Changer (Orange Fleece),04_recycled_fleece_warmer_ruffwear_orange,00036,Labrador Retriever,119.4,53.7,53.5,XL,1.206,Tight,D:\3d-canine-vton-sync\unique_garments_clean_vton_matrix\04_recycled_fleece_warmer_ruffwear_orange\labrador\00036_clean_tryon.png
487,Recycled Fleece Warmer,Ruffwear Climate Changer (Orange Fleece),04_recycled_fleece_warmer_ruffwear_orange,00037,Labrador Retriever,81.2,41.0,64.0,L,0.944,Good Fit,D:\3d-canine-vton-sync\unique_garments_clean_vton_matrix\04_recycled_fleece_warmer_ruffwear_orange\labrador\00037_clean_tryon.png
488,Recycled Fleece Warmer,Ruffwear Climate Changer (Orange Fleece),04_recycled_fleece_warmer_ruffwear_orange,00038,Labrador Retriever,92.5,52.6,81.2,L,1.076,Tight,D:\3d-canine-vton-sync\unique_garments_clean_vton_matrix\04_recycled_fleece_warmer_ruffwear_orange\labrador\00038_clean_tryon.png
489,Recycled Fleece Warmer,Ruffwear Climate Changer (Orange Fleece),04_recycled_fleece_warmer_ruffwear_orange,00039,Labrador Retriever,114.3,62.5,69.1,XL,1.155,Tight,D:\3d-canine-vton-sync\unique_garments_clean_vton_matrix\04_recycled_fleece_warmer_ruffwear_orange\labrador\00039_clean_tryon.png
490,Recycled Fleece Warmer,Ruffwear Climate Changer (Orange Fleece),04_recycled_fleece_warmer_ruffwear_orange,00040,Labrador Retriever,137.7,53.5,64.7,XL,1.391,Tight,D:\3d-canine-vton-sync\unique_garments_clean_vton_matrix\04_recycled_fleece_warmer_ruffwear_orange\labrador\00040_clean_tryon.png
491,Recycled Fleece Warmer,Ruffwear Climate Changer (Orange Fleece),04_recycled_fleece_warmer_ruffwear_orange,00041,Labrador Retriever,93.3,49.7,70.2,XL,0.942,Good Fit,D:\3d-canine-vton-sync\unique_garments_clean_vton_matrix\04_recycled_fleece_warmer_ruffwear_orange\labrador\00041_clean_tryon.png
492,Recycled Fleece Warmer,Ruffwear Climate Changer (Orange Fleece),04_recycled_fleece_warmer_ruffwear_orange,00042,Labrador Retriever,94.3,57.8,72.1,XL,0.953,Good Fit,D:\3d-canine-vton-sync\unique_garments_clean_vton_matrix\04_recycled_fleece_warmer_ruffwear_orange\labrador\00042_clean_tryon.png
493,Recycled Fleece Warmer,Ruffwear Climate Changer (Orange Fleece),04_recycled_fleece_warmer_ruffwear_orange,00043,Labrador Retriever,87.5,44.9,66.9,L,1.017,Good Fit,D:\3d-canine-vton-sync\unique_garments_clean_vton_matrix\04_recycled_fleece_warmer_ruffwear_orange\labrador\00043_clean_tryon.png
494,Recycled Fleece Warmer,Ruffwear Climate Changer (Orange Fleece),04_recycled_fleece_warmer_ruffwear_orange,00044,Labrador Retriever,86.2,50.6,70.4,L,1.002,Good Fit,D:\3d-canine-vton-sync\unique_garments_clean_vton_matrix\04_recycled_fleece_warmer_ruffwear_orange\labrador\00044_clean_tryon.png
495,Recycled Fleece Warmer,Ruffwear Climate Changer (Orange Fleece),04_recycled_fleece_warmer_ruffwear_orange,00045,Labrador Retriever,89.4,59.5,74.2,L,1.04,Good Fit,D:\3d-canine-vton-sync\unique_garments_clean_vton_matrix\04_recycled_fleece_warmer_ruffwear_orange\labrador\00045_clean_tryon.png
496,Recycled Fleece Warmer,Ruffwear Climate Changer (Orange Fleece),04_recycled_fleece_warmer_ruffwear_orange,00046,Labrador Retriever,88.2,56.7,72.7,L,1.026,Good Fit,D:\3d-canine-vton-sync\unique_garments_clean_vton_matrix\04_recycled_fleece_warmer_ruffwear_orange\labrador\00046_clean_tryon.png
497,Recycled Fleece Warmer,Ruffwear Climate Changer (Orange Fleece),04_recycled_fleece_warmer_ruffwear_orange,00047,Labrador Retriever,152.2,57.6,78.6,XL,1.537,Tight,D:\3d-canine-vton-sync\unique_garments_clean_vton_matrix\04_recycled_fleece_warmer_ruffwear_orange\labrador\00047_clean_tryon.png
498,Recycled Fleece Warmer,Ruffwear Climate Changer (Orange Fleece),04_recycled_fleece_warmer_ruffwear_orange,00048,Labrador Retriever,99.6,45.4,65.3,XL,1.006,Good Fit,D:\3d-canine-vton-sync\unique_garments_clean_vton_matrix\04_recycled_fleece_warmer_ruffwear_orange\labrador\00048_clean_tryon.png
499,Recycled Fleece Warmer,Ruffwear Climate Changer (Orange Fleece),04_recycled_fleece_warmer_ruffwear_orange,00049,Labrador Retriever,98.3,59.8,79.8,XL,0.993,Good Fit,D:\3d-canine-vton-sync\unique_garments_clean_vton_matrix\04_recycled_fleece_warmer_ruffwear_orange\labrador\00049_clean_tryon.png
500,Recycled Fleece Warmer,Ruffwear Climate Changer (Orange Fleece),04_recycled_fleece_warmer_ruffwear_orange,00050,Labrador Retriever,103.1,51.7,68.5,XL,1.041,Good Fit,D:\3d-canine-vton-sync\unique_garments_clean_vton_matrix\04_recycled_fleece_warmer_ruffwear_orange\labrador\00050_clean_tryon.png
501,Recycled Fleece Warmer,Ruffwear Climate Changer (Orange Fleece),04_recycled_fleece_warmer_ruffwear_orange,00051,Labrador Retriever,116.7,65.2,71.6,XL,1.179,Tight,D:\3d-canine-vton-sync\unique_garments_clean_vton_matrix\04_recycled_fleece_warmer_ruffwear_orange\labrador\00051_clean_tryon.png
502,Recycled Fleece Warmer,Ruffwear Climate Changer (Orange Fleece),04_recycled_fleece_warmer_ruffwear_orange,00052,Labrador Retriever,87.2,52.6,68.8,L,1.014,Good Fit,D:\3d-canine-vton-sync\unique_garments_clean_vton_matrix\04_recycled_fleece_warmer_ruffwear_orange\labrador\00052_clean_tryon.png
503,Recycled Fleece Warmer,Ruffwear Climate Changer (Orange Fleece),04_recycled_fleece_warmer_ruffwear_orange,00053,Labrador Retriever,86.5,61.0,79.5,L,1.006,Good Fit,D:\3d-canine-vton-sync\unique_garments_clean_vton_matrix\04_recycled_fleece_warmer_ruffwear_orange\labrador\00053_clean_tryon.png
504,Recycled Fleece Warmer,Ruffwear Climate Changer (Orange Fleece),04_recycled_fleece_warmer_ruffwear_orange,00054,Labrador Retriever,95.7,23.8,76.3,XL,0.967,Good Fit,D:\3d-canine-vton-sync\unique_garments_clean_vton_matrix\04_recycled_fleece_warmer_ruffwear_orange\labrador\00054_clean_tryon.png
505,Recycled Fleece Warmer,Ruffwear Climate Changer (Orange Fleece),04_recycled_fleece_warmer_ruffwear_orange,00055,Labrador Retriever,95.0,135.7,77.7,XL,0.96,Good Fit,D:\3d-canine-vton-sync\unique_garments_clean_vton_matrix\04_recycled_fleece_warmer_ruffwear_orange\labrador\00055_clean_tryon.png
506,Recycled Fleece Warmer,Ruffwear Climate Changer (Orange Fleece),04_recycled_fleece_warmer_ruffwear_orange,00056,Labrador Retriever,91.6,74.2,65.2,L,1.065,Tight,D:\3d-canine-vton-sync\unique_garments_clean_vton_matrix\04_recycled_fleece_warmer_ruffwear_orange\labrador\00056_clean_tryon.png
507,Recycled Fleece Warmer,Ruffwear Climate Changer (Orange Fleece),04_recycled_fleece_warmer_ruffwear_orange,00057,Labrador Retriever,96.0,33.2,66.0,XL,0.97,Good Fit,D:\3d-canine-vton-sync\unique_garments_clean_vton_matrix\04_recycled_fleece_warmer_ruffwear_orange\labrador\00057_clean_tryon.png
508,Recycled Fleece Warmer,Ruffwear Climate Changer (Orange Fleece),04_recycled_fleece_warmer_ruffwear_orange,00058,Labrador Retriever,87.6,40.0,71.6,L,1.019,Good Fit,D:\3d-canine-vton-sync\unique_garments_clean_vton_matrix\04_recycled_fleece_warmer_ruffwear_orange\labrador\00058_clean_tryon.png
509,Recycled Fleece Warmer,Ruffwear Climate Changer (Orange Fleece),04_recycled_fleece_warmer_ruffwear_orange,00059,Labrador Retriever,101.9,52.4,73.1,XL,1.029,Good Fit,D:\3d-canine-vton-sync\unique_garments_clean_vton_matrix\04_recycled_fleece_warmer_ruffwear_orange\labrador\00059_clean_tryon.png
510,Recycled Fleece Warmer,Ruffwear Climate Changer (Orange Fleece),04_recycled_fleece_warmer_ruffwear_orange,00060,Labrador Retriever,99.7,135.4,77.9,XL,1.007,Good Fit,D:\3d-canine-vton-sync\unique_garments_clean_vton_matrix\04_recycled_fleece_warmer_ruffwear_orange\labrador\00060_clean_tryon.png
511,Recycled Fleece Warmer,Ruffwear Climate Changer (Orange Fleece),04_recycled_fleece_warmer_ruffwear_orange,00061,Labrador Retriever,81.2,43.9,61.6,L,0.944,Good Fit,D:\3d-canine-vton-sync\unique_garments_clean_vton_matrix\04_recycled_fleece_warmer_ruffwear_orange\labrador\00061_clean_tryon.png
512,Recycled Fleece Warmer,Ruffwear Climate Changer (Orange Fleece),04_recycled_fleece_warmer_ruffwear_orange,00062,Labrador Retriever,92.0,51.3,71.7,L,1.07,Tight,D:\3d-canine-vton-sync\unique_garments_clean_vton_matrix\04_recycled_fleece_warmer_ruffwear_orange\labrador\00062_clean_tryon.png
513,Recycled Fleece Warmer,Ruffwear Climate Changer (Orange Fleece),04_recycled_fleece_warmer_ruffwear_orange,00063,Labrador Retriever,92.4,60.5,73.1,L,1.074,Tight,D:\3d-canine-vton-sync\unique_garments_clean_vton_matrix\04_recycled_fleece_warmer_ruffwear_orange\labrador\00063_clean_tryon.png
514,Recycled Fleece Warmer,Ruffwear Climate Changer (Orange Fleece),04_recycled_fleece_warmer_ruffwear_orange,00064,Labrador Retriever,91.8,50.6,65.0,L,1.067,Tight,D:\3d-canine-vton-sync\unique_garments_clean_vton_matrix\04_recycled_fleece_warmer_ruffwear_orange\labrador\00064_clean_tryon.png
515,Recycled Fleece Warmer,Ruffwear Climate Changer (Orange Fleece),04_recycled_fleece_warmer_ruffwear_orange,00065,Labrador Retriever,90.1,55.6,75.5,L,1.048,Good Fit,D:\3d-canine-vton-sync\unique_garments_clean_vton_matrix\04_recycled_fleece_warmer_ruffwear_orange\labrador\00065_clean_tryon.png
516,Recycled Fleece Warmer,Ruffwear Climate Changer (Orange Fleece),04_recycled_fleece_warmer_ruffwear_orange,00066,Labrador Retriever,85.8,58.4,77.2,L,0.998,Good Fit,D:\3d-canine-vton-sync\unique_garments_clean_vton_matrix\04_recycled_fleece_warmer_ruffwear_orange\labrador\00066_clean_tryon.png
517,Heritage Canvas Coat,Carhartt Chore Coat (Brown Duck Canvas),05_heritage_canvas_chore_coat_carhartt_brown,00001,Golden Retriever,83.9,61.8,58.5,L,0.976,Good Fit,D:\3d-canine-vton-sync\unique_garments_clean_vton_matrix\05_heritage_canvas_chore_coat_carhartt_brown\golden\00001_clean_tryon.png
518,Heritage Canvas Coat,Carhartt Chore Coat (Brown Duck Canvas),05_heritage_canvas_chore_coat_carhartt_brown,00002,Golden Retriever,102.9,56.7,78.7,XL,1.039,Good Fit,D:\3d-canine-vton-sync\unique_garments_clean_vton_matrix\05_heritage_canvas_chore_coat_carhartt_brown\golden\00002_clean_tryon.png
519,Heritage Canvas Coat,Carhartt Chore Coat (Brown Duck Canvas),05_heritage_canvas_chore_coat_carhartt_brown,00003,Golden Retriever,93.2,47.2,75.4,XL,0.941,Good Fit,D:\3d-canine-vton-sync\unique_garments_clean_vton_matrix\05_heritage_canvas_chore_coat_carhartt_brown\golden\00003_clean_tryon.png
520,Heritage Canvas Coat,Carhartt Chore Coat (Brown Duck Canvas),05_heritage_canvas_chore_coat_carhartt_brown,00004,Golden Retriever,80.0,44.9,68.4,M,1.067,Good Fit,D:\3d-canine-vton-sync\unique_garments_clean_vton_matrix\05_heritage_canvas_chore_coat_carhartt_brown\golden\00004_clean_tryon.png
521,Heritage Canvas Coat,Carhartt Chore Coat (Brown Duck Canvas),05_heritage_canvas_chore_coat_carhartt_brown,00005,Golden Retriever,86.4,44.9,69.1,L,1.005,Good Fit,D:\3d-canine-vton-sync\unique_garments_clean_vton_matrix\05_heritage_canvas_chore_coat_carhartt_brown\golden\00005_clean_tryon.png
522,Heritage Canvas Coat,Carhartt Chore Coat (Brown Duck Canvas),05_heritage_canvas_chore_coat_carhartt_brown,00006,Golden Retriever,80.8,82.9,57.0,L,0.94,Loose,D:\3d-canine-vton-sync\unique_garments_clean_vton_matrix\05_heritage_canvas_chore_coat_carhartt_brown\golden\00006_clean_tryon.png
523,Heritage Canvas Coat,Carhartt Chore Coat (Brown Duck Canvas),05_heritage_canvas_chore_coat_carhartt_brown,00007,Golden Retriever,82.9,41.5,74.2,L,0.964,Good Fit,D:\3d-canine-vton-sync\unique_garments_clean_vton_matrix\05_heritage_canvas_chore_coat_carhartt_brown\golden\00007_clean_tryon.png
524,Heritage Canvas Coat,Carhartt Chore Coat (Brown Duck Canvas),05_heritage_canvas_chore_coat_carhartt_brown,00008,Golden Retriever,91.3,47.8,47.5,L,1.062,Tight,D:\3d-canine-vton-sync\unique_garments_clean_vton_matrix\05_heritage_canvas_chore_coat_carhartt_brown\golden\00008_clean_tryon.png
525,Heritage Canvas Coat,Carhartt Chore Coat (Brown Duck Canvas),05_heritage_canvas_chore_coat_carhartt_brown,00009,Golden Retriever,97.4,42.3,81.7,XL,0.984,Good Fit,D:\3d-canine-vton-sync\unique_garments_clean_vton_matrix\05_heritage_canvas_chore_coat_carhartt_brown\golden\00009_clean_tryon.png
526,Heritage Canvas Coat,Carhartt Chore Coat (Brown Duck Canvas),05_heritage_canvas_chore_coat_carhartt_brown,00010,Golden Retriever,89.5,52.9,66.6,L,1.041,Good Fit,D:\3d-canine-vton-sync\unique_garments_clean_vton_matrix\05_heritage_canvas_chore_coat_carhartt_brown\golden\00010_clean_tryon.png
527,Heritage Canvas Coat,Carhartt Chore Coat (Brown Duck Canvas),05_heritage_canvas_chore_coat_carhartt_brown,00011,Golden Retriever,119.3,50.9,69.8,XL,1.205,Tight,D:\3d-canine-vton-sync\unique_garments_clean_vton_matrix\05_heritage_canvas_chore_coat_carhartt_brown\golden\00011_clean_tryon.png
528,Heritage Canvas Coat,Carhartt Chore Coat (Brown Duck Canvas),05_heritage_canvas_chore_coat_carhartt_brown,00012,Golden Retriever,84.7,58.8,75.3,L,0.985,Good Fit,D:\3d-canine-vton-sync\unique_garments_clean_vton_matrix\05_heritage_canvas_chore_coat_carhartt_brown\golden\00012_clean_tryon.png
529,Heritage Canvas Coat,Carhartt Chore Coat (Brown Duck Canvas),05_heritage_canvas_chore_coat_carhartt_brown,00013,Golden Retriever,89.7,45.7,67.7,L,1.043,Good Fit,D:\3d-canine-vton-sync\unique_garments_clean_vton_matrix\05_heritage_canvas_chore_coat_carhartt_brown\golden\00013_clean_tryon.png
530,Heritage Canvas Coat,Carhartt Chore Coat (Brown Duck Canvas),05_heritage_canvas_chore_coat_carhartt_brown,00014,Golden Retriever,88.2,56.7,76.9,L,1.026,Good Fit,D:\3d-canine-vton-sync\unique_garments_clean_vton_matrix\05_heritage_canvas_chore_coat_carhartt_brown\golden\00014_clean_tryon.png
531,Heritage Canvas Coat,Carhartt Chore Coat (Brown Duck Canvas),05_heritage_canvas_chore_coat_carhartt_brown,00015,Golden Retriever,155.4,46.2,66.0,XL,1.57,Tight,D:\3d-canine-vton-sync\unique_garments_clean_vton_matrix\05_heritage_canvas_chore_coat_carhartt_brown\golden\00015_clean_tryon.png
532,Heritage Canvas Coat,Carhartt Chore Coat (Brown Duck Canvas),05_heritage_canvas_chore_coat_carhartt_brown,00016,Golden Retriever,77.9,64.8,66.4,M,1.039,Good Fit,D:\3d-canine-vton-sync\unique_garments_clean_vton_matrix\05_heritage_canvas_chore_coat_carhartt_brown\golden\00016_clean_tryon.png
533,Heritage Canvas Coat,Carhartt Chore Coat (Brown Duck Canvas),05_heritage_canvas_chore_coat_carhartt_brown,00017,Golden Retriever,157.2,45.5,67.1,XL,1.588,Tight,D:\3d-canine-vton-sync\unique_garments_clean_vton_matrix\05_heritage_canvas_chore_coat_carhartt_brown\golden\00017_clean_tryon.png
534,Heritage Canvas Coat,Carhartt Chore Coat (Brown Duck Canvas),05_heritage_canvas_chore_coat_carhartt_brown,00018,Golden Retriever,96.8,59.8,78.3,XL,0.978,Good Fit,D:\3d-canine-vton-sync\unique_garments_clean_vton_matrix\05_heritage_canvas_chore_coat_carhartt_brown\golden\00018_clean_tryon.png
535,Heritage Canvas Coat,Carhartt Chore Coat (Brown Duck Canvas),05_heritage_canvas_chore_coat_carhartt_brown,00019,Golden Retriever,83.5,52.3,71.8,L,0.971,Good Fit,D:\3d-canine-vton-sync\unique_garments_clean_vton_matrix\05_heritage_canvas_chore_coat_carhartt_brown\golden\00019_clean_tryon.png
536,Heritage Canvas Coat,Carhartt Chore Coat (Brown Duck Canvas),05_heritage_canvas_chore_coat_carhartt_brown,00020,Golden Retriever,105.1,45.1,68.2,XL,1.062,Good Fit,D:\3d-canine-vton-sync\unique_garments_clean_vton_matrix\05_heritage_canvas_chore_coat_carhartt_brown\golden\00020_clean_tryon.png
537,Heritage Canvas Coat,Carhartt Chore Coat (Brown Duck Canvas),05_heritage_canvas_chore_coat_carhartt_brown,00021,Golden Retriever,85.2,47.6,68.2,L,0.991,Good Fit,D:\3d-canine-vton-sync\unique_garments_clean_vton_matrix\05_heritage_canvas_chore_coat_carhartt_brown\golden\00021_clean_tryon.png
538,Heritage Canvas Coat,Carhartt Chore Coat (Brown Duck Canvas),05_heritage_canvas_chore_coat_carhartt_brown,00022,Golden Retriever,83.6,52.9,59.1,L,0.972,Good Fit,D:\3d-canine-vton-sync\unique_garments_clean_vton_matrix\05_heritage_canvas_chore_coat_carhartt_brown\golden\00022_clean_tryon.png
539,Heritage Canvas Coat,Carhartt Chore Coat (Brown Duck Canvas),05_heritage_canvas_chore_coat_carhartt_brown,00023,Golden Retriever,85.9,87.8,66.0,L,0.999,Good Fit,D:\3d-canine-vton-sync\unique_garments_clean_vton_matrix\05_heritage_canvas_chore_coat_carhartt_brown\golden\00023_clean_tryon.png
540,Heritage Canvas Coat,Carhartt Chore Coat (Brown Duck Canvas),05_heritage_canvas_chore_coat_carhartt_brown,00024,Golden Retriever,93.4,48.2,68.2,XL,0.943,Good Fit,D:\3d-canine-vton-sync\unique_garments_clean_vton_matrix\05_heritage_canvas_chore_coat_carhartt_brown\golden\00024_clean_tryon.png
541,Heritage Canvas Coat,Carhartt Chore Coat (Brown Duck Canvas),05_heritage_canvas_chore_coat_carhartt_brown,00025,Golden Retriever,93.3,123.9,64.3,XL,0.942,Good Fit,D:\3d-canine-vton-sync\unique_garments_clean_vton_matrix\05_heritage_canvas_chore_coat_carhartt_brown\golden\00025_clean_tryon.png
542,Heritage Canvas Coat,Carhartt Chore Coat (Brown Duck Canvas),05_heritage_canvas_chore_coat_carhartt_brown,00026,Golden Retriever,91.5,50.4,71.0,L,1.064,Tight,D:\3d-canine-vton-sync\unique_garments_clean_vton_matrix\05_heritage_canvas_chore_coat_carhartt_brown\golden\00026_clean_tryon.png
543,Heritage Canvas Coat,Carhartt Chore Coat (Brown Duck Canvas),05_heritage_canvas_chore_coat_carhartt_brown,00027,Golden Retriever,86.4,55.1,59.4,L,1.005,Good Fit,D:\3d-canine-vton-sync\unique_garments_clean_vton_matrix\05_heritage_canvas_chore_coat_carhartt_brown\golden\00027_clean_tryon.png
544,Heritage Canvas Coat,Carhartt Chore Coat (Brown Duck Canvas),05_heritage_canvas_chore_coat_carhartt_brown,00028,Golden Retriever,88.3,42.7,77.2,L,1.027,Good Fit,D:\3d-canine-vton-sync\unique_garments_clean_vton_matrix\05_heritage_canvas_chore_coat_carhartt_brown\golden\00028_clean_tryon.png
545,Heritage Canvas Coat,Carhartt Chore Coat (Brown Duck Canvas),05_heritage_canvas_chore_coat_carhartt_brown,00029,Golden Retriever,148.2,35.3,57.3,XL,1.497,Tight,D:\3d-canine-vton-sync\unique_garments_clean_vton_matrix\05_heritage_canvas_chore_coat_carhartt_brown\golden\00029_clean_tryon.png
546,Heritage Canvas Coat,Carhartt Chore Coat (Brown Duck Canvas),05_heritage_canvas_chore_coat_carhartt_brown,00030,Golden Retriever,95.9,63.2,83.3,XL,0.969,Good Fit,D:\3d-canine-vton-sync\unique_garments_clean_vton_matrix\05_heritage_canvas_chore_coat_carhartt_brown\golden\00030_clean_tryon.png
547,Heritage Canvas Coat,Carhartt Chore Coat (Brown Duck Canvas),05_heritage_canvas_chore_coat_carhartt_brown,00031,Golden Retriever,90.2,37.9,60.4,L,1.049,Good Fit,D:\3d-canine-vton-sync\unique_garments_clean_vton_matrix\05_heritage_canvas_chore_coat_carhartt_brown\golden\00031_clean_tryon.png
548,Heritage Canvas Coat,Carhartt Chore Coat (Brown Duck Canvas),05_heritage_canvas_chore_coat_carhartt_brown,00032,Golden Retriever,82.8,23.7,59.4,L,0.963,Good Fit,D:\3d-canine-vton-sync\unique_garments_clean_vton_matrix\05_heritage_canvas_chore_coat_carhartt_brown\golden\00032_clean_tryon.png
549,Heritage Canvas Coat,Carhartt Chore Coat (Brown Duck Canvas),05_heritage_canvas_chore_coat_carhartt_brown,00033,Golden Retriever,104.3,58.8,80.9,XL,1.054,Good Fit,D:\3d-canine-vton-sync\unique_garments_clean_vton_matrix\05_heritage_canvas_chore_coat_carhartt_brown\golden\00033_clean_tryon.png
550,Heritage Canvas Coat,Carhartt Chore Coat (Brown Duck Canvas),05_heritage_canvas_chore_coat_carhartt_brown,00034,Golden Retriever,93.3,59.6,80.0,XL,0.942,Good Fit,D:\3d-canine-vton-sync\unique_garments_clean_vton_matrix\05_heritage_canvas_chore_coat_carhartt_brown\golden\00034_clean_tryon.png
551,Heritage Canvas Coat,Carhartt Chore Coat (Brown Duck Canvas),05_heritage_canvas_chore_coat_carhartt_brown,00035,Golden Retriever,100.0,111.8,85.9,XL,1.01,Good Fit,D:\3d-canine-vton-sync\unique_garments_clean_vton_matrix\05_heritage_canvas_chore_coat_carhartt_brown\golden\00035_clean_tryon.png
552,Heritage Canvas Coat,Carhartt Chore Coat (Brown Duck Canvas),05_heritage_canvas_chore_coat_carhartt_brown,00036,Golden Retriever,134.9,112.0,85.8,XL,1.363,Tight,D:\3d-canine-vton-sync\unique_garments_clean_vton_matrix\05_heritage_canvas_chore_coat_carhartt_brown\golden\00036_clean_tryon.png
553,Heritage Canvas Coat,Carhartt Chore Coat (Brown Duck Canvas),05_heritage_canvas_chore_coat_carhartt_brown,00037,Golden Retriever,93.7,19.9,60.5,XL,0.946,Good Fit,D:\3d-canine-vton-sync\unique_garments_clean_vton_matrix\05_heritage_canvas_chore_coat_carhartt_brown\golden\00037_clean_tryon.png
554,Heritage Canvas Coat,Carhartt Chore Coat (Brown Duck Canvas),05_heritage_canvas_chore_coat_carhartt_brown,00038,Golden Retriever,86.3,60.0,74.4,L,1.003,Good Fit,D:\3d-canine-vton-sync\unique_garments_clean_vton_matrix\05_heritage_canvas_chore_coat_carhartt_brown\golden\00038_clean_tryon.png
555,Heritage Canvas Coat,Carhartt Chore Coat (Brown Duck Canvas),05_heritage_canvas_chore_coat_carhartt_brown,00039,Golden Retriever,87.4,49.1,69.4,L,1.016,Good Fit,D:\3d-canine-vton-sync\unique_garments_clean_vton_matrix\05_heritage_canvas_chore_coat_carhartt_brown\golden\00039_clean_tryon.png
556,Heritage Canvas Coat,Carhartt Chore Coat (Brown Duck Canvas),05_heritage_canvas_chore_coat_carhartt_brown,00040,Golden Retriever,100.0,61.8,77.9,XL,1.01,Good Fit,D:\3d-canine-vton-sync\unique_garments_clean_vton_matrix\05_heritage_canvas_chore_coat_carhartt_brown\golden\00040_clean_tryon.png
557,Heritage Canvas Coat,Carhartt Chore Coat (Brown Duck Canvas),05_heritage_canvas_chore_coat_carhartt_brown,00041,Golden Retriever,95.3,139.9,87.9,XL,0.963,Good Fit,D:\3d-canine-vton-sync\unique_garments_clean_vton_matrix\05_heritage_canvas_chore_coat_carhartt_brown\golden\00041_clean_tryon.png
558,Heritage Canvas Coat,Carhartt Chore Coat (Brown Duck Canvas),05_heritage_canvas_chore_coat_carhartt_brown,00042,Golden Retriever,81.8,53.3,62.4,L,0.951,Good Fit,D:\3d-canine-vton-sync\unique_garments_clean_vton_matrix\05_heritage_canvas_chore_coat_carhartt_brown\golden\00042_clean_tryon.png
559,Heritage Canvas Coat,Carhartt Chore Coat (Brown Duck Canvas),05_heritage_canvas_chore_coat_carhartt_brown,00043,Golden Retriever,119.0,48.9,78.6,XL,1.202,Tight,D:\3d-canine-vton-sync\unique_garments_clean_vton_matrix\05_heritage_canvas_chore_coat_carhartt_brown\golden\00043_clean_tryon.png
560,Heritage Canvas Coat,Carhartt Chore Coat (Brown Duck Canvas),05_heritage_canvas_chore_coat_carhartt_brown,00044,Golden Retriever,82.3,54.2,73.3,L,0.957,Good Fit,D:\3d-canine-vton-sync\unique_garments_clean_vton_matrix\05_heritage_canvas_chore_coat_carhartt_brown\golden\00044_clean_tryon.png
561,Heritage Canvas Coat,Carhartt Chore Coat (Brown Duck Canvas),05_heritage_canvas_chore_coat_carhartt_brown,00045,Golden Retriever,88.9,135.7,90.6,L,1.034,Good Fit,D:\3d-canine-vton-sync\unique_garments_clean_vton_matrix\05_heritage_canvas_chore_coat_carhartt_brown\golden\00045_clean_tryon.png
562,Heritage Canvas Coat,Carhartt Chore Coat (Brown Duck Canvas),05_heritage_canvas_chore_coat_carhartt_brown,00046,Golden Retriever,118.5,66.7,69.4,XL,1.197,Tight,D:\3d-canine-vton-sync\unique_garments_clean_vton_matrix\05_heritage_canvas_chore_coat_carhartt_brown\golden\00046_clean_tryon.png
563,Heritage Canvas Coat,Carhartt Chore Coat (Brown Duck Canvas),05_heritage_canvas_chore_coat_carhartt_brown,00047,Golden Retriever,71.5,42.7,59.7,M,0.953,Good Fit,D:\3d-canine-vton-sync\unique_garments_clean_vton_matrix\05_heritage_canvas_chore_coat_carhartt_brown\golden\00047_clean_tryon.png
564,Heritage Canvas Coat,Carhartt Chore Coat (Brown Duck Canvas),05_heritage_canvas_chore_coat_carhartt_brown,00048,Golden Retriever,100.3,55.9,83.0,XL,1.013,Good Fit,D:\3d-canine-vton-sync\unique_garments_clean_vton_matrix\05_heritage_canvas_chore_coat_carhartt_brown\golden\00048_clean_tryon.png
565,Heritage Canvas Coat,Carhartt Chore Coat (Brown Duck Canvas),05_heritage_canvas_chore_coat_carhartt_brown,00049,Golden Retriever,116.7,56.3,74.7,XL,1.179,Tight,D:\3d-canine-vton-sync\unique_garments_clean_vton_matrix\05_heritage_canvas_chore_coat_carhartt_brown\golden\00049_clean_tryon.png
566,Heritage Canvas Coat,Carhartt Chore Coat (Brown Duck Canvas),05_heritage_canvas_chore_coat_carhartt_brown,00050,Golden Retriever,90.7,52.9,72.1,L,1.055,Good Fit,D:\3d-canine-vton-sync\unique_garments_clean_vton_matrix\05_heritage_canvas_chore_coat_carhartt_brown\golden\00050_clean_tryon.png
567,Heritage Canvas Coat,Carhartt Chore Coat (Brown Duck Canvas),05_heritage_canvas_chore_coat_carhartt_brown,00051,Golden Retriever,95.4,49.5,61.6,XL,0.964,Good Fit,D:\3d-canine-vton-sync\unique_garments_clean_vton_matrix\05_heritage_canvas_chore_coat_carhartt_brown\golden\00051_clean_tryon.png
568,Heritage Canvas Coat,Carhartt Chore Coat (Brown Duck Canvas),05_heritage_canvas_chore_coat_carhartt_brown,00052,Golden Retriever,96.7,48.3,70.0,XL,0.977,Good Fit,D:\3d-canine-vton-sync\unique_garments_clean_vton_matrix\05_heritage_canvas_chore_coat_carhartt_brown\golden\00052_clean_tryon.png
569,Heritage Canvas Coat,Carhartt Chore Coat (Brown Duck Canvas),05_heritage_canvas_chore_coat_carhartt_brown,00053,Golden Retriever,87.1,109.0,68.4,L,1.013,Good Fit,D:\3d-canine-vton-sync\unique_garments_clean_vton_matrix\05_heritage_canvas_chore_coat_carhartt_brown\golden\00053_clean_tryon.png
570,Heritage Canvas Coat,Carhartt Chore Coat (Brown Duck Canvas),05_heritage_canvas_chore_coat_carhartt_brown,00054,Golden Retriever,99.1,52.7,72.6,XL,1.001,Good Fit,D:\3d-canine-vton-sync\unique_garments_clean_vton_matrix\05_heritage_canvas_chore_coat_carhartt_brown\golden\00054_clean_tryon.png
571,Heritage Canvas Coat,Carhartt Chore Coat (Brown Duck Canvas),05_heritage_canvas_chore_coat_carhartt_brown,00055,Golden Retriever,91.3,23.9,79.0,L,1.062,Tight,D:\3d-canine-vton-sync\unique_garments_clean_vton_matrix\05_heritage_canvas_chore_coat_carhartt_brown\golden\00055_clean_tryon.png
572,Heritage Canvas Coat,Carhartt Chore Coat (Brown Duck Canvas),05_heritage_canvas_chore_coat_carhartt_brown,00056,Golden Retriever,102.4,57.5,80.0,XL,1.034,Good Fit,D:\3d-canine-vton-sync\unique_garments_clean_vton_matrix\05_heritage_canvas_chore_coat_carhartt_brown\golden\00056_clean_tryon.png
573,Heritage Canvas Coat,Carhartt Chore Coat (Brown Duck Canvas),05_heritage_canvas_chore_coat_carhartt_brown,00057,Golden Retriever,81.8,46.1,62.1,L,0.951,Good Fit,D:\3d-canine-vton-sync\unique_garments_clean_vton_matrix\05_heritage_canvas_chore_coat_carhartt_brown\golden\00057_clean_tryon.png
574,Heritage Canvas Coat,Carhartt Chore Coat (Brown Duck Canvas),05_heritage_canvas_chore_coat_carhartt_brown,00058,Golden Retriever,65.5,56.7,76.8,S,1.048,Good Fit,D:\3d-canine-vton-sync\unique_garments_clean_vton_matrix\05_heritage_canvas_chore_coat_carhartt_brown\golden\00058_clean_tryon.png
575,Heritage Canvas Coat,Carhartt Chore Coat (Brown Duck Canvas),05_heritage_canvas_chore_coat_carhartt_brown,00059,Golden Retriever,87.6,42.4,71.2,L,1.019,Good Fit,D:\3d-canine-vton-sync\unique_garments_clean_vton_matrix\05_heritage_canvas_chore_coat_carhartt_brown\golden\00059_clean_tryon.png
576,Heritage Canvas Coat,Carhartt Chore Coat (Brown Duck Canvas),05_heritage_canvas_chore_coat_carhartt_brown,00060,Golden Retriever,85.0,56.6,76.2,L,0.988,Good Fit,D:\3d-canine-vton-sync\unique_garments_clean_vton_matrix\05_heritage_canvas_chore_coat_carhartt_brown\golden\00060_clean_tryon.png
577,Heritage Canvas Coat,Carhartt Chore Coat (Brown Duck Canvas),05_heritage_canvas_chore_coat_carhartt_brown,00061,Golden Retriever,91.8,56.1,84.7,L,1.067,Tight,D:\3d-canine-vton-sync\unique_garments_clean_vton_matrix\05_heritage_canvas_chore_coat_carhartt_brown\golden\00061_clean_tryon.png
578,Heritage Canvas Coat,Carhartt Chore Coat (Brown Duck Canvas),05_heritage_canvas_chore_coat_carhartt_brown,00062,Golden Retriever,100.5,61.8,84.4,XL,1.015,Good Fit,D:\3d-canine-vton-sync\unique_garments_clean_vton_matrix\05_heritage_canvas_chore_coat_carhartt_brown\golden\00062_clean_tryon.png
579,Heritage Canvas Coat,Carhartt Chore Coat (Brown Duck Canvas),05_heritage_canvas_chore_coat_carhartt_brown,00063,Golden Retriever,94.1,21.1,78.4,XL,0.951,Good Fit,D:\3d-canine-vton-sync\unique_garments_clean_vton_matrix\05_heritage_canvas_chore_coat_carhartt_brown\golden\00063_clean_tryon.png
580,Heritage Canvas Coat,Carhartt Chore Coat (Brown Duck Canvas),05_heritage_canvas_chore_coat_carhartt_brown,00001,Labrador Retriever,85.8,103.0,75.8,L,0.998,Good Fit,D:\3d-canine-vton-sync\unique_garments_clean_vton_matrix\05_heritage_canvas_chore_coat_carhartt_brown\labrador\00001_clean_tryon.png
581,Heritage Canvas Coat,Carhartt Chore Coat (Brown Duck Canvas),05_heritage_canvas_chore_coat_carhartt_brown,00002,Labrador Retriever,96.8,51.5,67.9,XL,0.978,Good Fit,D:\3d-canine-vton-sync\unique_garments_clean_vton_matrix\05_heritage_canvas_chore_coat_carhartt_brown\labrador\00002_clean_tryon.png
582,Heritage Canvas Coat,Carhartt Chore Coat (Brown Duck Canvas),05_heritage_canvas_chore_coat_carhartt_brown,00003,Labrador Retriever,97.9,54.3,64.1,XL,0.989,Good Fit,D:\3d-canine-vton-sync\unique_garments_clean_vton_matrix\05_heritage_canvas_chore_coat_carhartt_brown\labrador\00003_clean_tryon.png
583,Heritage Canvas Coat,Carhartt Chore Coat (Brown Duck Canvas),05_heritage_canvas_chore_coat_carhartt_brown,00004,Labrador Retriever,91.8,52.7,75.8,L,1.067,Tight,D:\3d-canine-vton-sync\unique_garments_clean_vton_matrix\05_heritage_canvas_chore_coat_carhartt_brown\labrador\00004_clean_tryon.png
584,Heritage Canvas Coat,Carhartt Chore Coat (Brown Duck Canvas),05_heritage_canvas_chore_coat_carhartt_brown,00005,Labrador Retriever,76.7,47.6,68.4,M,1.023,Good Fit,D:\3d-canine-vton-sync\unique_garments_clean_vton_matrix\05_heritage_canvas_chore_coat_carhartt_brown\labrador\00005_clean_tryon.png
585,Heritage Canvas Coat,Carhartt Chore Coat (Brown Duck Canvas),05_heritage_canvas_chore_coat_carhartt_brown,00006,Labrador Retriever,88.8,7.8,60.8,L,1.033,Good Fit,D:\3d-canine-vton-sync\unique_garments_clean_vton_matrix\05_heritage_canvas_chore_coat_carhartt_brown\labrador\00006_clean_tryon.png
586,Heritage Canvas Coat,Carhartt Chore Coat (Brown Duck Canvas),05_heritage_canvas_chore_coat_carhartt_brown,00007,Labrador Retriever,80.8,52.3,69.1,L,0.94,Loose,D:\3d-canine-vton-sync\unique_garments_clean_vton_matrix\05_heritage_canvas_chore_coat_carhartt_brown\labrador\00007_clean_tryon.png
587,Heritage Canvas Coat,Carhartt Chore Coat (Brown Duck Canvas),05_heritage_canvas_chore_coat_carhartt_brown,00008,Labrador Retriever,78.7,21.2,89.4,M,1.049,Good Fit,D:\3d-canine-vton-sync\unique_garments_clean_vton_matrix\05_heritage_canvas_chore_coat_carhartt_brown\labrador\00008_clean_tryon.png
588,Heritage Canvas Coat,Carhartt Chore Coat (Brown Duck Canvas),05_heritage_canvas_chore_coat_carhartt_brown,00009,Labrador Retriever,92.6,42.5,66.8,XL,0.935,Good Fit,D:\3d-canine-vton-sync\unique_garments_clean_vton_matrix\05_heritage_canvas_chore_coat_carhartt_brown\labrador\00009_clean_tryon.png
589,Heritage Canvas Coat,Carhartt Chore Coat (Brown Duck Canvas),05_heritage_canvas_chore_coat_carhartt_brown,00010,Labrador Retriever,134.5,51.0,68.2,XL,1.359,Tight,D:\3d-canine-vton-sync\unique_garments_clean_vton_matrix\05_heritage_canvas_chore_coat_carhartt_brown\labrador\00010_clean_tryon.png
590,Heritage Canvas Coat,Carhartt Chore Coat (Brown Duck Canvas),05_heritage_canvas_chore_coat_carhartt_brown,00011,Labrador Retriever,99.0,61.2,80.3,XL,1.0,Good Fit,D:\3d-canine-vton-sync\unique_garments_clean_vton_matrix\05_heritage_canvas_chore_coat_carhartt_brown\labrador\00011_clean_tryon.png
591,Heritage Canvas Coat,Carhartt Chore Coat (Brown Duck Canvas),05_heritage_canvas_chore_coat_carhartt_brown,00012,Labrador Retriever,94.6,59.4,79.9,XL,0.956,Good Fit,D:\3d-canine-vton-sync\unique_garments_clean_vton_matrix\05_heritage_canvas_chore_coat_carhartt_brown\labrador\00012_clean_tryon.png
592,Heritage Canvas Coat,Carhartt Chore Coat (Brown Duck Canvas),05_heritage_canvas_chore_coat_carhartt_brown,00013,Labrador Retriever,91.4,39.6,51.1,L,1.063,Tight,D:\3d-canine-vton-sync\unique_garments_clean_vton_matrix\05_heritage_canvas_chore_coat_carhartt_brown\labrador\00013_clean_tryon.png
593,Heritage Canvas Coat,Carhartt Chore Coat (Brown Duck Canvas),05_heritage_canvas_chore_coat_carhartt_brown,00014,Labrador Retriever,89.7,49.6,81.1,L,1.043,Good Fit,D:\3d-canine-vton-sync\unique_garments_clean_vton_matrix\05_heritage_canvas_chore_coat_carhartt_brown\labrador\00014_clean_tryon.png
594,Heritage Canvas Coat,Carhartt Chore Coat (Brown Duck Canvas),05_heritage_canvas_chore_coat_carhartt_brown,00015,Labrador Retriever,113.0,50.4,71.4,XL,1.141,Tight,D:\3d-canine-vton-sync\unique_garments_clean_vton_matrix\05_heritage_canvas_chore_coat_carhartt_brown\labrador\00015_clean_tryon.png
595,Heritage Canvas Coat,Carhartt Chore Coat (Brown Duck Canvas),05_heritage_canvas_chore_coat_carhartt_brown,00016,Labrador Retriever,96.5,58.5,76.9,XL,0.975,Good Fit,D:\3d-canine-vton-sync\unique_garments_clean_vton_matrix\05_heritage_canvas_chore_coat_carhartt_brown\labrador\00016_clean_tryon.png
596,Heritage Canvas Coat,Carhartt Chore Coat (Brown Duck Canvas),05_heritage_canvas_chore_coat_carhartt_brown,00017,Labrador Retriever,97.2,60.1,80.4,XL,0.982,Good Fit,D:\3d-canine-vton-sync\unique_garments_clean_vton_matrix\05_heritage_canvas_chore_coat_carhartt_brown\labrador\00017_clean_tryon.png
597,Heritage Canvas Coat,Carhartt Chore Coat (Brown Duck Canvas),05_heritage_canvas_chore_coat_carhartt_brown,00018,Labrador Retriever,94.9,62.0,80.2,XL,0.959,Good Fit,D:\3d-canine-vton-sync\unique_garments_clean_vton_matrix\05_heritage_canvas_chore_coat_carhartt_brown\labrador\00018_clean_tryon.png
598,Heritage Canvas Coat,Carhartt Chore Coat (Brown Duck Canvas),05_heritage_canvas_chore_coat_carhartt_brown,00019,Labrador Retriever,96.8,39.5,70.6,XL,0.978,Good Fit,D:\3d-canine-vton-sync\unique_garments_clean_vton_matrix\05_heritage_canvas_chore_coat_carhartt_brown\labrador\00019_clean_tryon.png
599,Heritage Canvas Coat,Carhartt Chore Coat (Brown Duck Canvas),05_heritage_canvas_chore_coat_carhartt_brown,00020,Labrador Retriever,86.3,55.5,68.4,L,1.003,Good Fit,D:\3d-canine-vton-sync\unique_garments_clean_vton_matrix\05_heritage_canvas_chore_coat_carhartt_brown\labrador\00020_clean_tryon.png
600,Heritage Canvas Coat,Carhartt Chore Coat (Brown Duck Canvas),05_heritage_canvas_chore_coat_carhartt_brown,00021,Labrador Retriever,92.9,18.4,68.3,XL,0.938,Good Fit,D:\3d-canine-vton-sync\unique_garments_clean_vton_matrix\05_heritage_canvas_chore_coat_carhartt_brown\labrador\00021_clean_tryon.png
601,Heritage Canvas Coat,Carhartt Chore Coat (Brown Duck Canvas),05_heritage_canvas_chore_coat_carhartt_brown,00022,Labrador Retriever,85.8,48.4,69.8,L,0.998,Good Fit,D:\3d-canine-vton-sync\unique_garments_clean_vton_matrix\05_heritage_canvas_chore_coat_carhartt_brown\labrador\00022_clean_tryon.png
602,Heritage Canvas Coat,Carhartt Chore Coat (Brown Duck Canvas),05_heritage_canvas_chore_coat_carhartt_brown,00023,Labrador Retriever,89.7,128.9,63.7,L,1.043,Good Fit,D:\3d-canine-vton-sync\unique_garments_clean_vton_matrix\05_heritage_canvas_chore_coat_carhartt_brown\labrador\00023_clean_tryon.png
603,Heritage Canvas Coat,Carhartt Chore Coat (Brown Duck Canvas),05_heritage_canvas_chore_coat_carhartt_brown,00024,Labrador Retriever,90.7,55.2,73.1,L,1.055,Good Fit,D:\3d-canine-vton-sync\unique_garments_clean_vton_matrix\05_heritage_canvas_chore_coat_carhartt_brown\labrador\00024_clean_tryon.png
604,Heritage Canvas Coat,Carhartt Chore Coat (Brown Duck Canvas),05_heritage_canvas_chore_coat_carhartt_brown,00025,Labrador Retriever,101.2,40.0,69.1,XL,1.022,Good Fit,D:\3d-canine-vton-sync\unique_garments_clean_vton_matrix\05_heritage_canvas_chore_coat_carhartt_brown\labrador\00025_clean_tryon.png
605,Heritage Canvas Coat,Carhartt Chore Coat (Brown Duck Canvas),05_heritage_canvas_chore_coat_carhartt_brown,00026,Labrador Retriever,91.5,53.6,72.3,L,1.064,Tight,D:\3d-canine-vton-sync\unique_garments_clean_vton_matrix\05_heritage_canvas_chore_coat_carhartt_brown\labrador\00026_clean_tryon.png
606,Heritage Canvas Coat,Carhartt Chore Coat (Brown Duck Canvas),05_heritage_canvas_chore_coat_carhartt_brown,00027,Labrador Retriever,86.5,51.0,72.4,L,1.006,Good Fit,D:\3d-canine-vton-sync\unique_garments_clean_vton_matrix\05_heritage_canvas_chore_coat_carhartt_brown\labrador\00027_clean_tryon.png
607,Heritage Canvas Coat,Carhartt Chore Coat (Brown Duck Canvas),05_heritage_canvas_chore_coat_carhartt_brown,00028,Labrador Retriever,85.5,53.9,79.5,L,0.994,Good Fit,D:\3d-canine-vton-sync\unique_garments_clean_vton_matrix\05_heritage_canvas_chore_coat_carhartt_brown\labrador\00028_clean_tryon.png
608,Heritage Canvas Coat,Carhartt Chore Coat (Brown Duck Canvas),05_heritage_canvas_chore_coat_carhartt_brown,00029,Labrador Retriever,96.8,53.0,71.2,XL,0.978,Good Fit,D:\3d-canine-vton-sync\unique_garments_clean_vton_matrix\05_heritage_canvas_chore_coat_carhartt_brown\labrador\00029_clean_tryon.png
609,Heritage Canvas Coat,Carhartt Chore Coat (Brown Duck Canvas),05_heritage_canvas_chore_coat_carhartt_brown,00030,Labrador Retriever,107.4,36.1,62.3,XL,1.085,Tight,D:\3d-canine-vton-sync\unique_garments_clean_vton_matrix\05_heritage_canvas_chore_coat_carhartt_brown\labrador\00030_clean_tryon.png
610,Heritage Canvas Coat,Carhartt Chore Coat (Brown Duck Canvas),05_heritage_canvas_chore_coat_carhartt_brown,00031,Labrador Retriever,87.7,60.9,81.0,L,1.02,Good Fit,D:\3d-canine-vton-sync\unique_garments_clean_vton_matrix\05_heritage_canvas_chore_coat_carhartt_brown\labrador\00031_clean_tryon.png
611,Heritage Canvas Coat,Carhartt Chore Coat (Brown Duck Canvas),05_heritage_canvas_chore_coat_carhartt_brown,00032,Labrador Retriever,80.4,53.9,59.5,M,1.072,Good Fit,D:\3d-canine-vton-sync\unique_garments_clean_vton_matrix\05_heritage_canvas_chore_coat_carhartt_brown\labrador\00032_clean_tryon.png
612,Heritage Canvas Coat,Carhartt Chore Coat (Brown Duck Canvas),05_heritage_canvas_chore_coat_carhartt_brown,00033,Labrador Retriever,93.7,58.3,78.9,XL,0.946,Good Fit,D:\3d-canine-vton-sync\unique_garments_clean_vton_matrix\05_heritage_canvas_chore_coat_carhartt_brown\labrador\00033_clean_tryon.png
613,Heritage Canvas Coat,Carhartt Chore Coat (Brown Duck Canvas),05_heritage_canvas_chore_coat_carhartt_brown,00034,Labrador Retriever,86.9,64.7,74.5,L,1.01,Good Fit,D:\3d-canine-vton-sync\unique_garments_clean_vton_matrix\05_heritage_canvas_chore_coat_carhartt_brown\labrador\00034_clean_tryon.png
614,Heritage Canvas Coat,Carhartt Chore Coat (Brown Duck Canvas),05_heritage_canvas_chore_coat_carhartt_brown,00035,Labrador Retriever,86.9,59.8,81.9,L,1.01,Good Fit,D:\3d-canine-vton-sync\unique_garments_clean_vton_matrix\05_heritage_canvas_chore_coat_carhartt_brown\labrador\00035_clean_tryon.png
615,Heritage Canvas Coat,Carhartt Chore Coat (Brown Duck Canvas),05_heritage_canvas_chore_coat_carhartt_brown,00036,Labrador Retriever,119.4,53.7,53.5,XL,1.206,Tight,D:\3d-canine-vton-sync\unique_garments_clean_vton_matrix\05_heritage_canvas_chore_coat_carhartt_brown\labrador\00036_clean_tryon.png
616,Heritage Canvas Coat,Carhartt Chore Coat (Brown Duck Canvas),05_heritage_canvas_chore_coat_carhartt_brown,00037,Labrador Retriever,81.2,41.0,64.0,L,0.944,Good Fit,D:\3d-canine-vton-sync\unique_garments_clean_vton_matrix\05_heritage_canvas_chore_coat_carhartt_brown\labrador\00037_clean_tryon.png
617,Heritage Canvas Coat,Carhartt Chore Coat (Brown Duck Canvas),05_heritage_canvas_chore_coat_carhartt_brown,00038,Labrador Retriever,92.5,52.6,81.2,L,1.076,Tight,D:\3d-canine-vton-sync\unique_garments_clean_vton_matrix\05_heritage_canvas_chore_coat_carhartt_brown\labrador\00038_clean_tryon.png
618,Heritage Canvas Coat,Carhartt Chore Coat (Brown Duck Canvas),05_heritage_canvas_chore_coat_carhartt_brown,00039,Labrador Retriever,114.3,62.5,69.1,XL,1.155,Tight,D:\3d-canine-vton-sync\unique_garments_clean_vton_matrix\05_heritage_canvas_chore_coat_carhartt_brown\labrador\00039_clean_tryon.png
619,Heritage Canvas Coat,Carhartt Chore Coat (Brown Duck Canvas),05_heritage_canvas_chore_coat_carhartt_brown,00040,Labrador Retriever,137.7,53.5,64.7,XL,1.391,Tight,D:\3d-canine-vton-sync\unique_garments_clean_vton_matrix\05_heritage_canvas_chore_coat_carhartt_brown\labrador\00040_clean_tryon.png
620,Heritage Canvas Coat,Carhartt Chore Coat (Brown Duck Canvas),05_heritage_canvas_chore_coat_carhartt_brown,00041,Labrador Retriever,93.3,49.7,70.2,XL,0.942,Good Fit,D:\3d-canine-vton-sync\unique_garments_clean_vton_matrix\05_heritage_canvas_chore_coat_carhartt_brown\labrador\00041_clean_tryon.png
621,Heritage Canvas Coat,Carhartt Chore Coat (Brown Duck Canvas),05_heritage_canvas_chore_coat_carhartt_brown,00042,Labrador Retriever,94.3,57.8,72.1,XL,0.953,Good Fit,D:\3d-canine-vton-sync\unique_garments_clean_vton_matrix\05_heritage_canvas_chore_coat_carhartt_brown\labrador\00042_clean_tryon.png
622,Heritage Canvas Coat,Carhartt Chore Coat (Brown Duck Canvas),05_heritage_canvas_chore_coat_carhartt_brown,00043,Labrador Retriever,87.5,44.9,66.9,L,1.017,Good Fit,D:\3d-canine-vton-sync\unique_garments_clean_vton_matrix\05_heritage_canvas_chore_coat_carhartt_brown\labrador\00043_clean_tryon.png
623,Heritage Canvas Coat,Carhartt Chore Coat (Brown Duck Canvas),05_heritage_canvas_chore_coat_carhartt_brown,00044,Labrador Retriever,86.2,50.6,70.4,L,1.002,Good Fit,D:\3d-canine-vton-sync\unique_garments_clean_vton_matrix\05_heritage_canvas_chore_coat_carhartt_brown\labrador\00044_clean_tryon.png
624,Heritage Canvas Coat,Carhartt Chore Coat (Brown Duck Canvas),05_heritage_canvas_chore_coat_carhartt_brown,00045,Labrador Retriever,89.4,59.5,74.2,L,1.04,Good Fit,D:\3d-canine-vton-sync\unique_garments_clean_vton_matrix\05_heritage_canvas_chore_coat_carhartt_brown\labrador\00045_clean_tryon.png
625,Heritage Canvas Coat,Carhartt Chore Coat (Brown Duck Canvas),05_heritage_canvas_chore_coat_carhartt_brown,00046,Labrador Retriever,88.2,56.7,72.7,L,1.026,Good Fit,D:\3d-canine-vton-sync\unique_garments_clean_vton_matrix\05_heritage_canvas_chore_coat_carhartt_brown\labrador\00046_clean_tryon.png
626,Heritage Canvas Coat,Carhartt Chore Coat (Brown Duck Canvas),05_heritage_canvas_chore_coat_carhartt_brown,00047,Labrador Retriever,152.2,57.6,78.6,XL,1.537,Tight,D:\3d-canine-vton-sync\unique_garments_clean_vton_matrix\05_heritage_canvas_chore_coat_carhartt_brown\labrador\00047_clean_tryon.png
627,Heritage Canvas Coat,Carhartt Chore Coat (Brown Duck Canvas),05_heritage_canvas_chore_coat_carhartt_brown,00048,Labrador Retriever,99.6,45.4,65.3,XL,1.006,Good Fit,D:\3d-canine-vton-sync\unique_garments_clean_vton_matrix\05_heritage_canvas_chore_coat_carhartt_brown\labrador\00048_clean_tryon.png
628,Heritage Canvas Coat,Carhartt Chore Coat (Brown Duck Canvas),05_heritage_canvas_chore_coat_carhartt_brown,00049,Labrador Retriever,98.3,59.8,79.8,XL,0.993,Good Fit,D:\3d-canine-vton-sync\unique_garments_clean_vton_matrix\05_heritage_canvas_chore_coat_carhartt_brown\labrador\00049_clean_tryon.png
629,Heritage Canvas Coat,Carhartt Chore Coat (Brown Duck Canvas),05_heritage_canvas_chore_coat_carhartt_brown,00050,Labrador Retriever,103.1,51.7,68.5,XL,1.041,Good Fit,D:\3d-canine-vton-sync\unique_garments_clean_vton_matrix\05_heritage_canvas_chore_coat_carhartt_brown\labrador\00050_clean_tryon.png
630,Heritage Canvas Coat,Carhartt Chore Coat (Brown Duck Canvas),05_heritage_canvas_chore_coat_carhartt_brown,00051,Labrador Retriever,116.7,65.2,71.6,XL,1.179,Tight,D:\3d-canine-vton-sync\unique_garments_clean_vton_matrix\05_heritage_canvas_chore_coat_carhartt_brown\labrador\00051_clean_tryon.png
631,Heritage Canvas Coat,Carhartt Chore Coat (Brown Duck Canvas),05_heritage_canvas_chore_coat_carhartt_brown,00052,Labrador Retriever,87.2,52.6,68.8,L,1.014,Good Fit,D:\3d-canine-vton-sync\unique_garments_clean_vton_matrix\05_heritage_canvas_chore_coat_carhartt_brown\labrador\00052_clean_tryon.png
632,Heritage Canvas Coat,Carhartt Chore Coat (Brown Duck Canvas),05_heritage_canvas_chore_coat_carhartt_brown,00053,Labrador Retriever,86.5,61.0,79.5,L,1.006,Good Fit,D:\3d-canine-vton-sync\unique_garments_clean_vton_matrix\05_heritage_canvas_chore_coat_carhartt_brown\labrador\00053_clean_tryon.png
633,Heritage Canvas Coat,Carhartt Chore Coat (Brown Duck Canvas),05_heritage_canvas_chore_coat_carhartt_brown,00054,Labrador Retriever,95.7,23.8,76.3,XL,0.967,Good Fit,D:\3d-canine-vton-sync\unique_garments_clean_vton_matrix\05_heritage_canvas_chore_coat_carhartt_brown\labrador\00054_clean_tryon.png
634,Heritage Canvas Coat,Carhartt Chore Coat (Brown Duck Canvas),05_heritage_canvas_chore_coat_carhartt_brown,00055,Labrador Retriever,95.0,135.7,77.7,XL,0.96,Good Fit,D:\3d-canine-vton-sync\unique_garments_clean_vton_matrix\05_heritage_canvas_chore_coat_carhartt_brown\labrador\00055_clean_tryon.png
635,Heritage Canvas Coat,Carhartt Chore Coat (Brown Duck Canvas),05_heritage_canvas_chore_coat_carhartt_brown,00056,Labrador Retriever,91.6,74.2,65.2,L,1.065,Tight,D:\3d-canine-vton-sync\unique_garments_clean_vton_matrix\05_heritage_canvas_chore_coat_carhartt_brown\labrador\00056_clean_tryon.png
636,Heritage Canvas Coat,Carhartt Chore Coat (Brown Duck Canvas),05_heritage_canvas_chore_coat_carhartt_brown,00057,Labrador Retriever,96.0,33.2,66.0,XL,0.97,Good Fit,D:\3d-canine-vton-sync\unique_garments_clean_vton_matrix\05_heritage_canvas_chore_coat_carhartt_brown\labrador\00057_clean_tryon.png
637,Heritage Canvas Coat,Carhartt Chore Coat (Brown Duck Canvas),05_heritage_canvas_chore_coat_carhartt_brown,00058,Labrador Retriever,87.6,40.0,71.6,L,1.019,Good Fit,D:\3d-canine-vton-sync\unique_garments_clean_vton_matrix\05_heritage_canvas_chore_coat_carhartt_brown\labrador\00058_clean_tryon.png
638,Heritage Canvas Coat,Carhartt Chore Coat (Brown Duck Canvas),05_heritage_canvas_chore_coat_carhartt_brown,00059,Labrador Retriever,101.9,52.4,73.1,XL,1.029,Good Fit,D:\3d-canine-vton-sync\unique_garments_clean_vton_matrix\05_heritage_canvas_chore_coat_carhartt_brown\labrador\00059_clean_tryon.png
639,Heritage Canvas Coat,Carhartt Chore Coat (Brown Duck Canvas),05_heritage_canvas_chore_coat_carhartt_brown,00060,Labrador Retriever,99.7,135.4,77.9,XL,1.007,Good Fit,D:\3d-canine-vton-sync\unique_garments_clean_vton_matrix\05_heritage_canvas_chore_coat_carhartt_brown\labrador\00060_clean_tryon.png
640,Heritage Canvas Coat,Carhartt Chore Coat (Brown Duck Canvas),05_heritage_canvas_chore_coat_carhartt_brown,00061,Labrador Retriever,81.2,43.9,61.6,L,0.944,Good Fit,D:\3d-canine-vton-sync\unique_garments_clean_vton_matrix\05_heritage_canvas_chore_coat_carhartt_brown\labrador\00061_clean_tryon.png
641,Heritage Canvas Coat,Carhartt Chore Coat (Brown Duck Canvas),05_heritage_canvas_chore_coat_carhartt_brown,00062,Labrador Retriever,92.0,51.3,71.7,L,1.07,Tight,D:\3d-canine-vton-sync\unique_garments_clean_vton_matrix\05_heritage_canvas_chore_coat_carhartt_brown\labrador\00062_clean_tryon.png
642,Heritage Canvas Coat,Carhartt Chore Coat (Brown Duck Canvas),05_heritage_canvas_chore_coat_carhartt_brown,00063,Labrador Retriever,92.4,60.5,73.1,L,1.074,Tight,D:\3d-canine-vton-sync\unique_garments_clean_vton_matrix\05_heritage_canvas_chore_coat_carhartt_brown\labrador\00063_clean_tryon.png
643,Heritage Canvas Coat,Carhartt Chore Coat (Brown Duck Canvas),05_heritage_canvas_chore_coat_carhartt_brown,00064,Labrador Retriever,91.8,50.6,65.0,L,1.067,Tight,D:\3d-canine-vton-sync\unique_garments_clean_vton_matrix\05_heritage_canvas_chore_coat_carhartt_brown\labrador\00064_clean_tryon.png
644,Heritage Canvas Coat,Carhartt Chore Coat (Brown Duck Canvas),05_heritage_canvas_chore_coat_carhartt_brown,00065,Labrador Retriever,90.1,55.6,75.5,L,1.048,Good Fit,D:\3d-canine-vton-sync\unique_garments_clean_vton_matrix\05_heritage_canvas_chore_coat_carhartt_brown\labrador\00065_clean_tryon.png
645,Heritage Canvas Coat,Carhartt Chore Coat (Brown Duck Canvas),05_heritage_canvas_chore_coat_carhartt_brown,00066,Labrador Retriever,85.8,58.4,77.2,L,0.998,Good Fit,D:\3d-canine-vton-sync\unique_garments_clean_vton_matrix\05_heritage_canvas_chore_coat_carhartt_brown\labrador\00066_clean_tryon.png
646,Flotation Lifejacket,Ruffwear Float Coat Lifejacket (Red),06_buoyancy_flotation_lifejacket_ruffwear_red,00001,Golden Retriever,83.9,61.8,58.5,L,0.976,Good Fit,D:\3d-canine-vton-sync\unique_garments_clean_vton_matrix\06_buoyancy_flotation_lifejacket_ruffwear_red\golden\00001_clean_tryon.png
647,Flotation Lifejacket,Ruffwear Float Coat Lifejacket (Red),06_buoyancy_flotation_lifejacket_ruffwear_red,00002,Golden Retriever,102.9,56.7,78.7,XL,1.039,Good Fit,D:\3d-canine-vton-sync\unique_garments_clean_vton_matrix\06_buoyancy_flotation_lifejacket_ruffwear_red\golden\00002_clean_tryon.png
648,Flotation Lifejacket,Ruffwear Float Coat Lifejacket (Red),06_buoyancy_flotation_lifejacket_ruffwear_red,00003,Golden Retriever,93.2,47.2,75.4,XL,0.941,Good Fit,D:\3d-canine-vton-sync\unique_garments_clean_vton_matrix\06_buoyancy_flotation_lifejacket_ruffwear_red\golden\00003_clean_tryon.png
649,Flotation Lifejacket,Ruffwear Float Coat Lifejacket (Red),06_buoyancy_flotation_lifejacket_ruffwear_red,00004,Golden Retriever,80.0,44.9,68.4,M,1.067,Good Fit,D:\3d-canine-vton-sync\unique_garments_clean_vton_matrix\06_buoyancy_flotation_lifejacket_ruffwear_red\golden\00004_clean_tryon.png
650,Flotation Lifejacket,Ruffwear Float Coat Lifejacket (Red),06_buoyancy_flotation_lifejacket_ruffwear_red,00005,Golden Retriever,86.4,44.9,69.1,L,1.005,Good Fit,D:\3d-canine-vton-sync\unique_garments_clean_vton_matrix\06_buoyancy_flotation_lifejacket_ruffwear_red\golden\00005_clean_tryon.png
651,Flotation Lifejacket,Ruffwear Float Coat Lifejacket (Red),06_buoyancy_flotation_lifejacket_ruffwear_red,00006,Golden Retriever,80.8,82.9,57.0,L,0.94,Loose,D:\3d-canine-vton-sync\unique_garments_clean_vton_matrix\06_buoyancy_flotation_lifejacket_ruffwear_red\golden\00006_clean_tryon.png
652,Flotation Lifejacket,Ruffwear Float Coat Lifejacket (Red),06_buoyancy_flotation_lifejacket_ruffwear_red,00007,Golden Retriever,82.9,41.5,74.2,L,0.964,Good Fit,D:\3d-canine-vton-sync\unique_garments_clean_vton_matrix\06_buoyancy_flotation_lifejacket_ruffwear_red\golden\00007_clean_tryon.png
653,Flotation Lifejacket,Ruffwear Float Coat Lifejacket (Red),06_buoyancy_flotation_lifejacket_ruffwear_red,00008,Golden Retriever,91.3,47.8,47.5,L,1.062,Tight,D:\3d-canine-vton-sync\unique_garments_clean_vton_matrix\06_buoyancy_flotation_lifejacket_ruffwear_red\golden\00008_clean_tryon.png
654,Flotation Lifejacket,Ruffwear Float Coat Lifejacket (Red),06_buoyancy_flotation_lifejacket_ruffwear_red,00009,Golden Retriever,97.4,42.3,81.7,XL,0.984,Good Fit,D:\3d-canine-vton-sync\unique_garments_clean_vton_matrix\06_buoyancy_flotation_lifejacket_ruffwear_red\golden\00009_clean_tryon.png
655,Flotation Lifejacket,Ruffwear Float Coat Lifejacket (Red),06_buoyancy_flotation_lifejacket_ruffwear_red,00010,Golden Retriever,89.5,52.9,66.6,L,1.041,Good Fit,D:\3d-canine-vton-sync\unique_garments_clean_vton_matrix\06_buoyancy_flotation_lifejacket_ruffwear_red\golden\00010_clean_tryon.png
656,Flotation Lifejacket,Ruffwear Float Coat Lifejacket (Red),06_buoyancy_flotation_lifejacket_ruffwear_red,00011,Golden Retriever,119.3,50.9,69.8,XL,1.205,Tight,D:\3d-canine-vton-sync\unique_garments_clean_vton_matrix\06_buoyancy_flotation_lifejacket_ruffwear_red\golden\00011_clean_tryon.png
657,Flotation Lifejacket,Ruffwear Float Coat Lifejacket (Red),06_buoyancy_flotation_lifejacket_ruffwear_red,00012,Golden Retriever,84.7,58.8,75.3,L,0.985,Good Fit,D:\3d-canine-vton-sync\unique_garments_clean_vton_matrix\06_buoyancy_flotation_lifejacket_ruffwear_red\golden\00012_clean_tryon.png
658,Flotation Lifejacket,Ruffwear Float Coat Lifejacket (Red),06_buoyancy_flotation_lifejacket_ruffwear_red,00013,Golden Retriever,89.7,45.7,67.7,L,1.043,Good Fit,D:\3d-canine-vton-sync\unique_garments_clean_vton_matrix\06_buoyancy_flotation_lifejacket_ruffwear_red\golden\00013_clean_tryon.png
659,Flotation Lifejacket,Ruffwear Float Coat Lifejacket (Red),06_buoyancy_flotation_lifejacket_ruffwear_red,00014,Golden Retriever,88.2,56.7,76.9,L,1.026,Good Fit,D:\3d-canine-vton-sync\unique_garments_clean_vton_matrix\06_buoyancy_flotation_lifejacket_ruffwear_red\golden\00014_clean_tryon.png
660,Flotation Lifejacket,Ruffwear Float Coat Lifejacket (Red),06_buoyancy_flotation_lifejacket_ruffwear_red,00015,Golden Retriever,155.4,46.2,66.0,XL,1.57,Tight,D:\3d-canine-vton-sync\unique_garments_clean_vton_matrix\06_buoyancy_flotation_lifejacket_ruffwear_red\golden\00015_clean_tryon.png
661,Flotation Lifejacket,Ruffwear Float Coat Lifejacket (Red),06_buoyancy_flotation_lifejacket_ruffwear_red,00016,Golden Retriever,77.9,64.8,66.4,M,1.039,Good Fit,D:\3d-canine-vton-sync\unique_garments_clean_vton_matrix\06_buoyancy_flotation_lifejacket_ruffwear_red\golden\00016_clean_tryon.png
662,Flotation Lifejacket,Ruffwear Float Coat Lifejacket (Red),06_buoyancy_flotation_lifejacket_ruffwear_red,00017,Golden Retriever,157.2,45.5,67.1,XL,1.588,Tight,D:\3d-canine-vton-sync\unique_garments_clean_vton_matrix\06_buoyancy_flotation_lifejacket_ruffwear_red\golden\00017_clean_tryon.png
663,Flotation Lifejacket,Ruffwear Float Coat Lifejacket (Red),06_buoyancy_flotation_lifejacket_ruffwear_red,00018,Golden Retriever,96.8,59.8,78.3,XL,0.978,Good Fit,D:\3d-canine-vton-sync\unique_garments_clean_vton_matrix\06_buoyancy_flotation_lifejacket_ruffwear_red\golden\00018_clean_tryon.png
664,Flotation Lifejacket,Ruffwear Float Coat Lifejacket (Red),06_buoyancy_flotation_lifejacket_ruffwear_red,00019,Golden Retriever,83.5,52.3,71.8,L,0.971,Good Fit,D:\3d-canine-vton-sync\unique_garments_clean_vton_matrix\06_buoyancy_flotation_lifejacket_ruffwear_red\golden\00019_clean_tryon.png
665,Flotation Lifejacket,Ruffwear Float Coat Lifejacket (Red),06_buoyancy_flotation_lifejacket_ruffwear_red,00020,Golden Retriever,105.1,45.1,68.2,XL,1.062,Good Fit,D:\3d-canine-vton-sync\unique_garments_clean_vton_matrix\06_buoyancy_flotation_lifejacket_ruffwear_red\golden\00020_clean_tryon.png
666,Flotation Lifejacket,Ruffwear Float Coat Lifejacket (Red),06_buoyancy_flotation_lifejacket_ruffwear_red,00021,Golden Retriever,85.2,47.6,68.2,L,0.991,Good Fit,D:\3d-canine-vton-sync\unique_garments_clean_vton_matrix\06_buoyancy_flotation_lifejacket_ruffwear_red\golden\00021_clean_tryon.png
667,Flotation Lifejacket,Ruffwear Float Coat Lifejacket (Red),06_buoyancy_flotation_lifejacket_ruffwear_red,00022,Golden Retriever,83.6,52.9,59.1,L,0.972,Good Fit,D:\3d-canine-vton-sync\unique_garments_clean_vton_matrix\06_buoyancy_flotation_lifejacket_ruffwear_red\golden\00022_clean_tryon.png
668,Flotation Lifejacket,Ruffwear Float Coat Lifejacket (Red),06_buoyancy_flotation_lifejacket_ruffwear_red,00023,Golden Retriever,85.9,87.8,66.0,L,0.999,Good Fit,D:\3d-canine-vton-sync\unique_garments_clean_vton_matrix\06_buoyancy_flotation_lifejacket_ruffwear_red\golden\00023_clean_tryon.png
669,Flotation Lifejacket,Ruffwear Float Coat Lifejacket (Red),06_buoyancy_flotation_lifejacket_ruffwear_red,00024,Golden Retriever,93.4,48.2,68.2,XL,0.943,Good Fit,D:\3d-canine-vton-sync\unique_garments_clean_vton_matrix\06_buoyancy_flotation_lifejacket_ruffwear_red\golden\00024_clean_tryon.png
670,Flotation Lifejacket,Ruffwear Float Coat Lifejacket (Red),06_buoyancy_flotation_lifejacket_ruffwear_red,00025,Golden Retriever,93.3,123.9,64.3,XL,0.942,Good Fit,D:\3d-canine-vton-sync\unique_garments_clean_vton_matrix\06_buoyancy_flotation_lifejacket_ruffwear_red\golden\00025_clean_tryon.png
671,Flotation Lifejacket,Ruffwear Float Coat Lifejacket (Red),06_buoyancy_flotation_lifejacket_ruffwear_red,00026,Golden Retriever,91.5,50.4,71.0,L,1.064,Tight,D:\3d-canine-vton-sync\unique_garments_clean_vton_matrix\06_buoyancy_flotation_lifejacket_ruffwear_red\golden\00026_clean_tryon.png
672,Flotation Lifejacket,Ruffwear Float Coat Lifejacket (Red),06_buoyancy_flotation_lifejacket_ruffwear_red,00027,Golden Retriever,86.4,55.1,59.4,L,1.005,Good Fit,D:\3d-canine-vton-sync\unique_garments_clean_vton_matrix\06_buoyancy_flotation_lifejacket_ruffwear_red\golden\00027_clean_tryon.png
673,Flotation Lifejacket,Ruffwear Float Coat Lifejacket (Red),06_buoyancy_flotation_lifejacket_ruffwear_red,00028,Golden Retriever,88.3,42.7,77.2,L,1.027,Good Fit,D:\3d-canine-vton-sync\unique_garments_clean_vton_matrix\06_buoyancy_flotation_lifejacket_ruffwear_red\golden\00028_clean_tryon.png
674,Flotation Lifejacket,Ruffwear Float Coat Lifejacket (Red),06_buoyancy_flotation_lifejacket_ruffwear_red,00029,Golden Retriever,148.2,35.3,57.3,XL,1.497,Tight,D:\3d-canine-vton-sync\unique_garments_clean_vton_matrix\06_buoyancy_flotation_lifejacket_ruffwear_red\golden\00029_clean_tryon.png
675,Flotation Lifejacket,Ruffwear Float Coat Lifejacket (Red),06_buoyancy_flotation_lifejacket_ruffwear_red,00030,Golden Retriever,95.9,63.2,83.3,XL,0.969,Good Fit,D:\3d-canine-vton-sync\unique_garments_clean_vton_matrix\06_buoyancy_flotation_lifejacket_ruffwear_red\golden\00030_clean_tryon.png
676,Flotation Lifejacket,Ruffwear Float Coat Lifejacket (Red),06_buoyancy_flotation_lifejacket_ruffwear_red,00031,Golden Retriever,90.2,37.9,60.4,L,1.049,Good Fit,D:\3d-canine-vton-sync\unique_garments_clean_vton_matrix\06_buoyancy_flotation_lifejacket_ruffwear_red\golden\00031_clean_tryon.png
677,Flotation Lifejacket,Ruffwear Float Coat Lifejacket (Red),06_buoyancy_flotation_lifejacket_ruffwear_red,00032,Golden Retriever,82.8,23.7,59.4,L,0.963,Good Fit,D:\3d-canine-vton-sync\unique_garments_clean_vton_matrix\06_buoyancy_flotation_lifejacket_ruffwear_red\golden\00032_clean_tryon.png
678,Flotation Lifejacket,Ruffwear Float Coat Lifejacket (Red),06_buoyancy_flotation_lifejacket_ruffwear_red,00033,Golden Retriever,104.3,58.8,80.9,XL,1.054,Good Fit,D:\3d-canine-vton-sync\unique_garments_clean_vton_matrix\06_buoyancy_flotation_lifejacket_ruffwear_red\golden\00033_clean_tryon.png
679,Flotation Lifejacket,Ruffwear Float Coat Lifejacket (Red),06_buoyancy_flotation_lifejacket_ruffwear_red,00034,Golden Retriever,93.3,59.6,80.0,XL,0.942,Good Fit,D:\3d-canine-vton-sync\unique_garments_clean_vton_matrix\06_buoyancy_flotation_lifejacket_ruffwear_red\golden\00034_clean_tryon.png
680,Flotation Lifejacket,Ruffwear Float Coat Lifejacket (Red),06_buoyancy_flotation_lifejacket_ruffwear_red,00035,Golden Retriever,100.0,111.8,85.9,XL,1.01,Good Fit,D:\3d-canine-vton-sync\unique_garments_clean_vton_matrix\06_buoyancy_flotation_lifejacket_ruffwear_red\golden\00035_clean_tryon.png
681,Flotation Lifejacket,Ruffwear Float Coat Lifejacket (Red),06_buoyancy_flotation_lifejacket_ruffwear_red,00036,Golden Retriever,134.9,112.0,85.8,XL,1.363,Tight,D:\3d-canine-vton-sync\unique_garments_clean_vton_matrix\06_buoyancy_flotation_lifejacket_ruffwear_red\golden\00036_clean_tryon.png
682,Flotation Lifejacket,Ruffwear Float Coat Lifejacket (Red),06_buoyancy_flotation_lifejacket_ruffwear_red,00037,Golden Retriever,93.7,19.9,60.5,XL,0.946,Good Fit,D:\3d-canine-vton-sync\unique_garments_clean_vton_matrix\06_buoyancy_flotation_lifejacket_ruffwear_red\golden\00037_clean_tryon.png
683,Flotation Lifejacket,Ruffwear Float Coat Lifejacket (Red),06_buoyancy_flotation_lifejacket_ruffwear_red,00038,Golden Retriever,86.3,60.0,74.4,L,1.003,Good Fit,D:\3d-canine-vton-sync\unique_garments_clean_vton_matrix\06_buoyancy_flotation_lifejacket_ruffwear_red\golden\00038_clean_tryon.png
684,Flotation Lifejacket,Ruffwear Float Coat Lifejacket (Red),06_buoyancy_flotation_lifejacket_ruffwear_red,00039,Golden Retriever,87.4,49.1,69.4,L,1.016,Good Fit,D:\3d-canine-vton-sync\unique_garments_clean_vton_matrix\06_buoyancy_flotation_lifejacket_ruffwear_red\golden\00039_clean_tryon.png
685,Flotation Lifejacket,Ruffwear Float Coat Lifejacket (Red),06_buoyancy_flotation_lifejacket_ruffwear_red,00040,Golden Retriever,100.0,61.8,77.9,XL,1.01,Good Fit,D:\3d-canine-vton-sync\unique_garments_clean_vton_matrix\06_buoyancy_flotation_lifejacket_ruffwear_red\golden\00040_clean_tryon.png
686,Flotation Lifejacket,Ruffwear Float Coat Lifejacket (Red),06_buoyancy_flotation_lifejacket_ruffwear_red,00041,Golden Retriever,95.3,139.9,87.9,XL,0.963,Good Fit,D:\3d-canine-vton-sync\unique_garments_clean_vton_matrix\06_buoyancy_flotation_lifejacket_ruffwear_red\golden\00041_clean_tryon.png
687,Flotation Lifejacket,Ruffwear Float Coat Lifejacket (Red),06_buoyancy_flotation_lifejacket_ruffwear_red,00042,Golden Retriever,81.8,53.3,62.4,L,0.951,Good Fit,D:\3d-canine-vton-sync\unique_garments_clean_vton_matrix\06_buoyancy_flotation_lifejacket_ruffwear_red\golden\00042_clean_tryon.png
688,Flotation Lifejacket,Ruffwear Float Coat Lifejacket (Red),06_buoyancy_flotation_lifejacket_ruffwear_red,00043,Golden Retriever,119.0,48.9,78.6,XL,1.202,Tight,D:\3d-canine-vton-sync\unique_garments_clean_vton_matrix\06_buoyancy_flotation_lifejacket_ruffwear_red\golden\00043_clean_tryon.png
689,Flotation Lifejacket,Ruffwear Float Coat Lifejacket (Red),06_buoyancy_flotation_lifejacket_ruffwear_red,00044,Golden Retriever,82.3,54.2,73.3,L,0.957,Good Fit,D:\3d-canine-vton-sync\unique_garments_clean_vton_matrix\06_buoyancy_flotation_lifejacket_ruffwear_red\golden\00044_clean_tryon.png
690,Flotation Lifejacket,Ruffwear Float Coat Lifejacket (Red),06_buoyancy_flotation_lifejacket_ruffwear_red,00045,Golden Retriever,88.9,135.7,90.6,L,1.034,Good Fit,D:\3d-canine-vton-sync\unique_garments_clean_vton_matrix\06_buoyancy_flotation_lifejacket_ruffwear_red\golden\00045_clean_tryon.png
691,Flotation Lifejacket,Ruffwear Float Coat Lifejacket (Red),06_buoyancy_flotation_lifejacket_ruffwear_red,00046,Golden Retriever,118.5,66.7,69.4,XL,1.197,Tight,D:\3d-canine-vton-sync\unique_garments_clean_vton_matrix\06_buoyancy_flotation_lifejacket_ruffwear_red\golden\00046_clean_tryon.png
692,Flotation Lifejacket,Ruffwear Float Coat Lifejacket (Red),06_buoyancy_flotation_lifejacket_ruffwear_red,00047,Golden Retriever,71.5,42.7,59.7,M,0.953,Good Fit,D:\3d-canine-vton-sync\unique_garments_clean_vton_matrix\06_buoyancy_flotation_lifejacket_ruffwear_red\golden\00047_clean_tryon.png
693,Flotation Lifejacket,Ruffwear Float Coat Lifejacket (Red),06_buoyancy_flotation_lifejacket_ruffwear_red,00048,Golden Retriever,100.3,55.9,83.0,XL,1.013,Good Fit,D:\3d-canine-vton-sync\unique_garments_clean_vton_matrix\06_buoyancy_flotation_lifejacket_ruffwear_red\golden\00048_clean_tryon.png
694,Flotation Lifejacket,Ruffwear Float Coat Lifejacket (Red),06_buoyancy_flotation_lifejacket_ruffwear_red,00049,Golden Retriever,116.7,56.3,74.7,XL,1.179,Tight,D:\3d-canine-vton-sync\unique_garments_clean_vton_matrix\06_buoyancy_flotation_lifejacket_ruffwear_red\golden\00049_clean_tryon.png
695,Flotation Lifejacket,Ruffwear Float Coat Lifejacket (Red),06_buoyancy_flotation_lifejacket_ruffwear_red,00050,Golden Retriever,90.7,52.9,72.1,L,1.055,Good Fit,D:\3d-canine-vton-sync\unique_garments_clean_vton_matrix\06_buoyancy_flotation_lifejacket_ruffwear_red\golden\00050_clean_tryon.png
696,Flotation Lifejacket,Ruffwear Float Coat Lifejacket (Red),06_buoyancy_flotation_lifejacket_ruffwear_red,00051,Golden Retriever,95.4,49.5,61.6,XL,0.964,Good Fit,D:\3d-canine-vton-sync\unique_garments_clean_vton_matrix\06_buoyancy_flotation_lifejacket_ruffwear_red\golden\00051_clean_tryon.png
697,Flotation Lifejacket,Ruffwear Float Coat Lifejacket (Red),06_buoyancy_flotation_lifejacket_ruffwear_red,00052,Golden Retriever,96.7,48.3,70.0,XL,0.977,Good Fit,D:\3d-canine-vton-sync\unique_garments_clean_vton_matrix\06_buoyancy_flotation_lifejacket_ruffwear_red\golden\00052_clean_tryon.png
698,Flotation Lifejacket,Ruffwear Float Coat Lifejacket (Red),06_buoyancy_flotation_lifejacket_ruffwear_red,00053,Golden Retriever,87.1,109.0,68.4,L,1.013,Good Fit,D:\3d-canine-vton-sync\unique_garments_clean_vton_matrix\06_buoyancy_flotation_lifejacket_ruffwear_red\golden\00053_clean_tryon.png
699,Flotation Lifejacket,Ruffwear Float Coat Lifejacket (Red),06_buoyancy_flotation_lifejacket_ruffwear_red,00054,Golden Retriever,99.1,52.7,72.6,XL,1.001,Good Fit,D:\3d-canine-vton-sync\unique_garments_clean_vton_matrix\06_buoyancy_flotation_lifejacket_ruffwear_red\golden\00054_clean_tryon.png
700,Flotation Lifejacket,Ruffwear Float Coat Lifejacket (Red),06_buoyancy_flotation_lifejacket_ruffwear_red,00055,Golden Retriever,91.3,23.9,79.0,L,1.062,Tight,D:\3d-canine-vton-sync\unique_garments_clean_vton_matrix\06_buoyancy_flotation_lifejacket_ruffwear_red\golden\00055_clean_tryon.png
701,Flotation Lifejacket,Ruffwear Float Coat Lifejacket (Red),06_buoyancy_flotation_lifejacket_ruffwear_red,00056,Golden Retriever,102.4,57.5,80.0,XL,1.034,Good Fit,D:\3d-canine-vton-sync\unique_garments_clean_vton_matrix\06_buoyancy_flotation_lifejacket_ruffwear_red\golden\00056_clean_tryon.png
702,Flotation Lifejacket,Ruffwear Float Coat Lifejacket (Red),06_buoyancy_flotation_lifejacket_ruffwear_red,00057,Golden Retriever,81.8,46.1,62.1,L,0.951,Good Fit,D:\3d-canine-vton-sync\unique_garments_clean_vton_matrix\06_buoyancy_flotation_lifejacket_ruffwear_red\golden\00057_clean_tryon.png
703,Flotation Lifejacket,Ruffwear Float Coat Lifejacket (Red),06_buoyancy_flotation_lifejacket_ruffwear_red,00058,Golden Retriever,65.5,56.7,76.8,S,1.048,Good Fit,D:\3d-canine-vton-sync\unique_garments_clean_vton_matrix\06_buoyancy_flotation_lifejacket_ruffwear_red\golden\00058_clean_tryon.png
704,Flotation Lifejacket,Ruffwear Float Coat Lifejacket (Red),06_buoyancy_flotation_lifejacket_ruffwear_red,00059,Golden Retriever,87.6,42.4,71.2,L,1.019,Good Fit,D:\3d-canine-vton-sync\unique_garments_clean_vton_matrix\06_buoyancy_flotation_lifejacket_ruffwear_red\golden\00059_clean_tryon.png
705,Flotation Lifejacket,Ruffwear Float Coat Lifejacket (Red),06_buoyancy_flotation_lifejacket_ruffwear_red,00060,Golden Retriever,85.0,56.6,76.2,L,0.988,Good Fit,D:\3d-canine-vton-sync\unique_garments_clean_vton_matrix\06_buoyancy_flotation_lifejacket_ruffwear_red\golden\00060_clean_tryon.png
706,Flotation Lifejacket,Ruffwear Float Coat Lifejacket (Red),06_buoyancy_flotation_lifejacket_ruffwear_red,00061,Golden Retriever,91.8,56.1,84.7,L,1.067,Tight,D:\3d-canine-vton-sync\unique_garments_clean_vton_matrix\06_buoyancy_flotation_lifejacket_ruffwear_red\golden\00061_clean_tryon.png
707,Flotation Lifejacket,Ruffwear Float Coat Lifejacket (Red),06_buoyancy_flotation_lifejacket_ruffwear_red,00062,Golden Retriever,100.5,61.8,84.4,XL,1.015,Good Fit,D:\3d-canine-vton-sync\unique_garments_clean_vton_matrix\06_buoyancy_flotation_lifejacket_ruffwear_red\golden\00062_clean_tryon.png
708,Flotation Lifejacket,Ruffwear Float Coat Lifejacket (Red),06_buoyancy_flotation_lifejacket_ruffwear_red,00063,Golden Retriever,94.1,21.1,78.4,XL,0.951,Good Fit,D:\3d-canine-vton-sync\unique_garments_clean_vton_matrix\06_buoyancy_flotation_lifejacket_ruffwear_red\golden\00063_clean_tryon.png
709,Flotation Lifejacket,Ruffwear Float Coat Lifejacket (Red),06_buoyancy_flotation_lifejacket_ruffwear_red,00001,Labrador Retriever,85.8,103.0,75.8,L,0.998,Good Fit,D:\3d-canine-vton-sync\unique_garments_clean_vton_matrix\06_buoyancy_flotation_lifejacket_ruffwear_red\labrador\00001_clean_tryon.png
710,Flotation Lifejacket,Ruffwear Float Coat Lifejacket (Red),06_buoyancy_flotation_lifejacket_ruffwear_red,00002,Labrador Retriever,96.8,51.5,67.9,XL,0.978,Good Fit,D:\3d-canine-vton-sync\unique_garments_clean_vton_matrix\06_buoyancy_flotation_lifejacket_ruffwear_red\labrador\00002_clean_tryon.png
711,Flotation Lifejacket,Ruffwear Float Coat Lifejacket (Red),06_buoyancy_flotation_lifejacket_ruffwear_red,00003,Labrador Retriever,97.9,54.3,64.1,XL,0.989,Good Fit,D:\3d-canine-vton-sync\unique_garments_clean_vton_matrix\06_buoyancy_flotation_lifejacket_ruffwear_red\labrador\00003_clean_tryon.png
712,Flotation Lifejacket,Ruffwear Float Coat Lifejacket (Red),06_buoyancy_flotation_lifejacket_ruffwear_red,00004,Labrador Retriever,91.8,52.7,75.8,L,1.067,Tight,D:\3d-canine-vton-sync\unique_garments_clean_vton_matrix\06_buoyancy_flotation_lifejacket_ruffwear_red\labrador\00004_clean_tryon.png
713,Flotation Lifejacket,Ruffwear Float Coat Lifejacket (Red),06_buoyancy_flotation_lifejacket_ruffwear_red,00005,Labrador Retriever,76.7,47.6,68.4,M,1.023,Good Fit,D:\3d-canine-vton-sync\unique_garments_clean_vton_matrix\06_buoyancy_flotation_lifejacket_ruffwear_red\labrador\00005_clean_tryon.png
714,Flotation Lifejacket,Ruffwear Float Coat Lifejacket (Red),06_buoyancy_flotation_lifejacket_ruffwear_red,00006,Labrador Retriever,88.8,7.8,60.8,L,1.033,Good Fit,D:\3d-canine-vton-sync\unique_garments_clean_vton_matrix\06_buoyancy_flotation_lifejacket_ruffwear_red\labrador\00006_clean_tryon.png
715,Flotation Lifejacket,Ruffwear Float Coat Lifejacket (Red),06_buoyancy_flotation_lifejacket_ruffwear_red,00007,Labrador Retriever,80.8,52.3,69.1,L,0.94,Loose,D:\3d-canine-vton-sync\unique_garments_clean_vton_matrix\06_buoyancy_flotation_lifejacket_ruffwear_red\labrador\00007_clean_tryon.png
716,Flotation Lifejacket,Ruffwear Float Coat Lifejacket (Red),06_buoyancy_flotation_lifejacket_ruffwear_red,00008,Labrador Retriever,78.7,21.2,89.4,M,1.049,Good Fit,D:\3d-canine-vton-sync\unique_garments_clean_vton_matrix\06_buoyancy_flotation_lifejacket_ruffwear_red\labrador\00008_clean_tryon.png
717,Flotation Lifejacket,Ruffwear Float Coat Lifejacket (Red),06_buoyancy_flotation_lifejacket_ruffwear_red,00009,Labrador Retriever,92.6,42.5,66.8,XL,0.935,Good Fit,D:\3d-canine-vton-sync\unique_garments_clean_vton_matrix\06_buoyancy_flotation_lifejacket_ruffwear_red\labrador\00009_clean_tryon.png
718,Flotation Lifejacket,Ruffwear Float Coat Lifejacket (Red),06_buoyancy_flotation_lifejacket_ruffwear_red,00010,Labrador Retriever,134.5,51.0,68.2,XL,1.359,Tight,D:\3d-canine-vton-sync\unique_garments_clean_vton_matrix\06_buoyancy_flotation_lifejacket_ruffwear_red\labrador\00010_clean_tryon.png
719,Flotation Lifejacket,Ruffwear Float Coat Lifejacket (Red),06_buoyancy_flotation_lifejacket_ruffwear_red,00011,Labrador Retriever,99.0,61.2,80.3,XL,1.0,Good Fit,D:\3d-canine-vton-sync\unique_garments_clean_vton_matrix\06_buoyancy_flotation_lifejacket_ruffwear_red\labrador\00011_clean_tryon.png
720,Flotation Lifejacket,Ruffwear Float Coat Lifejacket (Red),06_buoyancy_flotation_lifejacket_ruffwear_red,00012,Labrador Retriever,94.6,59.4,79.9,XL,0.956,Good Fit,D:\3d-canine-vton-sync\unique_garments_clean_vton_matrix\06_buoyancy_flotation_lifejacket_ruffwear_red\labrador\00012_clean_tryon.png
721,Flotation Lifejacket,Ruffwear Float Coat Lifejacket (Red),06_buoyancy_flotation_lifejacket_ruffwear_red,00013,Labrador Retriever,91.4,39.6,51.1,L,1.063,Tight,D:\3d-canine-vton-sync\unique_garments_clean_vton_matrix\06_buoyancy_flotation_lifejacket_ruffwear_red\labrador\00013_clean_tryon.png
722,Flotation Lifejacket,Ruffwear Float Coat Lifejacket (Red),06_buoyancy_flotation_lifejacket_ruffwear_red,00014,Labrador Retriever,89.7,49.6,81.1,L,1.043,Good Fit,D:\3d-canine-vton-sync\unique_garments_clean_vton_matrix\06_buoyancy_flotation_lifejacket_ruffwear_red\labrador\00014_clean_tryon.png
723,Flotation Lifejacket,Ruffwear Float Coat Lifejacket (Red),06_buoyancy_flotation_lifejacket_ruffwear_red,00015,Labrador Retriever,113.0,50.4,71.4,XL,1.141,Tight,D:\3d-canine-vton-sync\unique_garments_clean_vton_matrix\06_buoyancy_flotation_lifejacket_ruffwear_red\labrador\00015_clean_tryon.png
724,Flotation Lifejacket,Ruffwear Float Coat Lifejacket (Red),06_buoyancy_flotation_lifejacket_ruffwear_red,00016,Labrador Retriever,96.5,58.5,76.9,XL,0.975,Good Fit,D:\3d-canine-vton-sync\unique_garments_clean_vton_matrix\06_buoyancy_flotation_lifejacket_ruffwear_red\labrador\00016_clean_tryon.png
725,Flotation Lifejacket,Ruffwear Float Coat Lifejacket (Red),06_buoyancy_flotation_lifejacket_ruffwear_red,00017,Labrador Retriever,97.2,60.1,80.4,XL,0.982,Good Fit,D:\3d-canine-vton-sync\unique_garments_clean_vton_matrix\06_buoyancy_flotation_lifejacket_ruffwear_red\labrador\00017_clean_tryon.png
726,Flotation Lifejacket,Ruffwear Float Coat Lifejacket (Red),06_buoyancy_flotation_lifejacket_ruffwear_red,00018,Labrador Retriever,94.9,62.0,80.2,XL,0.959,Good Fit,D:\3d-canine-vton-sync\unique_garments_clean_vton_matrix\06_buoyancy_flotation_lifejacket_ruffwear_red\labrador\00018_clean_tryon.png
727,Flotation Lifejacket,Ruffwear Float Coat Lifejacket (Red),06_buoyancy_flotation_lifejacket_ruffwear_red,00019,Labrador Retriever,96.8,39.5,70.6,XL,0.978,Good Fit,D:\3d-canine-vton-sync\unique_garments_clean_vton_matrix\06_buoyancy_flotation_lifejacket_ruffwear_red\labrador\00019_clean_tryon.png
728,Flotation Lifejacket,Ruffwear Float Coat Lifejacket (Red),06_buoyancy_flotation_lifejacket_ruffwear_red,00020,Labrador Retriever,86.3,55.5,68.4,L,1.003,Good Fit,D:\3d-canine-vton-sync\unique_garments_clean_vton_matrix\06_buoyancy_flotation_lifejacket_ruffwear_red\labrador\00020_clean_tryon.png
729,Flotation Lifejacket,Ruffwear Float Coat Lifejacket (Red),06_buoyancy_flotation_lifejacket_ruffwear_red,00021,Labrador Retriever,92.9,18.4,68.3,XL,0.938,Good Fit,D:\3d-canine-vton-sync\unique_garments_clean_vton_matrix\06_buoyancy_flotation_lifejacket_ruffwear_red\labrador\00021_clean_tryon.png
730,Flotation Lifejacket,Ruffwear Float Coat Lifejacket (Red),06_buoyancy_flotation_lifejacket_ruffwear_red,00022,Labrador Retriever,85.8,48.4,69.8,L,0.998,Good Fit,D:\3d-canine-vton-sync\unique_garments_clean_vton_matrix\06_buoyancy_flotation_lifejacket_ruffwear_red\labrador\00022_clean_tryon.png
731,Flotation Lifejacket,Ruffwear Float Coat Lifejacket (Red),06_buoyancy_flotation_lifejacket_ruffwear_red,00023,Labrador Retriever,89.7,128.9,63.7,L,1.043,Good Fit,D:\3d-canine-vton-sync\unique_garments_clean_vton_matrix\06_buoyancy_flotation_lifejacket_ruffwear_red\labrador\00023_clean_tryon.png
732,Flotation Lifejacket,Ruffwear Float Coat Lifejacket (Red),06_buoyancy_flotation_lifejacket_ruffwear_red,00024,Labrador Retriever,90.7,55.2,73.1,L,1.055,Good Fit,D:\3d-canine-vton-sync\unique_garments_clean_vton_matrix\06_buoyancy_flotation_lifejacket_ruffwear_red\labrador\00024_clean_tryon.png
733,Flotation Lifejacket,Ruffwear Float Coat Lifejacket (Red),06_buoyancy_flotation_lifejacket_ruffwear_red,00025,Labrador Retriever,101.2,40.0,69.1,XL,1.022,Good Fit,D:\3d-canine-vton-sync\unique_garments_clean_vton_matrix\06_buoyancy_flotation_lifejacket_ruffwear_red\labrador\00025_clean_tryon.png
734,Flotation Lifejacket,Ruffwear Float Coat Lifejacket (Red),06_buoyancy_flotation_lifejacket_ruffwear_red,00026,Labrador Retriever,91.5,53.6,72.3,L,1.064,Tight,D:\3d-canine-vton-sync\unique_garments_clean_vton_matrix\06_buoyancy_flotation_lifejacket_ruffwear_red\labrador\00026_clean_tryon.png
735,Flotation Lifejacket,Ruffwear Float Coat Lifejacket (Red),06_buoyancy_flotation_lifejacket_ruffwear_red,00027,Labrador Retriever,86.5,51.0,72.4,L,1.006,Good Fit,D:\3d-canine-vton-sync\unique_garments_clean_vton_matrix\06_buoyancy_flotation_lifejacket_ruffwear_red\labrador\00027_clean_tryon.png
736,Flotation Lifejacket,Ruffwear Float Coat Lifejacket (Red),06_buoyancy_flotation_lifejacket_ruffwear_red,00028,Labrador Retriever,85.5,53.9,79.5,L,0.994,Good Fit,D:\3d-canine-vton-sync\unique_garments_clean_vton_matrix\06_buoyancy_flotation_lifejacket_ruffwear_red\labrador\00028_clean_tryon.png
737,Flotation Lifejacket,Ruffwear Float Coat Lifejacket (Red),06_buoyancy_flotation_lifejacket_ruffwear_red,00029,Labrador Retriever,96.8,53.0,71.2,XL,0.978,Good Fit,D:\3d-canine-vton-sync\unique_garments_clean_vton_matrix\06_buoyancy_flotation_lifejacket_ruffwear_red\labrador\00029_clean_tryon.png
738,Flotation Lifejacket,Ruffwear Float Coat Lifejacket (Red),06_buoyancy_flotation_lifejacket_ruffwear_red,00030,Labrador Retriever,107.4,36.1,62.3,XL,1.085,Tight,D:\3d-canine-vton-sync\unique_garments_clean_vton_matrix\06_buoyancy_flotation_lifejacket_ruffwear_red\labrador\00030_clean_tryon.png
739,Flotation Lifejacket,Ruffwear Float Coat Lifejacket (Red),06_buoyancy_flotation_lifejacket_ruffwear_red,00031,Labrador Retriever,87.7,60.9,81.0,L,1.02,Good Fit,D:\3d-canine-vton-sync\unique_garments_clean_vton_matrix\06_buoyancy_flotation_lifejacket_ruffwear_red\labrador\00031_clean_tryon.png
740,Flotation Lifejacket,Ruffwear Float Coat Lifejacket (Red),06_buoyancy_flotation_lifejacket_ruffwear_red,00032,Labrador Retriever,80.4,53.9,59.5,M,1.072,Good Fit,D:\3d-canine-vton-sync\unique_garments_clean_vton_matrix\06_buoyancy_flotation_lifejacket_ruffwear_red\labrador\00032_clean_tryon.png
741,Flotation Lifejacket,Ruffwear Float Coat Lifejacket (Red),06_buoyancy_flotation_lifejacket_ruffwear_red,00033,Labrador Retriever,93.7,58.3,78.9,XL,0.946,Good Fit,D:\3d-canine-vton-sync\unique_garments_clean_vton_matrix\06_buoyancy_flotation_lifejacket_ruffwear_red\labrador\00033_clean_tryon.png
742,Flotation Lifejacket,Ruffwear Float Coat Lifejacket (Red),06_buoyancy_flotation_lifejacket_ruffwear_red,00034,Labrador Retriever,86.9,64.7,74.5,L,1.01,Good Fit,D:\3d-canine-vton-sync\unique_garments_clean_vton_matrix\06_buoyancy_flotation_lifejacket_ruffwear_red\labrador\00034_clean_tryon.png
743,Flotation Lifejacket,Ruffwear Float Coat Lifejacket (Red),06_buoyancy_flotation_lifejacket_ruffwear_red,00035,Labrador Retriever,86.9,59.8,81.9,L,1.01,Good Fit,D:\3d-canine-vton-sync\unique_garments_clean_vton_matrix\06_buoyancy_flotation_lifejacket_ruffwear_red\labrador\00035_clean_tryon.png
744,Flotation Lifejacket,Ruffwear Float Coat Lifejacket (Red),06_buoyancy_flotation_lifejacket_ruffwear_red,00036,Labrador Retriever,119.4,53.7,53.5,XL,1.206,Tight,D:\3d-canine-vton-sync\unique_garments_clean_vton_matrix\06_buoyancy_flotation_lifejacket_ruffwear_red\labrador\00036_clean_tryon.png
745,Flotation Lifejacket,Ruffwear Float Coat Lifejacket (Red),06_buoyancy_flotation_lifejacket_ruffwear_red,00037,Labrador Retriever,81.2,41.0,64.0,L,0.944,Good Fit,D:\3d-canine-vton-sync\unique_garments_clean_vton_matrix\06_buoyancy_flotation_lifejacket_ruffwear_red\labrador\00037_clean_tryon.png
746,Flotation Lifejacket,Ruffwear Float Coat Lifejacket (Red),06_buoyancy_flotation_lifejacket_ruffwear_red,00038,Labrador Retriever,92.5,52.6,81.2,L,1.076,Tight,D:\3d-canine-vton-sync\unique_garments_clean_vton_matrix\06_buoyancy_flotation_lifejacket_ruffwear_red\labrador\00038_clean_tryon.png
747,Flotation Lifejacket,Ruffwear Float Coat Lifejacket (Red),06_buoyancy_flotation_lifejacket_ruffwear_red,00039,Labrador Retriever,114.3,62.5,69.1,XL,1.155,Tight,D:\3d-canine-vton-sync\unique_garments_clean_vton_matrix\06_buoyancy_flotation_lifejacket_ruffwear_red\labrador\00039_clean_tryon.png
748,Flotation Lifejacket,Ruffwear Float Coat Lifejacket (Red),06_buoyancy_flotation_lifejacket_ruffwear_red,00040,Labrador Retriever,137.7,53.5,64.7,XL,1.391,Tight,D:\3d-canine-vton-sync\unique_garments_clean_vton_matrix\06_buoyancy_flotation_lifejacket_ruffwear_red\labrador\00040_clean_tryon.png
749,Flotation Lifejacket,Ruffwear Float Coat Lifejacket (Red),06_buoyancy_flotation_lifejacket_ruffwear_red,00041,Labrador Retriever,93.3,49.7,70.2,XL,0.942,Good Fit,D:\3d-canine-vton-sync\unique_garments_clean_vton_matrix\06_buoyancy_flotation_lifejacket_ruffwear_red\labrador\00041_clean_tryon.png
750,Flotation Lifejacket,Ruffwear Float Coat Lifejacket (Red),06_buoyancy_flotation_lifejacket_ruffwear_red,00042,Labrador Retriever,94.3,57.8,72.1,XL,0.953,Good Fit,D:\3d-canine-vton-sync\unique_garments_clean_vton_matrix\06_buoyancy_flotation_lifejacket_ruffwear_red\labrador\00042_clean_tryon.png
751,Flotation Lifejacket,Ruffwear Float Coat Lifejacket (Red),06_buoyancy_flotation_lifejacket_ruffwear_red,00043,Labrador Retriever,87.5,44.9,66.9,L,1.017,Good Fit,D:\3d-canine-vton-sync\unique_garments_clean_vton_matrix\06_buoyancy_flotation_lifejacket_ruffwear_red\labrador\00043_clean_tryon.png
752,Flotation Lifejacket,Ruffwear Float Coat Lifejacket (Red),06_buoyancy_flotation_lifejacket_ruffwear_red,00044,Labrador Retriever,86.2,50.6,70.4,L,1.002,Good Fit,D:\3d-canine-vton-sync\unique_garments_clean_vton_matrix\06_buoyancy_flotation_lifejacket_ruffwear_red\labrador\00044_clean_tryon.png
753,Flotation Lifejacket,Ruffwear Float Coat Lifejacket (Red),06_buoyancy_flotation_lifejacket_ruffwear_red,00045,Labrador Retriever,89.4,59.5,74.2,L,1.04,Good Fit,D:\3d-canine-vton-sync\unique_garments_clean_vton_matrix\06_buoyancy_flotation_lifejacket_ruffwear_red\labrador\00045_clean_tryon.png
754,Flotation Lifejacket,Ruffwear Float Coat Lifejacket (Red),06_buoyancy_flotation_lifejacket_ruffwear_red,00046,Labrador Retriever,88.2,56.7,72.7,L,1.026,Good Fit,D:\3d-canine-vton-sync\unique_garments_clean_vton_matrix\06_buoyancy_flotation_lifejacket_ruffwear_red\labrador\00046_clean_tryon.png
755,Flotation Lifejacket,Ruffwear Float Coat Lifejacket (Red),06_buoyancy_flotation_lifejacket_ruffwear_red,00047,Labrador Retriever,152.2,57.6,78.6,XL,1.537,Tight,D:\3d-canine-vton-sync\unique_garments_clean_vton_matrix\06_buoyancy_flotation_lifejacket_ruffwear_red\labrador\00047_clean_tryon.png
756,Flotation Lifejacket,Ruffwear Float Coat Lifejacket (Red),06_buoyancy_flotation_lifejacket_ruffwear_red,00048,Labrador Retriever,99.6,45.4,65.3,XL,1.006,Good Fit,D:\3d-canine-vton-sync\unique_garments_clean_vton_matrix\06_buoyancy_flotation_lifejacket_ruffwear_red\labrador\00048_clean_tryon.png
757,Flotation Lifejacket,Ruffwear Float Coat Lifejacket (Red),06_buoyancy_flotation_lifejacket_ruffwear_red,00049,Labrador Retriever,98.3,59.8,79.8,XL,0.993,Good Fit,D:\3d-canine-vton-sync\unique_garments_clean_vton_matrix\06_buoyancy_flotation_lifejacket_ruffwear_red\labrador\00049_clean_tryon.png
758,Flotation Lifejacket,Ruffwear Float Coat Lifejacket (Red),06_buoyancy_flotation_lifejacket_ruffwear_red,00050,Labrador Retriever,103.1,51.7,68.5,XL,1.041,Good Fit,D:\3d-canine-vton-sync\unique_garments_clean_vton_matrix\06_buoyancy_flotation_lifejacket_ruffwear_red\labrador\00050_clean_tryon.png
759,Flotation Lifejacket,Ruffwear Float Coat Lifejacket (Red),06_buoyancy_flotation_lifejacket_ruffwear_red,00051,Labrador Retriever,116.7,65.2,71.6,XL,1.179,Tight,D:\3d-canine-vton-sync\unique_garments_clean_vton_matrix\06_buoyancy_flotation_lifejacket_ruffwear_red\labrador\00051_clean_tryon.png
760,Flotation Lifejacket,Ruffwear Float Coat Lifejacket (Red),06_buoyancy_flotation_lifejacket_ruffwear_red,00052,Labrador Retriever,87.2,52.6,68.8,L,1.014,Good Fit,D:\3d-canine-vton-sync\unique_garments_clean_vton_matrix\06_buoyancy_flotation_lifejacket_ruffwear_red\labrador\00052_clean_tryon.png
761,Flotation Lifejacket,Ruffwear Float Coat Lifejacket (Red),06_buoyancy_flotation_lifejacket_ruffwear_red,00053,Labrador Retriever,86.5,61.0,79.5,L,1.006,Good Fit,D:\3d-canine-vton-sync\unique_garments_clean_vton_matrix\06_buoyancy_flotation_lifejacket_ruffwear_red\labrador\00053_clean_tryon.png
762,Flotation Lifejacket,Ruffwear Float Coat Lifejacket (Red),06_buoyancy_flotation_lifejacket_ruffwear_red,00054,Labrador Retriever,95.7,23.8,76.3,XL,0.967,Good Fit,D:\3d-canine-vton-sync\unique_garments_clean_vton_matrix\06_buoyancy_flotation_lifejacket_ruffwear_red\labrador\00054_clean_tryon.png
763,Flotation Lifejacket,Ruffwear Float Coat Lifejacket (Red),06_buoyancy_flotation_lifejacket_ruffwear_red,00055,Labrador Retriever,95.0,135.7,77.7,XL,0.96,Good Fit,D:\3d-canine-vton-sync\unique_garments_clean_vton_matrix\06_buoyancy_flotation_lifejacket_ruffwear_red\labrador\00055_clean_tryon.png
764,Flotation Lifejacket,Ruffwear Float Coat Lifejacket (Red),06_buoyancy_flotation_lifejacket_ruffwear_red,00056,Labrador Retriever,91.6,74.2,65.2,L,1.065,Tight,D:\3d-canine-vton-sync\unique_garments_clean_vton_matrix\06_buoyancy_flotation_lifejacket_ruffwear_red\labrador\00056_clean_tryon.png
765,Flotation Lifejacket,Ruffwear Float Coat Lifejacket (Red),06_buoyancy_flotation_lifejacket_ruffwear_red,00057,Labrador Retriever,96.0,33.2,66.0,XL,0.97,Good Fit,D:\3d-canine-vton-sync\unique_garments_clean_vton_matrix\06_buoyancy_flotation_lifejacket_ruffwear_red\labrador\00057_clean_tryon.png
766,Flotation Lifejacket,Ruffwear Float Coat Lifejacket (Red),06_buoyancy_flotation_lifejacket_ruffwear_red,00058,Labrador Retriever,87.6,40.0,71.6,L,1.019,Good Fit,D:\3d-canine-vton-sync\unique_garments_clean_vton_matrix\06_buoyancy_flotation_lifejacket_ruffwear_red\labrador\00058_clean_tryon.png
767,Flotation Lifejacket,Ruffwear Float Coat Lifejacket (Red),06_buoyancy_flotation_lifejacket_ruffwear_red,00059,Labrador Retriever,101.9,52.4,73.1,XL,1.029,Good Fit,D:\3d-canine-vton-sync\unique_garments_clean_vton_matrix\06_buoyancy_flotation_lifejacket_ruffwear_red\labrador\00059_clean_tryon.png
768,Flotation Lifejacket,Ruffwear Float Coat Lifejacket (Red),06_buoyancy_flotation_lifejacket_ruffwear_red,00060,Labrador Retriever,99.7,135.4,77.9,XL,1.007,Good Fit,D:\3d-canine-vton-sync\unique_garments_clean_vton_matrix\06_buoyancy_flotation_lifejacket_ruffwear_red\labrador\00060_clean_tryon.png
769,Flotation Lifejacket,Ruffwear Float Coat Lifejacket (Red),06_buoyancy_flotation_lifejacket_ruffwear_red,00061,Labrador Retriever,81.2,43.9,61.6,L,0.944,Good Fit,D:\3d-canine-vton-sync\unique_garments_clean_vton_matrix\06_buoyancy_flotation_lifejacket_ruffwear_red\labrador\00061_clean_tryon.png
770,Flotation Lifejacket,Ruffwear Float Coat Lifejacket (Red),06_buoyancy_flotation_lifejacket_ruffwear_red,00062,Labrador Retriever,92.0,51.3,71.7,L,1.07,Tight,D:\3d-canine-vton-sync\unique_garments_clean_vton_matrix\06_buoyancy_flotation_lifejacket_ruffwear_red\labrador\00062_clean_tryon.png
771,Flotation Lifejacket,Ruffwear Float Coat Lifejacket (Red),06_buoyancy_flotation_lifejacket_ruffwear_red,00063,Labrador Retriever,92.4,60.5,73.1,L,1.074,Tight,D:\3d-canine-vton-sync\unique_garments_clean_vton_matrix\06_buoyancy_flotation_lifejacket_ruffwear_red\labrador\00063_clean_tryon.png
772,Flotation Lifejacket,Ruffwear Float Coat Lifejacket (Red),06_buoyancy_flotation_lifejacket_ruffwear_red,00064,Labrador Retriever,91.8,50.6,65.0,L,1.067,Tight,D:\3d-canine-vton-sync\unique_garments_clean_vton_matrix\06_buoyancy_flotation_lifejacket_ruffwear_red\labrador\00064_clean_tryon.png
773,Flotation Lifejacket,Ruffwear Float Coat Lifejacket (Red),06_buoyancy_flotation_lifejacket_ruffwear_red,00065,Labrador Retriever,90.1,55.6,75.5,L,1.048,Good Fit,D:\3d-canine-vton-sync\unique_garments_clean_vton_matrix\06_buoyancy_flotation_lifejacket_ruffwear_red\labrador\00065_clean_tryon.png
774,Flotation Lifejacket,Ruffwear Float Coat Lifejacket (Red),06_buoyancy_flotation_lifejacket_ruffwear_red,00066,Labrador Retriever,85.8,58.4,77.2,L,0.998,Good Fit,D:\3d-canine-vton-sync\unique_garments_clean_vton_matrix\06_buoyancy_flotation_lifejacket_ruffwear_red\labrador\00066_clean_tryon.png
