Index,Image_ID,Breed,Chest_Girth_cm,Semi_Depth_A_cm,Semi_Width_B_cm,Back_Length_cm,Height_cm,Recommended_Size,Fit_Ratio,Verdict,Stage1_3D_Mesh,Stage2_Depth,Stage3_Mask,Stage4_VTON
1,golden_golden_retriever_side_view_bing_00000,Golden Retriever,82.9,13.2,13.2,58.7,78.2,L,0.964,Good Fit,D:\sideview_pipeline_stages\stage_1_3d_meshes\golden\golden_golden_retriever_side_view_bing_00000_stage1_mesh.obj,D:\sideview_pipeline_stages\stage_2_depth_maps\golden\golden_golden_retriever_side_view_bing_00000_stage2_depth.png,D:\sideview_pipeline_stages\stage_3_anatomical_masks\golden\golden_golden_retriever_side_view_bing_00000_stage3_mask_L.png,D:\sideview_pipeline_stages\stage_4_vton_renders\golden\golden_golden_retriever_side_view_bing_00000_stage4_vton_L.png
2,golden_golden_retriever_side_view_bing_00001,Golden Retriever,86.3,14.0,13.4,60.6,80.1,L,1.003,Good Fit,D:\sideview_pipeline_stages\stage_1_3d_meshes\golden\golden_golden_retriever_side_view_bing_00001_stage1_mesh.obj,D:\sideview_pipeline_stages\stage_2_depth_maps\golden\golden_golden_retriever_side_view_bing_00001_stage2_depth.png,D:\sideview_pipeline_stages\stage_3_anatomical_masks\golden\golden_golden_retriever_side_view_bing_00001_stage3_mask_L.png,D:\sideview_pipeline_stages\stage_4_vton_renders\golden\golden_golden_retriever_side_view_bing_00001_stage4_vton_L.png
3,golden_golden_retriever_side_view_bing_00002,Golden Retriever,107.1,17.7,16.3,44.3,82.8,XL,1.082,Tight,D:\sideview_pipeline_stages\stage_1_3d_meshes\golden\golden_golden_retriever_side_view_bing_00002_stage1_mesh.obj,D:\sideview_pipeline_stages\stage_2_depth_maps\golden\golden_golden_retriever_side_view_bing_00002_stage2_depth.png,D:\sideview_pipeline_stages\stage_3_anatomical_masks\golden\golden_golden_retriever_side_view_bing_00002_stage3_mask_XL.png,D:\sideview_pipeline_stages\stage_4_vton_renders\golden\golden_golden_retriever_side_view_bing_00002_stage4_vton_XL.png
4,golden_golden_retriever_side_view_bing_00003,Golden Retriever,90.2,14.8,14.0,56.7,73.1,L,1.049,Good Fit,D:\sideview_pipeline_stages\stage_1_3d_meshes\golden\golden_golden_retriever_side_view_bing_00003_stage1_mesh.obj,D:\sideview_pipeline_stages\stage_2_depth_maps\golden\golden_golden_retriever_side_view_bing_00003_stage2_depth.png,D:\sideview_pipeline_stages\stage_3_anatomical_masks\golden\golden_golden_retriever_side_view_bing_00003_stage3_mask_L.png,D:\sideview_pipeline_stages\stage_4_vton_renders\golden\golden_golden_retriever_side_view_bing_00003_stage4_vton_L.png
5,golden_golden_retriever_side_view_bing_00004,Golden Retriever,85.7,14.0,13.3,58.2,77.5,L,0.997,Good Fit,D:\sideview_pipeline_stages\stage_1_3d_meshes\golden\golden_golden_retriever_side_view_bing_00004_stage1_mesh.obj,D:\sideview_pipeline_stages\stage_2_depth_maps\golden\golden_golden_retriever_side_view_bing_00004_stage2_depth.png,D:\sideview_pipeline_stages\stage_3_anatomical_masks\golden\golden_golden_retriever_side_view_bing_00004_stage3_mask_L.png,D:\sideview_pipeline_stages\stage_4_vton_renders\golden\golden_golden_retriever_side_view_bing_00004_stage4_vton_L.png
6,golden_golden_retriever_side_view_bing_00005,Golden Retriever,83.3,13.5,13.0,59.3,76.7,L,0.969,Good Fit,D:\sideview_pipeline_stages\stage_1_3d_meshes\golden\golden_golden_retriever_side_view_bing_00005_stage1_mesh.obj,D:\sideview_pipeline_stages\stage_2_depth_maps\golden\golden_golden_retriever_side_view_bing_00005_stage2_depth.png,D:\sideview_pipeline_stages\stage_3_anatomical_masks\golden\golden_golden_retriever_side_view_bing_00005_stage3_mask_L.png,D:\sideview_pipeline_stages\stage_4_vton_renders\golden\golden_golden_retriever_side_view_bing_00005_stage4_vton_L.png
7,golden_golden_retriever_side_view_bing_00006,Golden Retriever,102.1,17.3,15.1,123.1,72.0,XL,1.031,Good Fit,D:\sideview_pipeline_stages\stage_1_3d_meshes\golden\golden_golden_retriever_side_view_bing_00006_stage1_mesh.obj,D:\sideview_pipeline_stages\stage_2_depth_maps\golden\golden_golden_retriever_side_view_bing_00006_stage2_depth.png,D:\sideview_pipeline_stages\stage_3_anatomical_masks\golden\golden_golden_retriever_side_view_bing_00006_stage3_mask_XL.png,D:\sideview_pipeline_stages\stage_4_vton_renders\golden\golden_golden_retriever_side_view_bing_00006_stage4_vton_XL.png
8,golden_golden_retriever_side_view_bing_00007,Golden Retriever,79.4,13.5,11.7,48.7,73.7,M,1.059,Good Fit,D:\sideview_pipeline_stages\stage_1_3d_meshes\golden\golden_golden_retriever_side_view_bing_00007_stage1_mesh.obj,D:\sideview_pipeline_stages\stage_2_depth_maps\golden\golden_golden_retriever_side_view_bing_00007_stage2_depth.png,D:\sideview_pipeline_stages\stage_3_anatomical_masks\golden\golden_golden_retriever_side_view_bing_00007_stage3_mask_M.png,D:\sideview_pipeline_stages\stage_4_vton_renders\golden\golden_golden_retriever_side_view_bing_00007_stage4_vton_M.png
9,golden_golden_retriever_side_view_bing_00008,Golden Retriever,106.4,18.8,15.0,48.4,65.9,XL,1.075,Good Fit,D:\sideview_pipeline_stages\stage_1_3d_meshes\golden\golden_golden_retriever_side_view_bing_00008_stage1_mesh.obj,D:\sideview_pipeline_stages\stage_2_depth_maps\golden\golden_golden_retriever_side_view_bing_00008_stage2_depth.png,D:\sideview_pipeline_stages\stage_3_anatomical_masks\golden\golden_golden_retriever_side_view_bing_00008_stage3_mask_XL.png,D:\sideview_pipeline_stages\stage_4_vton_renders\golden\golden_golden_retriever_side_view_bing_00008_stage4_vton_XL.png
10,golden_golden_retriever_side_view_bing_00009,Golden Retriever,87.5,14.3,13.6,55.9,72.0,L,1.017,Good Fit,D:\sideview_pipeline_stages\stage_1_3d_meshes\golden\golden_golden_retriever_side_view_bing_00009_stage1_mesh.obj,D:\sideview_pipeline_stages\stage_2_depth_maps\golden\golden_golden_retriever_side_view_bing_00009_stage2_depth.png,D:\sideview_pipeline_stages\stage_3_anatomical_masks\golden\golden_golden_retriever_side_view_bing_00009_stage3_mask_L.png,D:\sideview_pipeline_stages\stage_4_vton_renders\golden\golden_golden_retriever_side_view_bing_00009_stage4_vton_L.png
11,golden_golden_retriever_side_view_bing_00010,Golden Retriever,89.9,14.5,14.1,47.0,69.2,L,1.045,Good Fit,D:\sideview_pipeline_stages\stage_1_3d_meshes\golden\golden_golden_retriever_side_view_bing_00010_stage1_mesh.obj,D:\sideview_pipeline_stages\stage_2_depth_maps\golden\golden_golden_retriever_side_view_bing_00010_stage2_depth.png,D:\sideview_pipeline_stages\stage_3_anatomical_masks\golden\golden_golden_retriever_side_view_bing_00010_stage3_mask_L.png,D:\sideview_pipeline_stages\stage_4_vton_renders\golden\golden_golden_retriever_side_view_bing_00010_stage4_vton_L.png
12,golden_golden_retriever_side_view_bing_00011,Golden Retriever,99.4,16.2,15.4,24.4,61.0,XL,1.004,Good Fit,D:\sideview_pipeline_stages\stage_1_3d_meshes\golden\golden_golden_retriever_side_view_bing_00011_stage1_mesh.obj,D:\sideview_pipeline_stages\stage_2_depth_maps\golden\golden_golden_retriever_side_view_bing_00011_stage2_depth.png,D:\sideview_pipeline_stages\stage_3_anatomical_masks\golden\golden_golden_retriever_side_view_bing_00011_stage3_mask_XL.png,D:\sideview_pipeline_stages\stage_4_vton_renders\golden\golden_golden_retriever_side_view_bing_00011_stage4_vton_XL.png
13,golden_golden_retriever_side_view_bing_00012,Golden Retriever,98.0,16.0,15.2,31.1,59.6,XL,0.99,Good Fit,D:\sideview_pipeline_stages\stage_1_3d_meshes\golden\golden_golden_retriever_side_view_bing_00012_stage1_mesh.obj,D:\sideview_pipeline_stages\stage_2_depth_maps\golden\golden_golden_retriever_side_view_bing_00012_stage2_depth.png,D:\sideview_pipeline_stages\stage_3_anatomical_masks\golden\golden_golden_retriever_side_view_bing_00012_stage3_mask_XL.png,D:\sideview_pipeline_stages\stage_4_vton_renders\golden\golden_golden_retriever_side_view_bing_00012_stage4_vton_XL.png
14,golden_golden_retriever_side_view_bing_00013,Golden Retriever,82.9,13.3,13.0,51.1,64.9,L,0.964,Good Fit,D:\sideview_pipeline_stages\stage_1_3d_meshes\golden\golden_golden_retriever_side_view_bing_00013_stage1_mesh.obj,D:\sideview_pipeline_stages\stage_2_depth_maps\golden\golden_golden_retriever_side_view_bing_00013_stage2_depth.png,D:\sideview_pipeline_stages\stage_3_anatomical_masks\golden\golden_golden_retriever_side_view_bing_00013_stage3_mask_L.png,D:\sideview_pipeline_stages\stage_4_vton_renders\golden\golden_golden_retriever_side_view_bing_00013_stage4_vton_L.png
15,golden_golden_retriever_side_view_bing_00014,Golden Retriever,88.7,14.3,13.9,60.5,69.4,L,1.031,Good Fit,D:\sideview_pipeline_stages\stage_1_3d_meshes\golden\golden_golden_retriever_side_view_bing_00014_stage1_mesh.obj,D:\sideview_pipeline_stages\stage_2_depth_maps\golden\golden_golden_retriever_side_view_bing_00014_stage2_depth.png,D:\sideview_pipeline_stages\stage_3_anatomical_masks\golden\golden_golden_retriever_side_view_bing_00014_stage3_mask_L.png,D:\sideview_pipeline_stages\stage_4_vton_renders\golden\golden_golden_retriever_side_view_bing_00014_stage4_vton_L.png
16,golden_golden_retriever_side_view_bing_00015,Golden Retriever,104.0,16.6,16.5,44.3,73.2,XL,1.051,Good Fit,D:\sideview_pipeline_stages\stage_1_3d_meshes\golden\golden_golden_retriever_side_view_bing_00015_stage1_mesh.obj,D:\sideview_pipeline_stages\stage_2_depth_maps\golden\golden_golden_retriever_side_view_bing_00015_stage2_depth.png,D:\sideview_pipeline_stages\stage_3_anatomical_masks\golden\golden_golden_retriever_side_view_bing_00015_stage3_mask_XL.png,D:\sideview_pipeline_stages\stage_4_vton_renders\golden\golden_golden_retriever_side_view_bing_00015_stage4_vton_XL.png
17,golden_golden_retriever_side_view_bing_00016,Golden Retriever,81.7,13.6,12.4,59.1,81.5,L,0.95,Good Fit,D:\sideview_pipeline_stages\stage_1_3d_meshes\golden\golden_golden_retriever_side_view_bing_00016_stage1_mesh.obj,D:\sideview_pipeline_stages\stage_2_depth_maps\golden\golden_golden_retriever_side_view_bing_00016_stage2_depth.png,D:\sideview_pipeline_stages\stage_3_anatomical_masks\golden\golden_golden_retriever_side_view_bing_00016_stage3_mask_L.png,D:\sideview_pipeline_stages\stage_4_vton_renders\golden\golden_golden_retriever_side_view_bing_00016_stage4_vton_L.png
18,golden_golden_retriever_side_view_bing_00017,Golden Retriever,153.0,29.2,19.0,95.0,80.9,XL,1.545,Tight,D:\sideview_pipeline_stages\stage_1_3d_meshes\golden\golden_golden_retriever_side_view_bing_00017_stage1_mesh.obj,D:\sideview_pipeline_stages\stage_2_depth_maps\golden\golden_golden_retriever_side_view_bing_00017_stage2_depth.png,D:\sideview_pipeline_stages\stage_3_anatomical_masks\golden\golden_golden_retriever_side_view_bing_00017_stage3_mask_XL.png,D:\sideview_pipeline_stages\stage_4_vton_renders\golden\golden_golden_retriever_side_view_bing_00017_stage4_vton_XL.png
19,golden_golden_retriever_side_view_bing_00018,Golden Retriever,86.4,14.5,13.0,55.3,84.8,L,1.005,Good Fit,D:\sideview_pipeline_stages\stage_1_3d_meshes\golden\golden_golden_retriever_side_view_bing_00018_stage1_mesh.obj,D:\sideview_pipeline_stages\stage_2_depth_maps\golden\golden_golden_retriever_side_view_bing_00018_stage2_depth.png,D:\sideview_pipeline_stages\stage_3_anatomical_masks\golden\golden_golden_retriever_side_view_bing_00018_stage3_mask_L.png,D:\sideview_pipeline_stages\stage_4_vton_renders\golden\golden_golden_retriever_side_view_bing_00018_stage4_vton_L.png
20,golden_golden_retriever_side_view_bing_00019,Golden Retriever,89.0,14.4,13.9,51.7,70.7,L,1.035,Good Fit,D:\sideview_pipeline_stages\stage_1_3d_meshes\golden\golden_golden_retriever_side_view_bing_00019_stage1_mesh.obj,D:\sideview_pipeline_stages\stage_2_depth_maps\golden\golden_golden_retriever_side_view_bing_00019_stage2_depth.png,D:\sideview_pipeline_stages\stage_3_anatomical_masks\golden\golden_golden_retriever_side_view_bing_00019_stage3_mask_L.png,D:\sideview_pipeline_stages\stage_4_vton_renders\golden\golden_golden_retriever_side_view_bing_00019_stage4_vton_L.png
21,golden_golden_retriever_side_view_bing_00020,Golden Retriever,83.1,13.8,12.6,55.2,74.5,L,0.966,Good Fit,D:\sideview_pipeline_stages\stage_1_3d_meshes\golden\golden_golden_retriever_side_view_bing_00020_stage1_mesh.obj,D:\sideview_pipeline_stages\stage_2_depth_maps\golden\golden_golden_retriever_side_view_bing_00020_stage2_depth.png,D:\sideview_pipeline_stages\stage_3_anatomical_masks\golden\golden_golden_retriever_side_view_bing_00020_stage3_mask_L.png,D:\sideview_pipeline_stages\stage_4_vton_renders\golden\golden_golden_retriever_side_view_bing_00020_stage4_vton_L.png
22,golden_golden_retriever_side_view_bing_00021,Golden Retriever,84.7,13.6,13.3,58.5,82.4,L,0.985,Good Fit,D:\sideview_pipeline_stages\stage_1_3d_meshes\golden\golden_golden_retriever_side_view_bing_00021_stage1_mesh.obj,D:\sideview_pipeline_stages\stage_2_depth_maps\golden\golden_golden_retriever_side_view_bing_00021_stage2_depth.png,D:\sideview_pipeline_stages\stage_3_anatomical_masks\golden\golden_golden_retriever_side_view_bing_00021_stage3_mask_L.png,D:\sideview_pipeline_stages\stage_4_vton_renders\golden\golden_golden_retriever_side_view_bing_00021_stage4_vton_L.png
23,golden_golden_retriever_side_view_bing_00022,Golden Retriever,104.9,18.4,14.9,49.0,60.6,XL,1.06,Good Fit,D:\sideview_pipeline_stages\stage_1_3d_meshes\golden\golden_golden_retriever_side_view_bing_00022_stage1_mesh.obj,D:\sideview_pipeline_stages\stage_2_depth_maps\golden\golden_golden_retriever_side_view_bing_00022_stage2_depth.png,D:\sideview_pipeline_stages\stage_3_anatomical_masks\golden\golden_golden_retriever_side_view_bing_00022_stage3_mask_XL.png,D:\sideview_pipeline_stages\stage_4_vton_renders\golden\golden_golden_retriever_side_view_bing_00022_stage4_vton_XL.png
24,golden_golden_retriever_side_view_bing_00023,Golden Retriever,88.8,14.2,14.1,54.6,74.5,L,1.033,Good Fit,D:\sideview_pipeline_stages\stage_1_3d_meshes\golden\golden_golden_retriever_side_view_bing_00023_stage1_mesh.obj,D:\sideview_pipeline_stages\stage_2_depth_maps\golden\golden_golden_retriever_side_view_bing_00023_stage2_depth.png,D:\sideview_pipeline_stages\stage_3_anatomical_masks\golden\golden_golden_retriever_side_view_bing_00023_stage3_mask_L.png,D:\sideview_pipeline_stages\stage_4_vton_renders\golden\golden_golden_retriever_side_view_bing_00023_stage4_vton_L.png
25,golden_golden_retriever_side_view_bing_00024,Golden Retriever,116.5,18.9,18.1,55.5,74.8,XL,1.177,Tight,D:\sideview_pipeline_stages\stage_1_3d_meshes\golden\golden_golden_retriever_side_view_bing_00024_stage1_mesh.obj,D:\sideview_pipeline_stages\stage_2_depth_maps\golden\golden_golden_retriever_side_view_bing_00024_stage2_depth.png,D:\sideview_pipeline_stages\stage_3_anatomical_masks\golden\golden_golden_retriever_side_view_bing_00024_stage3_mask_XL.png,D:\sideview_pipeline_stages\stage_4_vton_renders\golden\golden_golden_retriever_side_view_bing_00024_stage4_vton_XL.png
26,golden_golden_retriever_side_view_bing_00025,Golden Retriever,77.9,12.7,12.1,52.8,61.4,M,1.039,Good Fit,D:\sideview_pipeline_stages\stage_1_3d_meshes\golden\golden_golden_retriever_side_view_bing_00025_stage1_mesh.obj,D:\sideview_pipeline_stages\stage_2_depth_maps\golden\golden_golden_retriever_side_view_bing_00025_stage2_depth.png,D:\sideview_pipeline_stages\stage_3_anatomical_masks\golden\golden_golden_retriever_side_view_bing_00025_stage3_mask_M.png,D:\sideview_pipeline_stages\stage_4_vton_renders\golden\golden_golden_retriever_side_view_bing_00025_stage4_vton_M.png
27,golden_golden_retriever_side_view_bing_00026,Golden Retriever,85.2,14.0,13.1,64.2,88.8,L,0.991,Good Fit,D:\sideview_pipeline_stages\stage_1_3d_meshes\golden\golden_golden_retriever_side_view_bing_00026_stage1_mesh.obj,D:\sideview_pipeline_stages\stage_2_depth_maps\golden\golden_golden_retriever_side_view_bing_00026_stage2_depth.png,D:\sideview_pipeline_stages\stage_3_anatomical_masks\golden\golden_golden_retriever_side_view_bing_00026_stage3_mask_L.png,D:\sideview_pipeline_stages\stage_4_vton_renders\golden\golden_golden_retriever_side_view_bing_00026_stage4_vton_L.png
28,golden_golden_retriever_side_view_bing_00027,Golden Retriever,90.6,14.9,14.0,38.1,63.0,L,1.053,Good Fit,D:\sideview_pipeline_stages\stage_1_3d_meshes\golden\golden_golden_retriever_side_view_bing_00027_stage1_mesh.obj,D:\sideview_pipeline_stages\stage_2_depth_maps\golden\golden_golden_retriever_side_view_bing_00027_stage2_depth.png,D:\sideview_pipeline_stages\stage_3_anatomical_masks\golden\golden_golden_retriever_side_view_bing_00027_stage3_mask_L.png,D:\sideview_pipeline_stages\stage_4_vton_renders\golden\golden_golden_retriever_side_view_bing_00027_stage4_vton_L.png
29,golden_golden_retriever_side_view_bing_00028,Golden Retriever,94.1,15.1,14.8,62.5,84.0,XL,0.951,Good Fit,D:\sideview_pipeline_stages\stage_1_3d_meshes\golden\golden_golden_retriever_side_view_bing_00028_stage1_mesh.obj,D:\sideview_pipeline_stages\stage_2_depth_maps\golden\golden_golden_retriever_side_view_bing_00028_stage2_depth.png,D:\sideview_pipeline_stages\stage_3_anatomical_masks\golden\golden_golden_retriever_side_view_bing_00028_stage3_mask_XL.png,D:\sideview_pipeline_stages\stage_4_vton_renders\golden\golden_golden_retriever_side_view_bing_00028_stage4_vton_XL.png
30,golden_golden_retriever_side_view_bing_00029,Golden Retriever,86.4,13.8,13.7,56.0,77.2,L,1.005,Good Fit,D:\sideview_pipeline_stages\stage_1_3d_meshes\golden\golden_golden_retriever_side_view_bing_00029_stage1_mesh.obj,D:\sideview_pipeline_stages\stage_2_depth_maps\golden\golden_golden_retriever_side_view_bing_00029_stage2_depth.png,D:\sideview_pipeline_stages\stage_3_anatomical_masks\golden\golden_golden_retriever_side_view_bing_00029_stage3_mask_L.png,D:\sideview_pipeline_stages\stage_4_vton_renders\golden\golden_golden_retriever_side_view_bing_00029_stage4_vton_L.png
31,golden_golden_retriever_side_view_bing_00030,Golden Retriever,81.3,13.0,12.8,8.1,58.7,L,0.945,Good Fit,D:\sideview_pipeline_stages\stage_1_3d_meshes\golden\golden_golden_retriever_side_view_bing_00030_stage1_mesh.obj,D:\sideview_pipeline_stages\stage_2_depth_maps\golden\golden_golden_retriever_side_view_bing_00030_stage2_depth.png,D:\sideview_pipeline_stages\stage_3_anatomical_masks\golden\golden_golden_retriever_side_view_bing_00030_stage3_mask_L.png,D:\sideview_pipeline_stages\stage_4_vton_renders\golden\golden_golden_retriever_side_view_bing_00030_stage4_vton_L.png
32,golden_golden_retriever_side_view_bing_00031,Golden Retriever,105.0,16.8,16.7,46.5,70.0,XL,1.061,Good Fit,D:\sideview_pipeline_stages\stage_1_3d_meshes\golden\golden_golden_retriever_side_view_bing_00031_stage1_mesh.obj,D:\sideview_pipeline_stages\stage_2_depth_maps\golden\golden_golden_retriever_side_view_bing_00031_stage2_depth.png,D:\sideview_pipeline_stages\stage_3_anatomical_masks\golden\golden_golden_retriever_side_view_bing_00031_stage3_mask_XL.png,D:\sideview_pipeline_stages\stage_4_vton_renders\golden\golden_golden_retriever_side_view_bing_00031_stage4_vton_XL.png
33,golden_golden_retriever_side_view_bing_00032,Golden Retriever,90.6,14.6,14.2,59.2,78.9,L,1.053,Good Fit,D:\sideview_pipeline_stages\stage_1_3d_meshes\golden\golden_golden_retriever_side_view_bing_00032_stage1_mesh.obj,D:\sideview_pipeline_stages\stage_2_depth_maps\golden\golden_golden_retriever_side_view_bing_00032_stage2_depth.png,D:\sideview_pipeline_stages\stage_3_anatomical_masks\golden\golden_golden_retriever_side_view_bing_00032_stage3_mask_L.png,D:\sideview_pipeline_stages\stage_4_vton_renders\golden\golden_golden_retriever_side_view_bing_00032_stage4_vton_L.png
34,golden_golden_retriever_side_view_bing_00033,Golden Retriever,129.3,28.3,10.9,82.7,67.6,XL,1.306,Tight,D:\sideview_pipeline_stages\stage_1_3d_meshes\golden\golden_golden_retriever_side_view_bing_00033_stage1_mesh.obj,D:\sideview_pipeline_stages\stage_2_depth_maps\golden\golden_golden_retriever_side_view_bing_00033_stage2_depth.png,D:\sideview_pipeline_stages\stage_3_anatomical_masks\golden\golden_golden_retriever_side_view_bing_00033_stage3_mask_XL.png,D:\sideview_pipeline_stages\stage_4_vton_renders\golden\golden_golden_retriever_side_view_bing_00033_stage4_vton_XL.png
35,golden_golden_retriever_side_view_bing_00034,Golden Retriever,99.0,15.8,15.8,24.3,62.1,XL,1.0,Good Fit,D:\sideview_pipeline_stages\stage_1_3d_meshes\golden\golden_golden_retriever_side_view_bing_00034_stage1_mesh.obj,D:\sideview_pipeline_stages\stage_2_depth_maps\golden\golden_golden_retriever_side_view_bing_00034_stage2_depth.png,D:\sideview_pipeline_stages\stage_3_anatomical_masks\golden\golden_golden_retriever_side_view_bing_00034_stage3_mask_XL.png,D:\sideview_pipeline_stages\stage_4_vton_renders\golden\golden_golden_retriever_side_view_bing_00034_stage4_vton_XL.png
36,golden_golden_retriever_side_view_bing_00035,Golden Retriever,114.9,18.6,17.9,59.7,67.2,XL,1.161,Tight,D:\sideview_pipeline_stages\stage_1_3d_meshes\golden\golden_golden_retriever_side_view_bing_00035_stage1_mesh.obj,D:\sideview_pipeline_stages\stage_2_depth_maps\golden\golden_golden_retriever_side_view_bing_00035_stage2_depth.png,D:\sideview_pipeline_stages\stage_3_anatomical_masks\golden\golden_golden_retriever_side_view_bing_00035_stage3_mask_XL.png,D:\sideview_pipeline_stages\stage_4_vton_renders\golden\golden_golden_retriever_side_view_bing_00035_stage4_vton_XL.png
37,golden_golden_retriever_side_view_bing_00036,Golden Retriever,90.8,15.0,13.9,44.8,65.1,L,1.056,Good Fit,D:\sideview_pipeline_stages\stage_1_3d_meshes\golden\golden_golden_retriever_side_view_bing_00036_stage1_mesh.obj,D:\sideview_pipeline_stages\stage_2_depth_maps\golden\golden_golden_retriever_side_view_bing_00036_stage2_depth.png,D:\sideview_pipeline_stages\stage_3_anatomical_masks\golden\golden_golden_retriever_side_view_bing_00036_stage3_mask_L.png,D:\sideview_pipeline_stages\stage_4_vton_renders\golden\golden_golden_retriever_side_view_bing_00036_stage4_vton_L.png
38,golden_golden_retriever_side_view_bing_00037,Golden Retriever,91.8,14.8,14.4,60.2,79.3,L,1.067,Tight,D:\sideview_pipeline_stages\stage_1_3d_meshes\golden\golden_golden_retriever_side_view_bing_00037_stage1_mesh.obj,D:\sideview_pipeline_stages\stage_2_depth_maps\golden\golden_golden_retriever_side_view_bing_00037_stage2_depth.png,D:\sideview_pipeline_stages\stage_3_anatomical_masks\golden\golden_golden_retriever_side_view_bing_00037_stage3_mask_L.png,D:\sideview_pipeline_stages\stage_4_vton_renders\golden\golden_golden_retriever_side_view_bing_00037_stage4_vton_L.png
39,golden_golden_retriever_side_view_bing_00038,Golden Retriever,100.5,16.2,15.8,48.0,81.6,XL,1.015,Good Fit,D:\sideview_pipeline_stages\stage_1_3d_meshes\golden\golden_golden_retriever_side_view_bing_00038_stage1_mesh.obj,D:\sideview_pipeline_stages\stage_2_depth_maps\golden\golden_golden_retriever_side_view_bing_00038_stage2_depth.png,D:\sideview_pipeline_stages\stage_3_anatomical_masks\golden\golden_golden_retriever_side_view_bing_00038_stage3_mask_XL.png,D:\sideview_pipeline_stages\stage_4_vton_renders\golden\golden_golden_retriever_side_view_bing_00038_stage4_vton_XL.png
40,golden_golden_retriever_side_view_bing_00039,Golden Retriever,83.1,13.3,13.2,57.6,76.0,L,0.966,Good Fit,D:\sideview_pipeline_stages\stage_1_3d_meshes\golden\golden_golden_retriever_side_view_bing_00039_stage1_mesh.obj,D:\sideview_pipeline_stages\stage_2_depth_maps\golden\golden_golden_retriever_side_view_bing_00039_stage2_depth.png,D:\sideview_pipeline_stages\stage_3_anatomical_masks\golden\golden_golden_retriever_side_view_bing_00039_stage3_mask_L.png,D:\sideview_pipeline_stages\stage_4_vton_renders\golden\golden_golden_retriever_side_view_bing_00039_stage4_vton_L.png
41,golden_golden_retriever_side_view_bing_00040,Golden Retriever,97.2,15.8,15.1,61.5,67.4,XL,0.982,Good Fit,D:\sideview_pipeline_stages\stage_1_3d_meshes\golden\golden_golden_retriever_side_view_bing_00040_stage1_mesh.obj,D:\sideview_pipeline_stages\stage_2_depth_maps\golden\golden_golden_retriever_side_view_bing_00040_stage2_depth.png,D:\sideview_pipeline_stages\stage_3_anatomical_masks\golden\golden_golden_retriever_side_view_bing_00040_stage3_mask_XL.png,D:\sideview_pipeline_stages\stage_4_vton_renders\golden\golden_golden_retriever_side_view_bing_00040_stage4_vton_XL.png
42,golden_golden_retriever_side_view_bing_00041,Golden Retriever,98.4,15.9,15.4,41.7,75.9,XL,0.994,Good Fit,D:\sideview_pipeline_stages\stage_1_3d_meshes\golden\golden_golden_retriever_side_view_bing_00041_stage1_mesh.obj,D:\sideview_pipeline_stages\stage_2_depth_maps\golden\golden_golden_retriever_side_view_bing_00041_stage2_depth.png,D:\sideview_pipeline_stages\stage_3_anatomical_masks\golden\golden_golden_retriever_side_view_bing_00041_stage3_mask_XL.png,D:\sideview_pipeline_stages\stage_4_vton_renders\golden\golden_golden_retriever_side_view_bing_00041_stage4_vton_XL.png
43,golden_golden_retriever_side_view_bing_00042,Golden Retriever,79.8,13.4,11.9,48.6,57.3,M,1.064,Good Fit,D:\sideview_pipeline_stages\stage_1_3d_meshes\golden\golden_golden_retriever_side_view_bing_00042_stage1_mesh.obj,D:\sideview_pipeline_stages\stage_2_depth_maps\golden\golden_golden_retriever_side_view_bing_00042_stage2_depth.png,D:\sideview_pipeline_stages\stage_3_anatomical_masks\golden\golden_golden_retriever_side_view_bing_00042_stage3_mask_M.png,D:\sideview_pipeline_stages\stage_4_vton_renders\golden\golden_golden_retriever_side_view_bing_00042_stage4_vton_M.png
44,golden_golden_retriever_side_view_bing_00043,Golden Retriever,98.0,15.6,15.6,52.4,67.4,XL,0.99,Good Fit,D:\sideview_pipeline_stages\stage_1_3d_meshes\golden\golden_golden_retriever_side_view_bing_00043_stage1_mesh.obj,D:\sideview_pipeline_stages\stage_2_depth_maps\golden\golden_golden_retriever_side_view_bing_00043_stage2_depth.png,D:\sideview_pipeline_stages\stage_3_anatomical_masks\golden\golden_golden_retriever_side_view_bing_00043_stage3_mask_XL.png,D:\sideview_pipeline_stages\stage_4_vton_renders\golden\golden_golden_retriever_side_view_bing_00043_stage4_vton_XL.png
45,golden_golden_retriever_side_view_bing_00044,Golden Retriever,111.0,18.0,17.3,44.6,64.1,XL,1.121,Tight,D:\sideview_pipeline_stages\stage_1_3d_meshes\golden\golden_golden_retriever_side_view_bing_00044_stage1_mesh.obj,D:\sideview_pipeline_stages\stage_2_depth_maps\golden\golden_golden_retriever_side_view_bing_00044_stage2_depth.png,D:\sideview_pipeline_stages\stage_3_anatomical_masks\golden\golden_golden_retriever_side_view_bing_00044_stage3_mask_XL.png,D:\sideview_pipeline_stages\stage_4_vton_renders\golden\golden_golden_retriever_side_view_bing_00044_stage4_vton_XL.png
46,golden_golden_retriever_side_view_bing_00045,Golden Retriever,91.9,14.8,14.5,56.9,78.0,L,1.069,Tight,D:\sideview_pipeline_stages\stage_1_3d_meshes\golden\golden_golden_retriever_side_view_bing_00045_stage1_mesh.obj,D:\sideview_pipeline_stages\stage_2_depth_maps\golden\golden_golden_retriever_side_view_bing_00045_stage2_depth.png,D:\sideview_pipeline_stages\stage_3_anatomical_masks\golden\golden_golden_retriever_side_view_bing_00045_stage3_mask_L.png,D:\sideview_pipeline_stages\stage_4_vton_renders\golden\golden_golden_retriever_side_view_bing_00045_stage4_vton_L.png
47,golden_golden_retriever_side_view_bing_00046,Golden Retriever,92.7,14.8,14.8,60.1,80.1,XL,0.936,Good Fit,D:\sideview_pipeline_stages\stage_1_3d_meshes\golden\golden_golden_retriever_side_view_bing_00046_stage1_mesh.obj,D:\sideview_pipeline_stages\stage_2_depth_maps\golden\golden_golden_retriever_side_view_bing_00046_stage2_depth.png,D:\sideview_pipeline_stages\stage_3_anatomical_masks\golden\golden_golden_retriever_side_view_bing_00046_stage3_mask_XL.png,D:\sideview_pipeline_stages\stage_4_vton_renders\golden\golden_golden_retriever_side_view_bing_00046_stage4_vton_XL.png
48,golden_golden_retriever_side_view_bing_00047,Golden Retriever,87.5,14.4,13.5,60.5,79.6,L,1.017,Good Fit,D:\sideview_pipeline_stages\stage_1_3d_meshes\golden\golden_golden_retriever_side_view_bing_00047_stage1_mesh.obj,D:\sideview_pipeline_stages\stage_2_depth_maps\golden\golden_golden_retriever_side_view_bing_00047_stage2_depth.png,D:\sideview_pipeline_stages\stage_3_anatomical_masks\golden\golden_golden_retriever_side_view_bing_00047_stage3_mask_L.png,D:\sideview_pipeline_stages\stage_4_vton_renders\golden\golden_golden_retriever_side_view_bing_00047_stage4_vton_L.png
49,golden_golden_retriever_side_view_bing_00048,Golden Retriever,85.8,13.9,13.4,57.9,76.3,L,0.998,Good Fit,D:\sideview_pipeline_stages\stage_1_3d_meshes\golden\golden_golden_retriever_side_view_bing_00048_stage1_mesh.obj,D:\sideview_pipeline_stages\stage_2_depth_maps\golden\golden_golden_retriever_side_view_bing_00048_stage2_depth.png,D:\sideview_pipeline_stages\stage_3_anatomical_masks\golden\golden_golden_retriever_side_view_bing_00048_stage3_mask_L.png,D:\sideview_pipeline_stages\stage_4_vton_renders\golden\golden_golden_retriever_side_view_bing_00048_stage4_vton_L.png
50,golden_golden_retriever_side_view_bing_00049,Golden Retriever,93.0,15.1,14.4,61.3,84.0,XL,0.939,Good Fit,D:\sideview_pipeline_stages\stage_1_3d_meshes\golden\golden_golden_retriever_side_view_bing_00049_stage1_mesh.obj,D:\sideview_pipeline_stages\stage_2_depth_maps\golden\golden_golden_retriever_side_view_bing_00049_stage2_depth.png,D:\sideview_pipeline_stages\stage_3_anatomical_masks\golden\golden_golden_retriever_side_view_bing_00049_stage3_mask_XL.png,D:\sideview_pipeline_stages\stage_4_vton_renders\golden\golden_golden_retriever_side_view_bing_00049_stage4_vton_XL.png
51,golden_golden_retriever_side_view_bing_00050,Golden Retriever,87.1,14.2,13.5,57.5,75.9,L,1.013,Good Fit,D:\sideview_pipeline_stages\stage_1_3d_meshes\golden\golden_golden_retriever_side_view_bing_00050_stage1_mesh.obj,D:\sideview_pipeline_stages\stage_2_depth_maps\golden\golden_golden_retriever_side_view_bing_00050_stage2_depth.png,D:\sideview_pipeline_stages\stage_3_anatomical_masks\golden\golden_golden_retriever_side_view_bing_00050_stage3_mask_L.png,D:\sideview_pipeline_stages\stage_4_vton_renders\golden\golden_golden_retriever_side_view_bing_00050_stage4_vton_L.png
52,golden_golden_retriever_side_view_bing_00051,Golden Retriever,123.3,19.8,19.5,51.1,71.1,XL,1.245,Tight,D:\sideview_pipeline_stages\stage_1_3d_meshes\golden\golden_golden_retriever_side_view_bing_00051_stage1_mesh.obj,D:\sideview_pipeline_stages\stage_2_depth_maps\golden\golden_golden_retriever_side_view_bing_00051_stage2_depth.png,D:\sideview_pipeline_stages\stage_3_anatomical_masks\golden\golden_golden_retriever_side_view_bing_00051_stage3_mask_XL.png,D:\sideview_pipeline_stages\stage_4_vton_renders\golden\golden_golden_retriever_side_view_bing_00051_stage4_vton_XL.png
53,golden_golden_retriever_side_view_bing_00052,Golden Retriever,88.0,14.4,13.7,58.8,76.9,L,1.023,Good Fit,D:\sideview_pipeline_stages\stage_1_3d_meshes\golden\golden_golden_retriever_side_view_bing_00052_stage1_mesh.obj,D:\sideview_pipeline_stages\stage_2_depth_maps\golden\golden_golden_retriever_side_view_bing_00052_stage2_depth.png,D:\sideview_pipeline_stages\stage_3_anatomical_masks\golden\golden_golden_retriever_side_view_bing_00052_stage3_mask_L.png,D:\sideview_pipeline_stages\stage_4_vton_renders\golden\golden_golden_retriever_side_view_bing_00052_stage4_vton_L.png
54,golden_golden_retriever_side_view_bing_00053,Golden Retriever,110.6,17.7,17.5,52.3,70.6,XL,1.117,Tight,D:\sideview_pipeline_stages\stage_1_3d_meshes\golden\golden_golden_retriever_side_view_bing_00053_stage1_mesh.obj,D:\sideview_pipeline_stages\stage_2_depth_maps\golden\golden_golden_retriever_side_view_bing_00053_stage2_depth.png,D:\sideview_pipeline_stages\stage_3_anatomical_masks\golden\golden_golden_retriever_side_view_bing_00053_stage3_mask_XL.png,D:\sideview_pipeline_stages\stage_4_vton_renders\golden\golden_golden_retriever_side_view_bing_00053_stage4_vton_XL.png
55,golden_golden_retriever_side_view_bing_00054,Golden Retriever,87.3,14.6,13.1,115.5,73.8,L,1.015,Good Fit,D:\sideview_pipeline_stages\stage_1_3d_meshes\golden\golden_golden_retriever_side_view_bing_00054_stage1_mesh.obj,D:\sideview_pipeline_stages\stage_2_depth_maps\golden\golden_golden_retriever_side_view_bing_00054_stage2_depth.png,D:\sideview_pipeline_stages\stage_3_anatomical_masks\golden\golden_golden_retriever_side_view_bing_00054_stage3_mask_L.png,D:\sideview_pipeline_stages\stage_4_vton_renders\golden\golden_golden_retriever_side_view_bing_00054_stage4_vton_L.png
56,golden_golden_retriever_side_view_bing_00055,Golden Retriever,92.5,14.7,14.7,57.1,63.8,L,1.076,Tight,D:\sideview_pipeline_stages\stage_1_3d_meshes\golden\golden_golden_retriever_side_view_bing_00055_stage1_mesh.obj,D:\sideview_pipeline_stages\stage_2_depth_maps\golden\golden_golden_retriever_side_view_bing_00055_stage2_depth.png,D:\sideview_pipeline_stages\stage_3_anatomical_masks\golden\golden_golden_retriever_side_view_bing_00055_stage3_mask_L.png,D:\sideview_pipeline_stages\stage_4_vton_renders\golden\golden_golden_retriever_side_view_bing_00055_stage4_vton_L.png
57,golden_golden_retriever_side_view_bing_00056,Golden Retriever,106.5,18.3,15.6,38.1,53.5,XL,1.076,Good Fit,D:\sideview_pipeline_stages\stage_1_3d_meshes\golden\golden_golden_retriever_side_view_bing_00056_stage1_mesh.obj,D:\sideview_pipeline_stages\stage_2_depth_maps\golden\golden_golden_retriever_side_view_bing_00056_stage2_depth.png,D:\sideview_pipeline_stages\stage_3_anatomical_masks\golden\golden_golden_retriever_side_view_bing_00056_stage3_mask_XL.png,D:\sideview_pipeline_stages\stage_4_vton_renders\golden\golden_golden_retriever_side_view_bing_00056_stage4_vton_XL.png
58,golden_golden_retriever_side_view_bing_00057,Golden Retriever,97.3,15.5,15.5,45.1,88.1,XL,0.983,Good Fit,D:\sideview_pipeline_stages\stage_1_3d_meshes\golden\golden_golden_retriever_side_view_bing_00057_stage1_mesh.obj,D:\sideview_pipeline_stages\stage_2_depth_maps\golden\golden_golden_retriever_side_view_bing_00057_stage2_depth.png,D:\sideview_pipeline_stages\stage_3_anatomical_masks\golden\golden_golden_retriever_side_view_bing_00057_stage3_mask_XL.png,D:\sideview_pipeline_stages\stage_4_vton_renders\golden\golden_golden_retriever_side_view_bing_00057_stage4_vton_XL.png
59,golden_golden_retriever_side_view_bing_00058,Golden Retriever,108.0,18.0,16.4,60.3,77.0,XL,1.091,Tight,D:\sideview_pipeline_stages\stage_1_3d_meshes\golden\golden_golden_retriever_side_view_bing_00058_stage1_mesh.obj,D:\sideview_pipeline_stages\stage_2_depth_maps\golden\golden_golden_retriever_side_view_bing_00058_stage2_depth.png,D:\sideview_pipeline_stages\stage_3_anatomical_masks\golden\golden_golden_retriever_side_view_bing_00058_stage3_mask_XL.png,D:\sideview_pipeline_stages\stage_4_vton_renders\golden\golden_golden_retriever_side_view_bing_00058_stage4_vton_XL.png
60,golden_golden_retriever_side_view_bing_00059,Golden Retriever,90.1,14.7,14.0,55.1,81.0,L,1.048,Good Fit,D:\sideview_pipeline_stages\stage_1_3d_meshes\golden\golden_golden_retriever_side_view_bing_00059_stage1_mesh.obj,D:\sideview_pipeline_stages\stage_2_depth_maps\golden\golden_golden_retriever_side_view_bing_00059_stage2_depth.png,D:\sideview_pipeline_stages\stage_3_anatomical_masks\golden\golden_golden_retriever_side_view_bing_00059_stage3_mask_L.png,D:\sideview_pipeline_stages\stage_4_vton_renders\golden\golden_golden_retriever_side_view_bing_00059_stage4_vton_L.png
61,golden_golden_retriever_side_view_bing_00060,Golden Retriever,77.5,12.5,12.2,48.1,66.5,M,1.033,Good Fit,D:\sideview_pipeline_stages\stage_1_3d_meshes\golden\golden_golden_retriever_side_view_bing_00060_stage1_mesh.obj,D:\sideview_pipeline_stages\stage_2_depth_maps\golden\golden_golden_retriever_side_view_bing_00060_stage2_depth.png,D:\sideview_pipeline_stages\stage_3_anatomical_masks\golden\golden_golden_retriever_side_view_bing_00060_stage3_mask_M.png,D:\sideview_pipeline_stages\stage_4_vton_renders\golden\golden_golden_retriever_side_view_bing_00060_stage4_vton_M.png
62,golden_golden_retriever_side_view_bing_00061,Golden Retriever,91.3,15.0,14.1,64.1,86.0,L,1.062,Tight,D:\sideview_pipeline_stages\stage_1_3d_meshes\golden\golden_golden_retriever_side_view_bing_00061_stage1_mesh.obj,D:\sideview_pipeline_stages\stage_2_depth_maps\golden\golden_golden_retriever_side_view_bing_00061_stage2_depth.png,D:\sideview_pipeline_stages\stage_3_anatomical_masks\golden\golden_golden_retriever_side_view_bing_00061_stage3_mask_L.png,D:\sideview_pipeline_stages\stage_4_vton_renders\golden\golden_golden_retriever_side_view_bing_00061_stage4_vton_L.png
63,golden_golden_retriever_side_view_bing_00062,Golden Retriever,93.7,15.0,14.8,58.9,81.4,XL,0.946,Good Fit,D:\sideview_pipeline_stages\stage_1_3d_meshes\golden\golden_golden_retriever_side_view_bing_00062_stage1_mesh.obj,D:\sideview_pipeline_stages\stage_2_depth_maps\golden\golden_golden_retriever_side_view_bing_00062_stage2_depth.png,D:\sideview_pipeline_stages\stage_3_anatomical_masks\golden\golden_golden_retriever_side_view_bing_00062_stage3_mask_XL.png,D:\sideview_pipeline_stages\stage_4_vton_renders\golden\golden_golden_retriever_side_view_bing_00062_stage4_vton_XL.png
64,golden_golden_retriever_side_view_bing_00063,Golden Retriever,88.7,14.3,13.9,57.2,77.5,L,1.031,Good Fit,D:\sideview_pipeline_stages\stage_1_3d_meshes\golden\golden_golden_retriever_side_view_bing_00063_stage1_mesh.obj,D:\sideview_pipeline_stages\stage_2_depth_maps\golden\golden_golden_retriever_side_view_bing_00063_stage2_depth.png,D:\sideview_pipeline_stages\stage_3_anatomical_masks\golden\golden_golden_retriever_side_view_bing_00063_stage3_mask_L.png,D:\sideview_pipeline_stages\stage_4_vton_renders\golden\golden_golden_retriever_side_view_bing_00063_stage4_vton_L.png
65,golden_golden_retriever_side_view_bing_00064,Golden Retriever,115.0,18.3,18.3,56.7,75.6,XL,1.162,Tight,D:\sideview_pipeline_stages\stage_1_3d_meshes\golden\golden_golden_retriever_side_view_bing_00064_stage1_mesh.obj,D:\sideview_pipeline_stages\stage_2_depth_maps\golden\golden_golden_retriever_side_view_bing_00064_stage2_depth.png,D:\sideview_pipeline_stages\stage_3_anatomical_masks\golden\golden_golden_retriever_side_view_bing_00064_stage3_mask_XL.png,D:\sideview_pipeline_stages\stage_4_vton_renders\golden\golden_golden_retriever_side_view_bing_00064_stage4_vton_XL.png
66,golden_golden_retriever_side_view_bing_00065,Golden Retriever,134.9,23.5,19.4,121.5,61.0,XL,1.363,Tight,D:\sideview_pipeline_stages\stage_1_3d_meshes\golden\golden_golden_retriever_side_view_bing_00065_stage1_mesh.obj,D:\sideview_pipeline_stages\stage_2_depth_maps\golden\golden_golden_retriever_side_view_bing_00065_stage2_depth.png,D:\sideview_pipeline_stages\stage_3_anatomical_masks\golden\golden_golden_retriever_side_view_bing_00065_stage3_mask_XL.png,D:\sideview_pipeline_stages\stage_4_vton_renders\golden\golden_golden_retriever_side_view_bing_00065_stage4_vton_XL.png
67,golden_golden_retriever_side_view_bing_00066,Golden Retriever,141.1,27.6,16.6,59.9,68.0,XL,1.425,Tight,D:\sideview_pipeline_stages\stage_1_3d_meshes\golden\golden_golden_retriever_side_view_bing_00066_stage1_mesh.obj,D:\sideview_pipeline_stages\stage_2_depth_maps\golden\golden_golden_retriever_side_view_bing_00066_stage2_depth.png,D:\sideview_pipeline_stages\stage_3_anatomical_masks\golden\golden_golden_retriever_side_view_bing_00066_stage3_mask_XL.png,D:\sideview_pipeline_stages\stage_4_vton_renders\golden\golden_golden_retriever_side_view_bing_00066_stage4_vton_XL.png
68,golden_golden_retriever_side_view_bing_00067,Golden Retriever,92.8,15.0,14.5,53.6,71.2,XL,0.937,Good Fit,D:\sideview_pipeline_stages\stage_1_3d_meshes\golden\golden_golden_retriever_side_view_bing_00067_stage1_mesh.obj,D:\sideview_pipeline_stages\stage_2_depth_maps\golden\golden_golden_retriever_side_view_bing_00067_stage2_depth.png,D:\sideview_pipeline_stages\stage_3_anatomical_masks\golden\golden_golden_retriever_side_view_bing_00067_stage3_mask_XL.png,D:\sideview_pipeline_stages\stage_4_vton_renders\golden\golden_golden_retriever_side_view_bing_00067_stage4_vton_XL.png
69,golden_golden_retriever_side_view_bing_00068,Golden Retriever,108.0,17.9,16.5,69.8,66.0,XL,1.091,Tight,D:\sideview_pipeline_stages\stage_1_3d_meshes\golden\golden_golden_retriever_side_view_bing_00068_stage1_mesh.obj,D:\sideview_pipeline_stages\stage_2_depth_maps\golden\golden_golden_retriever_side_view_bing_00068_stage2_depth.png,D:\sideview_pipeline_stages\stage_3_anatomical_masks\golden\golden_golden_retriever_side_view_bing_00068_stage3_mask_XL.png,D:\sideview_pipeline_stages\stage_4_vton_renders\golden\golden_golden_retriever_side_view_bing_00068_stage4_vton_XL.png
70,golden_golden_retriever_side_view_bing_00069,Golden Retriever,90.0,14.9,13.8,62.0,86.0,L,1.047,Good Fit,D:\sideview_pipeline_stages\stage_1_3d_meshes\golden\golden_golden_retriever_side_view_bing_00069_stage1_mesh.obj,D:\sideview_pipeline_stages\stage_2_depth_maps\golden\golden_golden_retriever_side_view_bing_00069_stage2_depth.png,D:\sideview_pipeline_stages\stage_3_anatomical_masks\golden\golden_golden_retriever_side_view_bing_00069_stage3_mask_L.png,D:\sideview_pipeline_stages\stage_4_vton_renders\golden\golden_golden_retriever_side_view_bing_00069_stage4_vton_L.png
71,golden_golden_retriever_side_view_bing_00070,Golden Retriever,86.4,14.2,13.3,48.4,67.7,L,1.005,Good Fit,D:\sideview_pipeline_stages\stage_1_3d_meshes\golden\golden_golden_retriever_side_view_bing_00070_stage1_mesh.obj,D:\sideview_pipeline_stages\stage_2_depth_maps\golden\golden_golden_retriever_side_view_bing_00070_stage2_depth.png,D:\sideview_pipeline_stages\stage_3_anatomical_masks\golden\golden_golden_retriever_side_view_bing_00070_stage3_mask_L.png,D:\sideview_pipeline_stages\stage_4_vton_renders\golden\golden_golden_retriever_side_view_bing_00070_stage4_vton_L.png
72,golden_golden_retriever_side_view_bing_00071,Golden Retriever,86.7,14.0,13.6,47.6,67.3,L,1.008,Good Fit,D:\sideview_pipeline_stages\stage_1_3d_meshes\golden\golden_golden_retriever_side_view_bing_00071_stage1_mesh.obj,D:\sideview_pipeline_stages\stage_2_depth_maps\golden\golden_golden_retriever_side_view_bing_00071_stage2_depth.png,D:\sideview_pipeline_stages\stage_3_anatomical_masks\golden\golden_golden_retriever_side_view_bing_00071_stage3_mask_L.png,D:\sideview_pipeline_stages\stage_4_vton_renders\golden\golden_golden_retriever_side_view_bing_00071_stage4_vton_L.png
73,golden_golden_retriever_side_view_bing_00072,Golden Retriever,90.7,14.9,14.0,60.1,82.6,L,1.055,Good Fit,D:\sideview_pipeline_stages\stage_1_3d_meshes\golden\golden_golden_retriever_side_view_bing_00072_stage1_mesh.obj,D:\sideview_pipeline_stages\stage_2_depth_maps\golden\golden_golden_retriever_side_view_bing_00072_stage2_depth.png,D:\sideview_pipeline_stages\stage_3_anatomical_masks\golden\golden_golden_retriever_side_view_bing_00072_stage3_mask_L.png,D:\sideview_pipeline_stages\stage_4_vton_renders\golden\golden_golden_retriever_side_view_bing_00072_stage4_vton_L.png
74,golden_golden_retriever_side_view_bing_00073,Golden Retriever,89.9,14.5,14.1,56.9,73.6,L,1.045,Good Fit,D:\sideview_pipeline_stages\stage_1_3d_meshes\golden\golden_golden_retriever_side_view_bing_00073_stage1_mesh.obj,D:\sideview_pipeline_stages\stage_2_depth_maps\golden\golden_golden_retriever_side_view_bing_00073_stage2_depth.png,D:\sideview_pipeline_stages\stage_3_anatomical_masks\golden\golden_golden_retriever_side_view_bing_00073_stage3_mask_L.png,D:\sideview_pipeline_stages\stage_4_vton_renders\golden\golden_golden_retriever_side_view_bing_00073_stage4_vton_L.png
75,golden_golden_retriever_side_view_bing_00074,Golden Retriever,90.4,14.5,14.2,54.6,70.8,L,1.051,Good Fit,D:\sideview_pipeline_stages\stage_1_3d_meshes\golden\golden_golden_retriever_side_view_bing_00074_stage1_mesh.obj,D:\sideview_pipeline_stages\stage_2_depth_maps\golden\golden_golden_retriever_side_view_bing_00074_stage2_depth.png,D:\sideview_pipeline_stages\stage_3_anatomical_masks\golden\golden_golden_retriever_side_view_bing_00074_stage3_mask_L.png,D:\sideview_pipeline_stages\stage_4_vton_renders\golden\golden_golden_retriever_side_view_bing_00074_stage4_vton_L.png
76,golden_golden_retriever_side_view_bing_00075,Golden Retriever,89.7,14.8,13.8,115.8,72.6,L,1.043,Good Fit,D:\sideview_pipeline_stages\stage_1_3d_meshes\golden\golden_golden_retriever_side_view_bing_00075_stage1_mesh.obj,D:\sideview_pipeline_stages\stage_2_depth_maps\golden\golden_golden_retriever_side_view_bing_00075_stage2_depth.png,D:\sideview_pipeline_stages\stage_3_anatomical_masks\golden\golden_golden_retriever_side_view_bing_00075_stage3_mask_L.png,D:\sideview_pipeline_stages\stage_4_vton_renders\golden\golden_golden_retriever_side_view_bing_00075_stage4_vton_L.png
77,golden_golden_retriever_side_view_bing_00076,Golden Retriever,86.2,14.0,13.4,47.2,59.2,L,1.002,Good Fit,D:\sideview_pipeline_stages\stage_1_3d_meshes\golden\golden_golden_retriever_side_view_bing_00076_stage1_mesh.obj,D:\sideview_pipeline_stages\stage_2_depth_maps\golden\golden_golden_retriever_side_view_bing_00076_stage2_depth.png,D:\sideview_pipeline_stages\stage_3_anatomical_masks\golden\golden_golden_retriever_side_view_bing_00076_stage3_mask_L.png,D:\sideview_pipeline_stages\stage_4_vton_renders\golden\golden_golden_retriever_side_view_bing_00076_stage4_vton_L.png
78,golden_golden_retriever_side_view_bing_00077,Golden Retriever,79.9,12.8,12.7,46.1,61.8,M,1.065,Good Fit,D:\sideview_pipeline_stages\stage_1_3d_meshes\golden\golden_golden_retriever_side_view_bing_00077_stage1_mesh.obj,D:\sideview_pipeline_stages\stage_2_depth_maps\golden\golden_golden_retriever_side_view_bing_00077_stage2_depth.png,D:\sideview_pipeline_stages\stage_3_anatomical_masks\golden\golden_golden_retriever_side_view_bing_00077_stage3_mask_M.png,D:\sideview_pipeline_stages\stage_4_vton_renders\golden\golden_golden_retriever_side_view_bing_00077_stage4_vton_M.png
79,golden_golden_retriever_side_view_bing_00078,Golden Retriever,90.5,14.9,13.9,60.3,81.4,L,1.052,Good Fit,D:\sideview_pipeline_stages\stage_1_3d_meshes\golden\golden_golden_retriever_side_view_bing_00078_stage1_mesh.obj,D:\sideview_pipeline_stages\stage_2_depth_maps\golden\golden_golden_retriever_side_view_bing_00078_stage2_depth.png,D:\sideview_pipeline_stages\stage_3_anatomical_masks\golden\golden_golden_retriever_side_view_bing_00078_stage3_mask_L.png,D:\sideview_pipeline_stages\stage_4_vton_renders\golden\golden_golden_retriever_side_view_bing_00078_stage4_vton_L.png
80,golden_golden_retriever_side_view_bing_00079,Golden Retriever,94.6,15.1,15.0,59.0,77.2,XL,0.956,Good Fit,D:\sideview_pipeline_stages\stage_1_3d_meshes\golden\golden_golden_retriever_side_view_bing_00079_stage1_mesh.obj,D:\sideview_pipeline_stages\stage_2_depth_maps\golden\golden_golden_retriever_side_view_bing_00079_stage2_depth.png,D:\sideview_pipeline_stages\stage_3_anatomical_masks\golden\golden_golden_retriever_side_view_bing_00079_stage3_mask_XL.png,D:\sideview_pipeline_stages\stage_4_vton_renders\golden\golden_golden_retriever_side_view_bing_00079_stage4_vton_XL.png
81,golden_golden_retriever_side_view_bing_00080,Golden Retriever,104.4,16.6,16.6,45.3,73.0,XL,1.055,Good Fit,D:\sideview_pipeline_stages\stage_1_3d_meshes\golden\golden_golden_retriever_side_view_bing_00080_stage1_mesh.obj,D:\sideview_pipeline_stages\stage_2_depth_maps\golden\golden_golden_retriever_side_view_bing_00080_stage2_depth.png,D:\sideview_pipeline_stages\stage_3_anatomical_masks\golden\golden_golden_retriever_side_view_bing_00080_stage3_mask_XL.png,D:\sideview_pipeline_stages\stage_4_vton_renders\golden\golden_golden_retriever_side_view_bing_00080_stage4_vton_XL.png
82,golden_golden_retriever_side_view_bing_00081,Golden Retriever,87.6,14.4,13.5,7.0,54.9,L,1.019,Good Fit,D:\sideview_pipeline_stages\stage_1_3d_meshes\golden\golden_golden_retriever_side_view_bing_00081_stage1_mesh.obj,D:\sideview_pipeline_stages\stage_2_depth_maps\golden\golden_golden_retriever_side_view_bing_00081_stage2_depth.png,D:\sideview_pipeline_stages\stage_3_anatomical_masks\golden\golden_golden_retriever_side_view_bing_00081_stage3_mask_L.png,D:\sideview_pipeline_stages\stage_4_vton_renders\golden\golden_golden_retriever_side_view_bing_00081_stage4_vton_L.png
83,golden_golden_retriever_side_view_bing_00082,Golden Retriever,93.7,15.2,14.6,60.0,80.2,XL,0.946,Good Fit,D:\sideview_pipeline_stages\stage_1_3d_meshes\golden\golden_golden_retriever_side_view_bing_00082_stage1_mesh.obj,D:\sideview_pipeline_stages\stage_2_depth_maps\golden\golden_golden_retriever_side_view_bing_00082_stage2_depth.png,D:\sideview_pipeline_stages\stage_3_anatomical_masks\golden\golden_golden_retriever_side_view_bing_00082_stage3_mask_XL.png,D:\sideview_pipeline_stages\stage_4_vton_renders\golden\golden_golden_retriever_side_view_bing_00082_stage4_vton_XL.png
84,golden_golden_retriever_side_view_bing_00083,Golden Retriever,95.3,15.5,14.8,46.4,68.0,XL,0.963,Good Fit,D:\sideview_pipeline_stages\stage_1_3d_meshes\golden\golden_golden_retriever_side_view_bing_00083_stage1_mesh.obj,D:\sideview_pipeline_stages\stage_2_depth_maps\golden\golden_golden_retriever_side_view_bing_00083_stage2_depth.png,D:\sideview_pipeline_stages\stage_3_anatomical_masks\golden\golden_golden_retriever_side_view_bing_00083_stage3_mask_XL.png,D:\sideview_pipeline_stages\stage_4_vton_renders\golden\golden_golden_retriever_side_view_bing_00083_stage4_vton_XL.png
85,golden_golden_retriever_side_view_bing_00084,Golden Retriever,84.8,13.6,13.4,54.7,72.1,L,0.986,Good Fit,D:\sideview_pipeline_stages\stage_1_3d_meshes\golden\golden_golden_retriever_side_view_bing_00084_stage1_mesh.obj,D:\sideview_pipeline_stages\stage_2_depth_maps\golden\golden_golden_retriever_side_view_bing_00084_stage2_depth.png,D:\sideview_pipeline_stages\stage_3_anatomical_masks\golden\golden_golden_retriever_side_view_bing_00084_stage3_mask_L.png,D:\sideview_pipeline_stages\stage_4_vton_renders\golden\golden_golden_retriever_side_view_bing_00084_stage4_vton_L.png
86,golden_golden_retriever_side_view_bing_00085,Golden Retriever,90.5,14.5,14.3,60.5,79.6,L,1.052,Good Fit,D:\sideview_pipeline_stages\stage_1_3d_meshes\golden\golden_golden_retriever_side_view_bing_00085_stage1_mesh.obj,D:\sideview_pipeline_stages\stage_2_depth_maps\golden\golden_golden_retriever_side_view_bing_00085_stage2_depth.png,D:\sideview_pipeline_stages\stage_3_anatomical_masks\golden\golden_golden_retriever_side_view_bing_00085_stage3_mask_L.png,D:\sideview_pipeline_stages\stage_4_vton_renders\golden\golden_golden_retriever_side_view_bing_00085_stage4_vton_L.png
87,golden_golden_retriever_side_view_bing_00086,Golden Retriever,86.9,14.4,13.3,56.0,75.7,L,1.01,Good Fit,D:\sideview_pipeline_stages\stage_1_3d_meshes\golden\golden_golden_retriever_side_view_bing_00086_stage1_mesh.obj,D:\sideview_pipeline_stages\stage_2_depth_maps\golden\golden_golden_retriever_side_view_bing_00086_stage2_depth.png,D:\sideview_pipeline_stages\stage_3_anatomical_masks\golden\golden_golden_retriever_side_view_bing_00086_stage3_mask_L.png,D:\sideview_pipeline_stages\stage_4_vton_renders\golden\golden_golden_retriever_side_view_bing_00086_stage4_vton_L.png
88,golden_golden_retriever_side_view_bing_00087,Golden Retriever,139.0,28.2,15.0,55.1,63.5,XL,1.404,Tight,D:\sideview_pipeline_stages\stage_1_3d_meshes\golden\golden_golden_retriever_side_view_bing_00087_stage1_mesh.obj,D:\sideview_pipeline_stages\stage_2_depth_maps\golden\golden_golden_retriever_side_view_bing_00087_stage2_depth.png,D:\sideview_pipeline_stages\stage_3_anatomical_masks\golden\golden_golden_retriever_side_view_bing_00087_stage3_mask_XL.png,D:\sideview_pipeline_stages\stage_4_vton_renders\golden\golden_golden_retriever_side_view_bing_00087_stage4_vton_XL.png
89,golden_golden_retriever_side_view_bing_00088,Golden Retriever,87.3,14.0,13.8,48.0,53.3,L,1.015,Good Fit,D:\sideview_pipeline_stages\stage_1_3d_meshes\golden\golden_golden_retriever_side_view_bing_00088_stage1_mesh.obj,D:\sideview_pipeline_stages\stage_2_depth_maps\golden\golden_golden_retriever_side_view_bing_00088_stage2_depth.png,D:\sideview_pipeline_stages\stage_3_anatomical_masks\golden\golden_golden_retriever_side_view_bing_00088_stage3_mask_L.png,D:\sideview_pipeline_stages\stage_4_vton_renders\golden\golden_golden_retriever_side_view_bing_00088_stage4_vton_L.png
90,golden_golden_retriever_side_view_bing_00089,Golden Retriever,81.7,13.6,12.4,57.8,74.5,L,0.95,Good Fit,D:\sideview_pipeline_stages\stage_1_3d_meshes\golden\golden_golden_retriever_side_view_bing_00089_stage1_mesh.obj,D:\sideview_pipeline_stages\stage_2_depth_maps\golden\golden_golden_retriever_side_view_bing_00089_stage2_depth.png,D:\sideview_pipeline_stages\stage_3_anatomical_masks\golden\golden_golden_retriever_side_view_bing_00089_stage3_mask_L.png,D:\sideview_pipeline_stages\stage_4_vton_renders\golden\golden_golden_retriever_side_view_bing_00089_stage4_vton_L.png
91,golden_golden_retriever_side_view_bing_00090,Golden Retriever,111.7,17.9,17.6,57.7,66.2,XL,1.128,Tight,D:\sideview_pipeline_stages\stage_1_3d_meshes\golden\golden_golden_retriever_side_view_bing_00090_stage1_mesh.obj,D:\sideview_pipeline_stages\stage_2_depth_maps\golden\golden_golden_retriever_side_view_bing_00090_stage2_depth.png,D:\sideview_pipeline_stages\stage_3_anatomical_masks\golden\golden_golden_retriever_side_view_bing_00090_stage3_mask_XL.png,D:\sideview_pipeline_stages\stage_4_vton_renders\golden\golden_golden_retriever_side_view_bing_00090_stage4_vton_XL.png
92,golden_golden_retriever_side_view_bing_00091,Golden Retriever,92.4,14.7,14.7,60.8,81.7,L,1.074,Tight,D:\sideview_pipeline_stages\stage_1_3d_meshes\golden\golden_golden_retriever_side_view_bing_00091_stage1_mesh.obj,D:\sideview_pipeline_stages\stage_2_depth_maps\golden\golden_golden_retriever_side_view_bing_00091_stage2_depth.png,D:\sideview_pipeline_stages\stage_3_anatomical_masks\golden\golden_golden_retriever_side_view_bing_00091_stage3_mask_L.png,D:\sideview_pipeline_stages\stage_4_vton_renders\golden\golden_golden_retriever_side_view_bing_00091_stage4_vton_L.png
93,golden_golden_retriever_side_view_bing_00092,Golden Retriever,79.9,13.7,11.7,43.8,67.0,M,1.065,Good Fit,D:\sideview_pipeline_stages\stage_1_3d_meshes\golden\golden_golden_retriever_side_view_bing_00092_stage1_mesh.obj,D:\sideview_pipeline_stages\stage_2_depth_maps\golden\golden_golden_retriever_side_view_bing_00092_stage2_depth.png,D:\sideview_pipeline_stages\stage_3_anatomical_masks\golden\golden_golden_retriever_side_view_bing_00092_stage3_mask_M.png,D:\sideview_pipeline_stages\stage_4_vton_renders\golden\golden_golden_retriever_side_view_bing_00092_stage4_vton_M.png
94,golden_golden_retriever_side_view_bing_00093,Golden Retriever,104.0,17.8,15.2,129.9,68.8,XL,1.051,Good Fit,D:\sideview_pipeline_stages\stage_1_3d_meshes\golden\golden_golden_retriever_side_view_bing_00093_stage1_mesh.obj,D:\sideview_pipeline_stages\stage_2_depth_maps\golden\golden_golden_retriever_side_view_bing_00093_stage2_depth.png,D:\sideview_pipeline_stages\stage_3_anatomical_masks\golden\golden_golden_retriever_side_view_bing_00093_stage3_mask_XL.png,D:\sideview_pipeline_stages\stage_4_vton_renders\golden\golden_golden_retriever_side_view_bing_00093_stage4_vton_XL.png
95,golden_golden_retriever_side_view_bing_00094,Golden Retriever,129.8,25.7,14.9,61.1,77.3,XL,1.311,Tight,D:\sideview_pipeline_stages\stage_1_3d_meshes\golden\golden_golden_retriever_side_view_bing_00094_stage1_mesh.obj,D:\sideview_pipeline_stages\stage_2_depth_maps\golden\golden_golden_retriever_side_view_bing_00094_stage2_depth.png,D:\sideview_pipeline_stages\stage_3_anatomical_masks\golden\golden_golden_retriever_side_view_bing_00094_stage3_mask_XL.png,D:\sideview_pipeline_stages\stage_4_vton_renders\golden\golden_golden_retriever_side_view_bing_00094_stage4_vton_XL.png
96,golden_golden_retriever_side_view_bing_00095,Golden Retriever,97.4,15.6,15.4,83.9,65.9,XL,0.984,Good Fit,D:\sideview_pipeline_stages\stage_1_3d_meshes\golden\golden_golden_retriever_side_view_bing_00095_stage1_mesh.obj,D:\sideview_pipeline_stages\stage_2_depth_maps\golden\golden_golden_retriever_side_view_bing_00095_stage2_depth.png,D:\sideview_pipeline_stages\stage_3_anatomical_masks\golden\golden_golden_retriever_side_view_bing_00095_stage3_mask_XL.png,D:\sideview_pipeline_stages\stage_4_vton_renders\golden\golden_golden_retriever_side_view_bing_00095_stage4_vton_XL.png
97,golden_golden_retriever_side_view_bing_00096,Golden Retriever,103.0,16.9,15.9,60.6,87.1,XL,1.04,Good Fit,D:\sideview_pipeline_stages\stage_1_3d_meshes\golden\golden_golden_retriever_side_view_bing_00096_stage1_mesh.obj,D:\sideview_pipeline_stages\stage_2_depth_maps\golden\golden_golden_retriever_side_view_bing_00096_stage2_depth.png,D:\sideview_pipeline_stages\stage_3_anatomical_masks\golden\golden_golden_retriever_side_view_bing_00096_stage3_mask_XL.png,D:\sideview_pipeline_stages\stage_4_vton_renders\golden\golden_golden_retriever_side_view_bing_00096_stage4_vton_XL.png
98,golden_golden_retriever_side_view_bing_00097,Golden Retriever,87.3,14.3,13.5,55.4,65.8,L,1.015,Good Fit,D:\sideview_pipeline_stages\stage_1_3d_meshes\golden\golden_golden_retriever_side_view_bing_00097_stage1_mesh.obj,D:\sideview_pipeline_stages\stage_2_depth_maps\golden\golden_golden_retriever_side_view_bing_00097_stage2_depth.png,D:\sideview_pipeline_stages\stage_3_anatomical_masks\golden\golden_golden_retriever_side_view_bing_00097_stage3_mask_L.png,D:\sideview_pipeline_stages\stage_4_vton_renders\golden\golden_golden_retriever_side_view_bing_00097_stage4_vton_L.png
99,golden_golden_retriever_side_view_bing_00098,Golden Retriever,89.7,14.7,13.9,62.9,83.6,L,1.043,Good Fit,D:\sideview_pipeline_stages\stage_1_3d_meshes\golden\golden_golden_retriever_side_view_bing_00098_stage1_mesh.obj,D:\sideview_pipeline_stages\stage_2_depth_maps\golden\golden_golden_retriever_side_view_bing_00098_stage2_depth.png,D:\sideview_pipeline_stages\stage_3_anatomical_masks\golden\golden_golden_retriever_side_view_bing_00098_stage3_mask_L.png,D:\sideview_pipeline_stages\stage_4_vton_renders\golden\golden_golden_retriever_side_view_bing_00098_stage4_vton_L.png
100,golden_golden_retriever_side_view_bing_00099,Golden Retriever,96.6,15.9,14.8,50.9,78.4,XL,0.976,Good Fit,D:\sideview_pipeline_stages\stage_1_3d_meshes\golden\golden_golden_retriever_side_view_bing_00099_stage1_mesh.obj,D:\sideview_pipeline_stages\stage_2_depth_maps\golden\golden_golden_retriever_side_view_bing_00099_stage2_depth.png,D:\sideview_pipeline_stages\stage_3_anatomical_masks\golden\golden_golden_retriever_side_view_bing_00099_stage3_mask_XL.png,D:\sideview_pipeline_stages\stage_4_vton_renders\golden\golden_golden_retriever_side_view_bing_00099_stage4_vton_XL.png
101,golden_golden_retriever_side_view_bing_00100,Golden Retriever,121.7,19.7,19.1,65.6,70.9,XL,1.229,Tight,D:\sideview_pipeline_stages\stage_1_3d_meshes\golden\golden_golden_retriever_side_view_bing_00100_stage1_mesh.obj,D:\sideview_pipeline_stages\stage_2_depth_maps\golden\golden_golden_retriever_side_view_bing_00100_stage2_depth.png,D:\sideview_pipeline_stages\stage_3_anatomical_masks\golden\golden_golden_retriever_side_view_bing_00100_stage3_mask_XL.png,D:\sideview_pipeline_stages\stage_4_vton_renders\golden\golden_golden_retriever_side_view_bing_00100_stage4_vton_XL.png
102,golden_golden_retriever_side_view_bing_00101,Golden Retriever,92.5,15.0,14.5,51.1,71.7,L,1.076,Tight,D:\sideview_pipeline_stages\stage_1_3d_meshes\golden\golden_golden_retriever_side_view_bing_00101_stage1_mesh.obj,D:\sideview_pipeline_stages\stage_2_depth_maps\golden\golden_golden_retriever_side_view_bing_00101_stage2_depth.png,D:\sideview_pipeline_stages\stage_3_anatomical_masks\golden\golden_golden_retriever_side_view_bing_00101_stage3_mask_L.png,D:\sideview_pipeline_stages\stage_4_vton_renders\golden\golden_golden_retriever_side_view_bing_00101_stage4_vton_L.png
103,golden_golden_retriever_side_view_bing_00102,Golden Retriever,86.8,14.3,13.3,48.1,64.9,L,1.009,Good Fit,D:\sideview_pipeline_stages\stage_1_3d_meshes\golden\golden_golden_retriever_side_view_bing_00102_stage1_mesh.obj,D:\sideview_pipeline_stages\stage_2_depth_maps\golden\golden_golden_retriever_side_view_bing_00102_stage2_depth.png,D:\sideview_pipeline_stages\stage_3_anatomical_masks\golden\golden_golden_retriever_side_view_bing_00102_stage3_mask_L.png,D:\sideview_pipeline_stages\stage_4_vton_renders\golden\golden_golden_retriever_side_view_bing_00102_stage4_vton_L.png
104,golden_golden_retriever_side_view_bing_00103,Golden Retriever,79.8,13.4,12.0,51.7,62.9,M,1.064,Good Fit,D:\sideview_pipeline_stages\stage_1_3d_meshes\golden\golden_golden_retriever_side_view_bing_00103_stage1_mesh.obj,D:\sideview_pipeline_stages\stage_2_depth_maps\golden\golden_golden_retriever_side_view_bing_00103_stage2_depth.png,D:\sideview_pipeline_stages\stage_3_anatomical_masks\golden\golden_golden_retriever_side_view_bing_00103_stage3_mask_M.png,D:\sideview_pipeline_stages\stage_4_vton_renders\golden\golden_golden_retriever_side_view_bing_00103_stage4_vton_M.png
105,golden_golden_retriever_side_view_bing_00104,Golden Retriever,94.8,15.1,15.1,63.5,81.1,XL,0.958,Good Fit,D:\sideview_pipeline_stages\stage_1_3d_meshes\golden\golden_golden_retriever_side_view_bing_00104_stage1_mesh.obj,D:\sideview_pipeline_stages\stage_2_depth_maps\golden\golden_golden_retriever_side_view_bing_00104_stage2_depth.png,D:\sideview_pipeline_stages\stage_3_anatomical_masks\golden\golden_golden_retriever_side_view_bing_00104_stage3_mask_XL.png,D:\sideview_pipeline_stages\stage_4_vton_renders\golden\golden_golden_retriever_side_view_bing_00104_stage4_vton_XL.png
106,golden_golden_retriever_side_view_bing_00105,Golden Retriever,91.1,14.8,14.2,45.9,67.3,L,1.059,Tight,D:\sideview_pipeline_stages\stage_1_3d_meshes\golden\golden_golden_retriever_side_view_bing_00105_stage1_mesh.obj,D:\sideview_pipeline_stages\stage_2_depth_maps\golden\golden_golden_retriever_side_view_bing_00105_stage2_depth.png,D:\sideview_pipeline_stages\stage_3_anatomical_masks\golden\golden_golden_retriever_side_view_bing_00105_stage3_mask_L.png,D:\sideview_pipeline_stages\stage_4_vton_renders\golden\golden_golden_retriever_side_view_bing_00105_stage4_vton_L.png
107,golden_golden_retriever_side_view_bing_00106,Golden Retriever,78.0,12.4,12.4,118.4,75.2,M,1.04,Good Fit,D:\sideview_pipeline_stages\stage_1_3d_meshes\golden\golden_golden_retriever_side_view_bing_00106_stage1_mesh.obj,D:\sideview_pipeline_stages\stage_2_depth_maps\golden\golden_golden_retriever_side_view_bing_00106_stage2_depth.png,D:\sideview_pipeline_stages\stage_3_anatomical_masks\golden\golden_golden_retriever_side_view_bing_00106_stage3_mask_M.png,D:\sideview_pipeline_stages\stage_4_vton_renders\golden\golden_golden_retriever_side_view_bing_00106_stage4_vton_M.png
108,golden_golden_retriever_side_view_bing_00107,Golden Retriever,103.6,16.7,16.3,53.9,69.9,XL,1.046,Good Fit,D:\sideview_pipeline_stages\stage_1_3d_meshes\golden\golden_golden_retriever_side_view_bing_00107_stage1_mesh.obj,D:\sideview_pipeline_stages\stage_2_depth_maps\golden\golden_golden_retriever_side_view_bing_00107_stage2_depth.png,D:\sideview_pipeline_stages\stage_3_anatomical_masks\golden\golden_golden_retriever_side_view_bing_00107_stage3_mask_XL.png,D:\sideview_pipeline_stages\stage_4_vton_renders\golden\golden_golden_retriever_side_view_bing_00107_stage4_vton_XL.png
109,golden_golden_retriever_side_view_bing_00108,Golden Retriever,93.2,15.3,14.4,52.1,68.0,XL,0.941,Good Fit,D:\sideview_pipeline_stages\stage_1_3d_meshes\golden\golden_golden_retriever_side_view_bing_00108_stage1_mesh.obj,D:\sideview_pipeline_stages\stage_2_depth_maps\golden\golden_golden_retriever_side_view_bing_00108_stage2_depth.png,D:\sideview_pipeline_stages\stage_3_anatomical_masks\golden\golden_golden_retriever_side_view_bing_00108_stage3_mask_XL.png,D:\sideview_pipeline_stages\stage_4_vton_renders\golden\golden_golden_retriever_side_view_bing_00108_stage4_vton_XL.png
110,golden_golden_retriever_side_view_bing_00109,Golden Retriever,146.7,27.6,18.7,94.5,76.8,XL,1.482,Tight,D:\sideview_pipeline_stages\stage_1_3d_meshes\golden\golden_golden_retriever_side_view_bing_00109_stage1_mesh.obj,D:\sideview_pipeline_stages\stage_2_depth_maps\golden\golden_golden_retriever_side_view_bing_00109_stage2_depth.png,D:\sideview_pipeline_stages\stage_3_anatomical_masks\golden\golden_golden_retriever_side_view_bing_00109_stage3_mask_XL.png,D:\sideview_pipeline_stages\stage_4_vton_renders\golden\golden_golden_retriever_side_view_bing_00109_stage4_vton_XL.png
111,golden_golden_retriever_side_view_bing_00110,Golden Retriever,94.4,15.2,14.9,57.7,77.5,XL,0.954,Good Fit,D:\sideview_pipeline_stages\stage_1_3d_meshes\golden\golden_golden_retriever_side_view_bing_00110_stage1_mesh.obj,D:\sideview_pipeline_stages\stage_2_depth_maps\golden\golden_golden_retriever_side_view_bing_00110_stage2_depth.png,D:\sideview_pipeline_stages\stage_3_anatomical_masks\golden\golden_golden_retriever_side_view_bing_00110_stage3_mask_XL.png,D:\sideview_pipeline_stages\stage_4_vton_renders\golden\golden_golden_retriever_side_view_bing_00110_stage4_vton_XL.png
112,golden_golden_retriever_side_view_bing_00111,Golden Retriever,96.3,16.3,14.3,48.5,73.4,XL,0.973,Good Fit,D:\sideview_pipeline_stages\stage_1_3d_meshes\golden\golden_golden_retriever_side_view_bing_00111_stage1_mesh.obj,D:\sideview_pipeline_stages\stage_2_depth_maps\golden\golden_golden_retriever_side_view_bing_00111_stage2_depth.png,D:\sideview_pipeline_stages\stage_3_anatomical_masks\golden\golden_golden_retriever_side_view_bing_00111_stage3_mask_XL.png,D:\sideview_pipeline_stages\stage_4_vton_renders\golden\golden_golden_retriever_side_view_bing_00111_stage4_vton_XL.png
113,golden_golden_retriever_side_view_bing_00112,Golden Retriever,91.9,15.0,14.2,62.0,84.2,L,1.069,Tight,D:\sideview_pipeline_stages\stage_1_3d_meshes\golden\golden_golden_retriever_side_view_bing_00112_stage1_mesh.obj,D:\sideview_pipeline_stages\stage_2_depth_maps\golden\golden_golden_retriever_side_view_bing_00112_stage2_depth.png,D:\sideview_pipeline_stages\stage_3_anatomical_masks\golden\golden_golden_retriever_side_view_bing_00112_stage3_mask_L.png,D:\sideview_pipeline_stages\stage_4_vton_renders\golden\golden_golden_retriever_side_view_bing_00112_stage4_vton_L.png
114,golden_golden_retriever_side_view_bing_00113,Golden Retriever,81.9,13.2,12.9,48.0,71.9,L,0.952,Good Fit,D:\sideview_pipeline_stages\stage_1_3d_meshes\golden\golden_golden_retriever_side_view_bing_00113_stage1_mesh.obj,D:\sideview_pipeline_stages\stage_2_depth_maps\golden\golden_golden_retriever_side_view_bing_00113_stage2_depth.png,D:\sideview_pipeline_stages\stage_3_anatomical_masks\golden\golden_golden_retriever_side_view_bing_00113_stage3_mask_L.png,D:\sideview_pipeline_stages\stage_4_vton_renders\golden\golden_golden_retriever_side_view_bing_00113_stage4_vton_L.png
115,golden_golden_retriever_side_view_bing_00114,Golden Retriever,85.3,13.9,13.3,59.0,75.5,L,0.992,Good Fit,D:\sideview_pipeline_stages\stage_1_3d_meshes\golden\golden_golden_retriever_side_view_bing_00114_stage1_mesh.obj,D:\sideview_pipeline_stages\stage_2_depth_maps\golden\golden_golden_retriever_side_view_bing_00114_stage2_depth.png,D:\sideview_pipeline_stages\stage_3_anatomical_masks\golden\golden_golden_retriever_side_view_bing_00114_stage3_mask_L.png,D:\sideview_pipeline_stages\stage_4_vton_renders\golden\golden_golden_retriever_side_view_bing_00114_stage4_vton_L.png
116,golden_golden_retriever_side_view_bing_00115,Golden Retriever,93.9,15.1,14.8,59.5,81.2,XL,0.948,Good Fit,D:\sideview_pipeline_stages\stage_1_3d_meshes\golden\golden_golden_retriever_side_view_bing_00115_stage1_mesh.obj,D:\sideview_pipeline_stages\stage_2_depth_maps\golden\golden_golden_retriever_side_view_bing_00115_stage2_depth.png,D:\sideview_pipeline_stages\stage_3_anatomical_masks\golden\golden_golden_retriever_side_view_bing_00115_stage3_mask_XL.png,D:\sideview_pipeline_stages\stage_4_vton_renders\golden\golden_golden_retriever_side_view_bing_00115_stage4_vton_XL.png
117,golden_golden_retriever_side_view_bing_00116,Golden Retriever,80.0,13.4,12.0,55.9,75.1,M,1.067,Good Fit,D:\sideview_pipeline_stages\stage_1_3d_meshes\golden\golden_golden_retriever_side_view_bing_00116_stage1_mesh.obj,D:\sideview_pipeline_stages\stage_2_depth_maps\golden\golden_golden_retriever_side_view_bing_00116_stage2_depth.png,D:\sideview_pipeline_stages\stage_3_anatomical_masks\golden\golden_golden_retriever_side_view_bing_00116_stage3_mask_M.png,D:\sideview_pipeline_stages\stage_4_vton_renders\golden\golden_golden_retriever_side_view_bing_00116_stage4_vton_M.png
118,golden_golden_retriever_side_view_bing_00117,Golden Retriever,115.6,18.9,17.9,87.5,62.1,XL,1.168,Tight,D:\sideview_pipeline_stages\stage_1_3d_meshes\golden\golden_golden_retriever_side_view_bing_00117_stage1_mesh.obj,D:\sideview_pipeline_stages\stage_2_depth_maps\golden\golden_golden_retriever_side_view_bing_00117_stage2_depth.png,D:\sideview_pipeline_stages\stage_3_anatomical_masks\golden\golden_golden_retriever_side_view_bing_00117_stage3_mask_XL.png,D:\sideview_pipeline_stages\stage_4_vton_renders\golden\golden_golden_retriever_side_view_bing_00117_stage4_vton_XL.png
119,golden_golden_retriever_side_view_bing_00118,Golden Retriever,77.3,13.3,11.3,56.1,85.6,M,1.031,Good Fit,D:\sideview_pipeline_stages\stage_1_3d_meshes\golden\golden_golden_retriever_side_view_bing_00118_stage1_mesh.obj,D:\sideview_pipeline_stages\stage_2_depth_maps\golden\golden_golden_retriever_side_view_bing_00118_stage2_depth.png,D:\sideview_pipeline_stages\stage_3_anatomical_masks\golden\golden_golden_retriever_side_view_bing_00118_stage3_mask_M.png,D:\sideview_pipeline_stages\stage_4_vton_renders\golden\golden_golden_retriever_side_view_bing_00118_stage4_vton_M.png
120,golden_golden_retriever_side_view_bing_00119,Golden Retriever,87.0,13.9,13.8,52.3,72.3,L,1.012,Good Fit,D:\sideview_pipeline_stages\stage_1_3d_meshes\golden\golden_golden_retriever_side_view_bing_00119_stage1_mesh.obj,D:\sideview_pipeline_stages\stage_2_depth_maps\golden\golden_golden_retriever_side_view_bing_00119_stage2_depth.png,D:\sideview_pipeline_stages\stage_3_anatomical_masks\golden\golden_golden_retriever_side_view_bing_00119_stage3_mask_L.png,D:\sideview_pipeline_stages\stage_4_vton_renders\golden\golden_golden_retriever_side_view_bing_00119_stage4_vton_L.png
121,golden_golden_retriever_side_view_bing_00120,Golden Retriever,146.1,30.8,14.2,93.7,72.2,XL,1.476,Tight,D:\sideview_pipeline_stages\stage_1_3d_meshes\golden\golden_golden_retriever_side_view_bing_00120_stage1_mesh.obj,D:\sideview_pipeline_stages\stage_2_depth_maps\golden\golden_golden_retriever_side_view_bing_00120_stage2_depth.png,D:\sideview_pipeline_stages\stage_3_anatomical_masks\golden\golden_golden_retriever_side_view_bing_00120_stage3_mask_XL.png,D:\sideview_pipeline_stages\stage_4_vton_renders\golden\golden_golden_retriever_side_view_bing_00120_stage4_vton_XL.png
122,golden_golden_retriever_side_view_bing_00121,Golden Retriever,77.8,12.9,11.9,5.2,83.5,M,1.037,Good Fit,D:\sideview_pipeline_stages\stage_1_3d_meshes\golden\golden_golden_retriever_side_view_bing_00121_stage1_mesh.obj,D:\sideview_pipeline_stages\stage_2_depth_maps\golden\golden_golden_retriever_side_view_bing_00121_stage2_depth.png,D:\sideview_pipeline_stages\stage_3_anatomical_masks\golden\golden_golden_retriever_side_view_bing_00121_stage3_mask_M.png,D:\sideview_pipeline_stages\stage_4_vton_renders\golden\golden_golden_retriever_side_view_bing_00121_stage4_vton_M.png
123,golden_golden_retriever_side_view_bing_00122,Golden Retriever,85.2,13.8,13.3,57.4,77.5,L,0.991,Good Fit,D:\sideview_pipeline_stages\stage_1_3d_meshes\golden\golden_golden_retriever_side_view_bing_00122_stage1_mesh.obj,D:\sideview_pipeline_stages\stage_2_depth_maps\golden\golden_golden_retriever_side_view_bing_00122_stage2_depth.png,D:\sideview_pipeline_stages\stage_3_anatomical_masks\golden\golden_golden_retriever_side_view_bing_00122_stage3_mask_L.png,D:\sideview_pipeline_stages\stage_4_vton_renders\golden\golden_golden_retriever_side_view_bing_00122_stage4_vton_L.png
124,golden_golden_retriever_side_view_bing_00123,Golden Retriever,88.7,14.2,14.1,42.9,59.2,L,1.031,Good Fit,D:\sideview_pipeline_stages\stage_1_3d_meshes\golden\golden_golden_retriever_side_view_bing_00123_stage1_mesh.obj,D:\sideview_pipeline_stages\stage_2_depth_maps\golden\golden_golden_retriever_side_view_bing_00123_stage2_depth.png,D:\sideview_pipeline_stages\stage_3_anatomical_masks\golden\golden_golden_retriever_side_view_bing_00123_stage3_mask_L.png,D:\sideview_pipeline_stages\stage_4_vton_renders\golden\golden_golden_retriever_side_view_bing_00123_stage4_vton_L.png
125,golden_golden_retriever_side_view_bing_00124,Golden Retriever,86.7,14.1,13.5,61.0,80.5,L,1.008,Good Fit,D:\sideview_pipeline_stages\stage_1_3d_meshes\golden\golden_golden_retriever_side_view_bing_00124_stage1_mesh.obj,D:\sideview_pipeline_stages\stage_2_depth_maps\golden\golden_golden_retriever_side_view_bing_00124_stage2_depth.png,D:\sideview_pipeline_stages\stage_3_anatomical_masks\golden\golden_golden_retriever_side_view_bing_00124_stage3_mask_L.png,D:\sideview_pipeline_stages\stage_4_vton_renders\golden\golden_golden_retriever_side_view_bing_00124_stage4_vton_L.png
126,golden_golden_retriever_standing_side_profile_bing_00000,Golden Retriever,89.7,14.4,14.1,44.9,73.3,L,1.043,Good Fit,D:\sideview_pipeline_stages\stage_1_3d_meshes\golden\golden_golden_retriever_standing_side_profile_bing_00000_stage1_mesh.obj,D:\sideview_pipeline_stages\stage_2_depth_maps\golden\golden_golden_retriever_standing_side_profile_bing_00000_stage2_depth.png,D:\sideview_pipeline_stages\stage_3_anatomical_masks\golden\golden_golden_retriever_standing_side_profile_bing_00000_stage3_mask_L.png,D:\sideview_pipeline_stages\stage_4_vton_renders\golden\golden_golden_retriever_standing_side_profile_bing_00000_stage4_vton_L.png
127,golden_golden_retriever_standing_side_profile_bing_00001,Golden Retriever,98.4,15.9,15.4,41.7,75.9,XL,0.994,Good Fit,D:\sideview_pipeline_stages\stage_1_3d_meshes\golden\golden_golden_retriever_standing_side_profile_bing_00001_stage1_mesh.obj,D:\sideview_pipeline_stages\stage_2_depth_maps\golden\golden_golden_retriever_standing_side_profile_bing_00001_stage2_depth.png,D:\sideview_pipeline_stages\stage_3_anatomical_masks\golden\golden_golden_retriever_standing_side_profile_bing_00001_stage3_mask_XL.png,D:\sideview_pipeline_stages\stage_4_vton_renders\golden\golden_golden_retriever_standing_side_profile_bing_00001_stage4_vton_XL.png
128,golden_golden_retriever_standing_side_profile_bing_00002,Golden Retriever,139.0,28.2,15.0,55.1,63.5,XL,1.404,Tight,D:\sideview_pipeline_stages\stage_1_3d_meshes\golden\golden_golden_retriever_standing_side_profile_bing_00002_stage1_mesh.obj,D:\sideview_pipeline_stages\stage_2_depth_maps\golden\golden_golden_retriever_standing_side_profile_bing_00002_stage2_depth.png,D:\sideview_pipeline_stages\stage_3_anatomical_masks\golden\golden_golden_retriever_standing_side_profile_bing_00002_stage3_mask_XL.png,D:\sideview_pipeline_stages\stage_4_vton_renders\golden\golden_golden_retriever_standing_side_profile_bing_00002_stage4_vton_XL.png
129,golden_golden_retriever_standing_side_profile_bing_00003,Golden Retriever,88.7,14.3,13.9,60.5,69.4,L,1.031,Good Fit,D:\sideview_pipeline_stages\stage_1_3d_meshes\golden\golden_golden_retriever_standing_side_profile_bing_00003_stage1_mesh.obj,D:\sideview_pipeline_stages\stage_2_depth_maps\golden\golden_golden_retriever_standing_side_profile_bing_00003_stage2_depth.png,D:\sideview_pipeline_stages\stage_3_anatomical_masks\golden\golden_golden_retriever_standing_side_profile_bing_00003_stage3_mask_L.png,D:\sideview_pipeline_stages\stage_4_vton_renders\golden\golden_golden_retriever_standing_side_profile_bing_00003_stage4_vton_L.png
130,golden_golden_retriever_standing_side_profile_bing_00004,Golden Retriever,134.9,23.5,19.4,121.5,61.0,XL,1.363,Tight,D:\sideview_pipeline_stages\stage_1_3d_meshes\golden\golden_golden_retriever_standing_side_profile_bing_00004_stage1_mesh.obj,D:\sideview_pipeline_stages\stage_2_depth_maps\golden\golden_golden_retriever_standing_side_profile_bing_00004_stage2_depth.png,D:\sideview_pipeline_stages\stage_3_anatomical_masks\golden\golden_golden_retriever_standing_side_profile_bing_00004_stage3_mask_XL.png,D:\sideview_pipeline_stages\stage_4_vton_renders\golden\golden_golden_retriever_standing_side_profile_bing_00004_stage4_vton_XL.png
131,golden_golden_retriever_standing_side_profile_bing_00005,Golden Retriever,93.0,14.9,14.7,60.2,82.0,XL,0.939,Good Fit,D:\sideview_pipeline_stages\stage_1_3d_meshes\golden\golden_golden_retriever_standing_side_profile_bing_00005_stage1_mesh.obj,D:\sideview_pipeline_stages\stage_2_depth_maps\golden\golden_golden_retriever_standing_side_profile_bing_00005_stage2_depth.png,D:\sideview_pipeline_stages\stage_3_anatomical_masks\golden\golden_golden_retriever_standing_side_profile_bing_00005_stage3_mask_XL.png,D:\sideview_pipeline_stages\stage_4_vton_renders\golden\golden_golden_retriever_standing_side_profile_bing_00005_stage4_vton_XL.png
132,golden_golden_retriever_standing_side_profile_bing_00006,Golden Retriever,87.3,14.3,13.5,55.4,65.8,L,1.015,Good Fit,D:\sideview_pipeline_stages\stage_1_3d_meshes\golden\golden_golden_retriever_standing_side_profile_bing_00006_stage1_mesh.obj,D:\sideview_pipeline_stages\stage_2_depth_maps\golden\golden_golden_retriever_standing_side_profile_bing_00006_stage2_depth.png,D:\sideview_pipeline_stages\stage_3_anatomical_masks\golden\golden_golden_retriever_standing_side_profile_bing_00006_stage3_mask_L.png,D:\sideview_pipeline_stages\stage_4_vton_renders\golden\golden_golden_retriever_standing_side_profile_bing_00006_stage4_vton_L.png
133,golden_golden_retriever_standing_side_profile_bing_00007,Golden Retriever,111.3,17.8,17.7,35.3,61.9,XL,1.124,Tight,D:\sideview_pipeline_stages\stage_1_3d_meshes\golden\golden_golden_retriever_standing_side_profile_bing_00007_stage1_mesh.obj,D:\sideview_pipeline_stages\stage_2_depth_maps\golden\golden_golden_retriever_standing_side_profile_bing_00007_stage2_depth.png,D:\sideview_pipeline_stages\stage_3_anatomical_masks\golden\golden_golden_retriever_standing_side_profile_bing_00007_stage3_mask_XL.png,D:\sideview_pipeline_stages\stage_4_vton_renders\golden\golden_golden_retriever_standing_side_profile_bing_00007_stage4_vton_XL.png
134,golden_golden_retriever_standing_side_profile_bing_00008,Golden Retriever,94.3,15.5,14.5,59.7,88.9,XL,0.953,Good Fit,D:\sideview_pipeline_stages\stage_1_3d_meshes\golden\golden_golden_retriever_standing_side_profile_bing_00008_stage1_mesh.obj,D:\sideview_pipeline_stages\stage_2_depth_maps\golden\golden_golden_retriever_standing_side_profile_bing_00008_stage2_depth.png,D:\sideview_pipeline_stages\stage_3_anatomical_masks\golden\golden_golden_retriever_standing_side_profile_bing_00008_stage3_mask_XL.png,D:\sideview_pipeline_stages\stage_4_vton_renders\golden\golden_golden_retriever_standing_side_profile_bing_00008_stage4_vton_XL.png
135,golden_golden_retriever_standing_side_profile_bing_00009,Golden Retriever,88.7,14.6,13.6,48.0,66.1,L,1.031,Good Fit,D:\sideview_pipeline_stages\stage_1_3d_meshes\golden\golden_golden_retriever_standing_side_profile_bing_00009_stage1_mesh.obj,D:\sideview_pipeline_stages\stage_2_depth_maps\golden\golden_golden_retriever_standing_side_profile_bing_00009_stage2_depth.png,D:\sideview_pipeline_stages\stage_3_anatomical_masks\golden\golden_golden_retriever_standing_side_profile_bing_00009_stage3_mask_L.png,D:\sideview_pipeline_stages\stage_4_vton_renders\golden\golden_golden_retriever_standing_side_profile_bing_00009_stage4_vton_L.png
136,golden_golden_retriever_standing_side_profile_bing_00010,Golden Retriever,83.1,13.3,13.2,57.6,76.0,L,0.966,Good Fit,D:\sideview_pipeline_stages\stage_1_3d_meshes\golden\golden_golden_retriever_standing_side_profile_bing_00010_stage1_mesh.obj,D:\sideview_pipeline_stages\stage_2_depth_maps\golden\golden_golden_retriever_standing_side_profile_bing_00010_stage2_depth.png,D:\sideview_pipeline_stages\stage_3_anatomical_masks\golden\golden_golden_retriever_standing_side_profile_bing_00010_stage3_mask_L.png,D:\sideview_pipeline_stages\stage_4_vton_renders\golden\golden_golden_retriever_standing_side_profile_bing_00010_stage4_vton_L.png
137,golden_golden_retriever_standing_side_profile_bing_00011,Golden Retriever,96.5,16.1,14.6,96.0,75.8,XL,0.975,Good Fit,D:\sideview_pipeline_stages\stage_1_3d_meshes\golden\golden_golden_retriever_standing_side_profile_bing_00011_stage1_mesh.obj,D:\sideview_pipeline_stages\stage_2_depth_maps\golden\golden_golden_retriever_standing_side_profile_bing_00011_stage2_depth.png,D:\sideview_pipeline_stages\stage_3_anatomical_masks\golden\golden_golden_retriever_standing_side_profile_bing_00011_stage3_mask_XL.png,D:\sideview_pipeline_stages\stage_4_vton_renders\golden\golden_golden_retriever_standing_side_profile_bing_00011_stage4_vton_XL.png
138,golden_golden_retriever_standing_side_profile_bing_00012,Golden Retriever,88.5,14.1,14.1,41.8,64.0,L,1.029,Good Fit,D:\sideview_pipeline_stages\stage_1_3d_meshes\golden\golden_golden_retriever_standing_side_profile_bing_00012_stage1_mesh.obj,D:\sideview_pipeline_stages\stage_2_depth_maps\golden\golden_golden_retriever_standing_side_profile_bing_00012_stage2_depth.png,D:\sideview_pipeline_stages\stage_3_anatomical_masks\golden\golden_golden_retriever_standing_side_profile_bing_00012_stage3_mask_L.png,D:\sideview_pipeline_stages\stage_4_vton_renders\golden\golden_golden_retriever_standing_side_profile_bing_00012_stage4_vton_L.png
139,golden_golden_retriever_standing_side_profile_bing_00013,Golden Retriever,98.0,16.0,15.2,31.1,59.6,XL,0.99,Good Fit,D:\sideview_pipeline_stages\stage_1_3d_meshes\golden\golden_golden_retriever_standing_side_profile_bing_00013_stage1_mesh.obj,D:\sideview_pipeline_stages\stage_2_depth_maps\golden\golden_golden_retriever_standing_side_profile_bing_00013_stage2_depth.png,D:\sideview_pipeline_stages\stage_3_anatomical_masks\golden\golden_golden_retriever_standing_side_profile_bing_00013_stage3_mask_XL.png,D:\sideview_pipeline_stages\stage_4_vton_renders\golden\golden_golden_retriever_standing_side_profile_bing_00013_stage4_vton_XL.png
140,golden_golden_retriever_standing_side_profile_bing_00014,Golden Retriever,95.1,15.6,14.7,56.1,72.5,XL,0.961,Good Fit,D:\sideview_pipeline_stages\stage_1_3d_meshes\golden\golden_golden_retriever_standing_side_profile_bing_00014_stage1_mesh.obj,D:\sideview_pipeline_stages\stage_2_depth_maps\golden\golden_golden_retriever_standing_side_profile_bing_00014_stage2_depth.png,D:\sideview_pipeline_stages\stage_3_anatomical_masks\golden\golden_golden_retriever_standing_side_profile_bing_00014_stage3_mask_XL.png,D:\sideview_pipeline_stages\stage_4_vton_renders\golden\golden_golden_retriever_standing_side_profile_bing_00014_stage4_vton_XL.png
141,golden_golden_retriever_standing_side_profile_bing_00015,Golden Retriever,88.1,14.2,13.8,91.0,49.6,L,1.024,Good Fit,D:\sideview_pipeline_stages\stage_1_3d_meshes\golden\golden_golden_retriever_standing_side_profile_bing_00015_stage1_mesh.obj,D:\sideview_pipeline_stages\stage_2_depth_maps\golden\golden_golden_retriever_standing_side_profile_bing_00015_stage2_depth.png,D:\sideview_pipeline_stages\stage_3_anatomical_masks\golden\golden_golden_retriever_standing_side_profile_bing_00015_stage3_mask_L.png,D:\sideview_pipeline_stages\stage_4_vton_renders\golden\golden_golden_retriever_standing_side_profile_bing_00015_stage4_vton_L.png
142,golden_golden_retriever_standing_side_profile_bing_00016,Golden Retriever,134.1,21.7,21.0,64.4,75.5,XL,1.355,Tight,D:\sideview_pipeline_stages\stage_1_3d_meshes\golden\golden_golden_retriever_standing_side_profile_bing_00016_stage1_mesh.obj,D:\sideview_pipeline_stages\stage_2_depth_maps\golden\golden_golden_retriever_standing_side_profile_bing_00016_stage2_depth.png,D:\sideview_pipeline_stages\stage_3_anatomical_masks\golden\golden_golden_retriever_standing_side_profile_bing_00016_stage3_mask_XL.png,D:\sideview_pipeline_stages\stage_4_vton_renders\golden\golden_golden_retriever_standing_side_profile_bing_00016_stage4_vton_XL.png
143,golden_golden_retriever_standing_side_profile_bing_00017,Golden Retriever,85.3,14.0,13.2,60.2,80.6,L,0.992,Good Fit,D:\sideview_pipeline_stages\stage_1_3d_meshes\golden\golden_golden_retriever_standing_side_profile_bing_00017_stage1_mesh.obj,D:\sideview_pipeline_stages\stage_2_depth_maps\golden\golden_golden_retriever_standing_side_profile_bing_00017_stage2_depth.png,D:\sideview_pipeline_stages\stage_3_anatomical_masks\golden\golden_golden_retriever_standing_side_profile_bing_00017_stage3_mask_L.png,D:\sideview_pipeline_stages\stage_4_vton_renders\golden\golden_golden_retriever_standing_side_profile_bing_00017_stage4_vton_L.png
144,golden_golden_retriever_standing_side_profile_bing_00018,Golden Retriever,110.4,17.6,17.6,35.2,62.1,XL,1.115,Tight,D:\sideview_pipeline_stages\stage_1_3d_meshes\golden\golden_golden_retriever_standing_side_profile_bing_00018_stage1_mesh.obj,D:\sideview_pipeline_stages\stage_2_depth_maps\golden\golden_golden_retriever_standing_side_profile_bing_00018_stage2_depth.png,D:\sideview_pipeline_stages\stage_3_anatomical_masks\golden\golden_golden_retriever_standing_side_profile_bing_00018_stage3_mask_XL.png,D:\sideview_pipeline_stages\stage_4_vton_renders\golden\golden_golden_retriever_standing_side_profile_bing_00018_stage4_vton_XL.png
145,golden_golden_retriever_standing_side_profile_bing_00019,Golden Retriever,73.9,12.0,11.6,45.2,56.3,M,0.985,Good Fit,D:\sideview_pipeline_stages\stage_1_3d_meshes\golden\golden_golden_retriever_standing_side_profile_bing_00019_stage1_mesh.obj,D:\sideview_pipeline_stages\stage_2_depth_maps\golden\golden_golden_retriever_standing_side_profile_bing_00019_stage2_depth.png,D:\sideview_pipeline_stages\stage_3_anatomical_masks\golden\golden_golden_retriever_standing_side_profile_bing_00019_stage3_mask_M.png,D:\sideview_pipeline_stages\stage_4_vton_renders\golden\golden_golden_retriever_standing_side_profile_bing_00019_stage4_vton_M.png
146,golden_golden_retriever_standing_side_profile_bing_00020,Golden Retriever,88.0,14.1,13.9,53.3,73.8,L,1.023,Good Fit,D:\sideview_pipeline_stages\stage_1_3d_meshes\golden\golden_golden_retriever_standing_side_profile_bing_00020_stage1_mesh.obj,D:\sideview_pipeline_stages\stage_2_depth_maps\golden\golden_golden_retriever_standing_side_profile_bing_00020_stage2_depth.png,D:\sideview_pipeline_stages\stage_3_anatomical_masks\golden\golden_golden_retriever_standing_side_profile_bing_00020_stage3_mask_L.png,D:\sideview_pipeline_stages\stage_4_vton_renders\golden\golden_golden_retriever_standing_side_profile_bing_00020_stage4_vton_L.png
147,golden_golden_retriever_standing_side_profile_bing_00021,Golden Retriever,88.3,14.5,13.6,50.5,79.8,L,1.027,Good Fit,D:\sideview_pipeline_stages\stage_1_3d_meshes\golden\golden_golden_retriever_standing_side_profile_bing_00021_stage1_mesh.obj,D:\sideview_pipeline_stages\stage_2_depth_maps\golden\golden_golden_retriever_standing_side_profile_bing_00021_stage2_depth.png,D:\sideview_pipeline_stages\stage_3_anatomical_masks\golden\golden_golden_retriever_standing_side_profile_bing_00021_stage3_mask_L.png,D:\sideview_pipeline_stages\stage_4_vton_renders\golden\golden_golden_retriever_standing_side_profile_bing_00021_stage4_vton_L.png
148,golden_golden_retriever_standing_side_profile_bing_00022,Golden Retriever,90.6,14.9,14.0,38.1,63.0,L,1.053,Good Fit,D:\sideview_pipeline_stages\stage_1_3d_meshes\golden\golden_golden_retriever_standing_side_profile_bing_00022_stage1_mesh.obj,D:\sideview_pipeline_stages\stage_2_depth_maps\golden\golden_golden_retriever_standing_side_profile_bing_00022_stage2_depth.png,D:\sideview_pipeline_stages\stage_3_anatomical_masks\golden\golden_golden_retriever_standing_side_profile_bing_00022_stage3_mask_L.png,D:\sideview_pipeline_stages\stage_4_vton_renders\golden\golden_golden_retriever_standing_side_profile_bing_00022_stage4_vton_L.png
149,golden_golden_retriever_standing_side_profile_bing_00023,Golden Retriever,94.0,15.2,14.7,55.3,72.4,XL,0.949,Good Fit,D:\sideview_pipeline_stages\stage_1_3d_meshes\golden\golden_golden_retriever_standing_side_profile_bing_00023_stage1_mesh.obj,D:\sideview_pipeline_stages\stage_2_depth_maps\golden\golden_golden_retriever_standing_side_profile_bing_00023_stage2_depth.png,D:\sideview_pipeline_stages\stage_3_anatomical_masks\golden\golden_golden_retriever_standing_side_profile_bing_00023_stage3_mask_XL.png,D:\sideview_pipeline_stages\stage_4_vton_renders\golden\golden_golden_retriever_standing_side_profile_bing_00023_stage4_vton_XL.png
150,golden_golden_retriever_standing_side_profile_bing_00024,Golden Retriever,93.8,15.0,14.9,61.6,82.0,XL,0.947,Good Fit,D:\sideview_pipeline_stages\stage_1_3d_meshes\golden\golden_golden_retriever_standing_side_profile_bing_00024_stage1_mesh.obj,D:\sideview_pipeline_stages\stage_2_depth_maps\golden\golden_golden_retriever_standing_side_profile_bing_00024_stage2_depth.png,D:\sideview_pipeline_stages\stage_3_anatomical_masks\golden\golden_golden_retriever_standing_side_profile_bing_00024_stage3_mask_XL.png,D:\sideview_pipeline_stages\stage_4_vton_renders\golden\golden_golden_retriever_standing_side_profile_bing_00024_stage4_vton_XL.png
151,golden_golden_retriever_standing_side_profile_bing_00025,Golden Retriever,86.2,14.8,12.6,112.4,77.1,L,1.002,Good Fit,D:\sideview_pipeline_stages\stage_1_3d_meshes\golden\golden_golden_retriever_standing_side_profile_bing_00025_stage1_mesh.obj,D:\sideview_pipeline_stages\stage_2_depth_maps\golden\golden_golden_retriever_standing_side_profile_bing_00025_stage2_depth.png,D:\sideview_pipeline_stages\stage_3_anatomical_masks\golden\golden_golden_retriever_standing_side_profile_bing_00025_stage3_mask_L.png,D:\sideview_pipeline_stages\stage_4_vton_renders\golden\golden_golden_retriever_standing_side_profile_bing_00025_stage4_vton_L.png
152,golden_golden_retriever_standing_side_profile_bing_00026,Golden Retriever,85.2,14.0,13.1,64.2,88.8,L,0.991,Good Fit,D:\sideview_pipeline_stages\stage_1_3d_meshes\golden\golden_golden_retriever_standing_side_profile_bing_00026_stage1_mesh.obj,D:\sideview_pipeline_stages\stage_2_depth_maps\golden\golden_golden_retriever_standing_side_profile_bing_00026_stage2_depth.png,D:\sideview_pipeline_stages\stage_3_anatomical_masks\golden\golden_golden_retriever_standing_side_profile_bing_00026_stage3_mask_L.png,D:\sideview_pipeline_stages\stage_4_vton_renders\golden\golden_golden_retriever_standing_side_profile_bing_00026_stage4_vton_L.png
153,golden_golden_retriever_standing_side_profile_bing_00027,Golden Retriever,142.1,24.4,20.8,51.2,56.4,XL,1.435,Tight,D:\sideview_pipeline_stages\stage_1_3d_meshes\golden\golden_golden_retriever_standing_side_profile_bing_00027_stage1_mesh.obj,D:\sideview_pipeline_stages\stage_2_depth_maps\golden\golden_golden_retriever_standing_side_profile_bing_00027_stage2_depth.png,D:\sideview_pipeline_stages\stage_3_anatomical_masks\golden\golden_golden_retriever_standing_side_profile_bing_00027_stage3_mask_XL.png,D:\sideview_pipeline_stages\stage_4_vton_renders\golden\golden_golden_retriever_standing_side_profile_bing_00027_stage4_vton_XL.png
154,golden_golden_retriever_standing_side_profile_bing_00028,Golden Retriever,90.9,15.1,13.8,58.6,87.2,L,1.057,Good Fit,D:\sideview_pipeline_stages\stage_1_3d_meshes\golden\golden_golden_retriever_standing_side_profile_bing_00028_stage1_mesh.obj,D:\sideview_pipeline_stages\stage_2_depth_maps\golden\golden_golden_retriever_standing_side_profile_bing_00028_stage2_depth.png,D:\sideview_pipeline_stages\stage_3_anatomical_masks\golden\golden_golden_retriever_standing_side_profile_bing_00028_stage3_mask_L.png,D:\sideview_pipeline_stages\stage_4_vton_renders\golden\golden_golden_retriever_standing_side_profile_bing_00028_stage4_vton_L.png
155,golden_golden_retriever_standing_side_profile_bing_00029,Golden Retriever,93.3,14.9,14.7,59.2,82.1,XL,0.942,Good Fit,D:\sideview_pipeline_stages\stage_1_3d_meshes\golden\golden_golden_retriever_standing_side_profile_bing_00029_stage1_mesh.obj,D:\sideview_pipeline_stages\stage_2_depth_maps\golden\golden_golden_retriever_standing_side_profile_bing_00029_stage2_depth.png,D:\sideview_pipeline_stages\stage_3_anatomical_masks\golden\golden_golden_retriever_standing_side_profile_bing_00029_stage3_mask_XL.png,D:\sideview_pipeline_stages\stage_4_vton_renders\golden\golden_golden_retriever_standing_side_profile_bing_00029_stage4_vton_XL.png
156,golden_golden_retriever_standing_side_profile_bing_00030,Golden Retriever,86.4,14.2,13.2,55.2,77.8,L,1.005,Good Fit,D:\sideview_pipeline_stages\stage_1_3d_meshes\golden\golden_golden_retriever_standing_side_profile_bing_00030_stage1_mesh.obj,D:\sideview_pipeline_stages\stage_2_depth_maps\golden\golden_golden_retriever_standing_side_profile_bing_00030_stage2_depth.png,D:\sideview_pipeline_stages\stage_3_anatomical_masks\golden\golden_golden_retriever_standing_side_profile_bing_00030_stage3_mask_L.png,D:\sideview_pipeline_stages\stage_4_vton_renders\golden\golden_golden_retriever_standing_side_profile_bing_00030_stage4_vton_L.png
157,golden_golden_retriever_standing_side_profile_bing_00031,Golden Retriever,97.3,15.5,15.5,45.5,71.9,XL,0.983,Good Fit,D:\sideview_pipeline_stages\stage_1_3d_meshes\golden\golden_golden_retriever_standing_side_profile_bing_00031_stage1_mesh.obj,D:\sideview_pipeline_stages\stage_2_depth_maps\golden\golden_golden_retriever_standing_side_profile_bing_00031_stage2_depth.png,D:\sideview_pipeline_stages\stage_3_anatomical_masks\golden\golden_golden_retriever_standing_side_profile_bing_00031_stage3_mask_XL.png,D:\sideview_pipeline_stages\stage_4_vton_renders\golden\golden_golden_retriever_standing_side_profile_bing_00031_stage4_vton_XL.png
158,golden_golden_retriever_standing_side_profile_bing_00032,Golden Retriever,89.5,14.7,13.8,104.0,64.9,L,1.041,Good Fit,D:\sideview_pipeline_stages\stage_1_3d_meshes\golden\golden_golden_retriever_standing_side_profile_bing_00032_stage1_mesh.obj,D:\sideview_pipeline_stages\stage_2_depth_maps\golden\golden_golden_retriever_standing_side_profile_bing_00032_stage2_depth.png,D:\sideview_pipeline_stages\stage_3_anatomical_masks\golden\golden_golden_retriever_standing_side_profile_bing_00032_stage3_mask_L.png,D:\sideview_pipeline_stages\stage_4_vton_renders\golden\golden_golden_retriever_standing_side_profile_bing_00032_stage4_vton_L.png
159,golden_golden_retriever_standing_side_profile_bing_00033,Golden Retriever,98.0,15.6,15.6,50.3,71.2,XL,0.99,Good Fit,D:\sideview_pipeline_stages\stage_1_3d_meshes\golden\golden_golden_retriever_standing_side_profile_bing_00033_stage1_mesh.obj,D:\sideview_pipeline_stages\stage_2_depth_maps\golden\golden_golden_retriever_standing_side_profile_bing_00033_stage2_depth.png,D:\sideview_pipeline_stages\stage_3_anatomical_masks\golden\golden_golden_retriever_standing_side_profile_bing_00033_stage3_mask_XL.png,D:\sideview_pipeline_stages\stage_4_vton_renders\golden\golden_golden_retriever_standing_side_profile_bing_00033_stage4_vton_XL.png
160,golden_golden_retriever_standing_side_profile_bing_00034,Golden Retriever,84.7,14.2,12.7,56.7,86.2,L,0.985,Good Fit,D:\sideview_pipeline_stages\stage_1_3d_meshes\golden\golden_golden_retriever_standing_side_profile_bing_00034_stage1_mesh.obj,D:\sideview_pipeline_stages\stage_2_depth_maps\golden\golden_golden_retriever_standing_side_profile_bing_00034_stage2_depth.png,D:\sideview_pipeline_stages\stage_3_anatomical_masks\golden\golden_golden_retriever_standing_side_profile_bing_00034_stage3_mask_L.png,D:\sideview_pipeline_stages\stage_4_vton_renders\golden\golden_golden_retriever_standing_side_profile_bing_00034_stage4_vton_L.png
161,golden_golden_retriever_standing_side_profile_bing_00035,Golden Retriever,90.8,15.0,13.9,44.8,65.1,L,1.056,Good Fit,D:\sideview_pipeline_stages\stage_1_3d_meshes\golden\golden_golden_retriever_standing_side_profile_bing_00035_stage1_mesh.obj,D:\sideview_pipeline_stages\stage_2_depth_maps\golden\golden_golden_retriever_standing_side_profile_bing_00035_stage2_depth.png,D:\sideview_pipeline_stages\stage_3_anatomical_masks\golden\golden_golden_retriever_standing_side_profile_bing_00035_stage3_mask_L.png,D:\sideview_pipeline_stages\stage_4_vton_renders\golden\golden_golden_retriever_standing_side_profile_bing_00035_stage4_vton_L.png
162,golden_golden_retriever_standing_side_profile_bing_00036,Golden Retriever,85.5,14.2,12.9,40.1,65.5,L,0.994,Good Fit,D:\sideview_pipeline_stages\stage_1_3d_meshes\golden\golden_golden_retriever_standing_side_profile_bing_00036_stage1_mesh.obj,D:\sideview_pipeline_stages\stage_2_depth_maps\golden\golden_golden_retriever_standing_side_profile_bing_00036_stage2_depth.png,D:\sideview_pipeline_stages\stage_3_anatomical_masks\golden\golden_golden_retriever_standing_side_profile_bing_00036_stage3_mask_L.png,D:\sideview_pipeline_stages\stage_4_vton_renders\golden\golden_golden_retriever_standing_side_profile_bing_00036_stage4_vton_L.png
163,golden_golden_retriever_standing_side_profile_bing_00037,Golden Retriever,81.9,13.2,12.9,48.0,71.9,L,0.952,Good Fit,D:\sideview_pipeline_stages\stage_1_3d_meshes\golden\golden_golden_retriever_standing_side_profile_bing_00037_stage1_mesh.obj,D:\sideview_pipeline_stages\stage_2_depth_maps\golden\golden_golden_retriever_standing_side_profile_bing_00037_stage2_depth.png,D:\sideview_pipeline_stages\stage_3_anatomical_masks\golden\golden_golden_retriever_standing_side_profile_bing_00037_stage3_mask_L.png,D:\sideview_pipeline_stages\stage_4_vton_renders\golden\golden_golden_retriever_standing_side_profile_bing_00037_stage4_vton_L.png
164,golden_golden_retriever_standing_side_profile_bing_00038,Golden Retriever,108.4,18.3,16.2,50.8,67.8,XL,1.095,Tight,D:\sideview_pipeline_stages\stage_1_3d_meshes\golden\golden_golden_retriever_standing_side_profile_bing_00038_stage1_mesh.obj,D:\sideview_pipeline_stages\stage_2_depth_maps\golden\golden_golden_retriever_standing_side_profile_bing_00038_stage2_depth.png,D:\sideview_pipeline_stages\stage_3_anatomical_masks\golden\golden_golden_retriever_standing_side_profile_bing_00038_stage3_mask_XL.png,D:\sideview_pipeline_stages\stage_4_vton_renders\golden\golden_golden_retriever_standing_side_profile_bing_00038_stage4_vton_XL.png
165,golden_golden_retriever_standing_side_profile_bing_00039,Golden Retriever,96.5,16.1,14.6,53.4,87.4,XL,0.975,Good Fit,D:\sideview_pipeline_stages\stage_1_3d_meshes\golden\golden_golden_retriever_standing_side_profile_bing_00039_stage1_mesh.obj,D:\sideview_pipeline_stages\stage_2_depth_maps\golden\golden_golden_retriever_standing_side_profile_bing_00039_stage2_depth.png,D:\sideview_pipeline_stages\stage_3_anatomical_masks\golden\golden_golden_retriever_standing_side_profile_bing_00039_stage3_mask_XL.png,D:\sideview_pipeline_stages\stage_4_vton_renders\golden\golden_golden_retriever_standing_side_profile_bing_00039_stage4_vton_XL.png
166,golden_golden_retriever_standing_side_profile_bing_00040,Golden Retriever,87.9,14.4,13.6,56.4,85.5,L,1.022,Good Fit,D:\sideview_pipeline_stages\stage_1_3d_meshes\golden\golden_golden_retriever_standing_side_profile_bing_00040_stage1_mesh.obj,D:\sideview_pipeline_stages\stage_2_depth_maps\golden\golden_golden_retriever_standing_side_profile_bing_00040_stage2_depth.png,D:\sideview_pipeline_stages\stage_3_anatomical_masks\golden\golden_golden_retriever_standing_side_profile_bing_00040_stage3_mask_L.png,D:\sideview_pipeline_stages\stage_4_vton_renders\golden\golden_golden_retriever_standing_side_profile_bing_00040_stage4_vton_L.png
167,golden_golden_retriever_standing_side_profile_bing_00041,Golden Retriever,92.5,14.7,14.7,57.1,63.8,L,1.076,Tight,D:\sideview_pipeline_stages\stage_1_3d_meshes\golden\golden_golden_retriever_standing_side_profile_bing_00041_stage1_mesh.obj,D:\sideview_pipeline_stages\stage_2_depth_maps\golden\golden_golden_retriever_standing_side_profile_bing_00041_stage2_depth.png,D:\sideview_pipeline_stages\stage_3_anatomical_masks\golden\golden_golden_retriever_standing_side_profile_bing_00041_stage3_mask_L.png,D:\sideview_pipeline_stages\stage_4_vton_renders\golden\golden_golden_retriever_standing_side_profile_bing_00041_stage4_vton_L.png
168,golden_golden_retriever_standing_side_profile_bing_00042,Golden Retriever,83.1,13.8,12.6,55.2,74.5,L,0.966,Good Fit,D:\sideview_pipeline_stages\stage_1_3d_meshes\golden\golden_golden_retriever_standing_side_profile_bing_00042_stage1_mesh.obj,D:\sideview_pipeline_stages\stage_2_depth_maps\golden\golden_golden_retriever_standing_side_profile_bing_00042_stage2_depth.png,D:\sideview_pipeline_stages\stage_3_anatomical_masks\golden\golden_golden_retriever_standing_side_profile_bing_00042_stage3_mask_L.png,D:\sideview_pipeline_stages\stage_4_vton_renders\golden\golden_golden_retriever_standing_side_profile_bing_00042_stage4_vton_L.png
169,golden_golden_retriever_standing_side_profile_bing_00043,Golden Retriever,82.9,13.2,13.2,58.7,78.2,L,0.964,Good Fit,D:\sideview_pipeline_stages\stage_1_3d_meshes\golden\golden_golden_retriever_standing_side_profile_bing_00043_stage1_mesh.obj,D:\sideview_pipeline_stages\stage_2_depth_maps\golden\golden_golden_retriever_standing_side_profile_bing_00043_stage2_depth.png,D:\sideview_pipeline_stages\stage_3_anatomical_masks\golden\golden_golden_retriever_standing_side_profile_bing_00043_stage3_mask_L.png,D:\sideview_pipeline_stages\stage_4_vton_renders\golden\golden_golden_retriever_standing_side_profile_bing_00043_stage4_vton_L.png
170,golden_golden_retriever_standing_side_profile_bing_00044,Golden Retriever,106.4,18.8,15.0,48.4,65.9,XL,1.075,Good Fit,D:\sideview_pipeline_stages\stage_1_3d_meshes\golden\golden_golden_retriever_standing_side_profile_bing_00044_stage1_mesh.obj,D:\sideview_pipeline_stages\stage_2_depth_maps\golden\golden_golden_retriever_standing_side_profile_bing_00044_stage2_depth.png,D:\sideview_pipeline_stages\stage_3_anatomical_masks\golden\golden_golden_retriever_standing_side_profile_bing_00044_stage3_mask_XL.png,D:\sideview_pipeline_stages\stage_4_vton_renders\golden\golden_golden_retriever_standing_side_profile_bing_00044_stage4_vton_XL.png
171,golden_golden_retriever_standing_side_profile_bing_00045,Golden Retriever,85.0,13.9,13.1,56.4,86.1,L,0.988,Good Fit,D:\sideview_pipeline_stages\stage_1_3d_meshes\golden\golden_golden_retriever_standing_side_profile_bing_00045_stage1_mesh.obj,D:\sideview_pipeline_stages\stage_2_depth_maps\golden\golden_golden_retriever_standing_side_profile_bing_00045_stage2_depth.png,D:\sideview_pipeline_stages\stage_3_anatomical_masks\golden\golden_golden_retriever_standing_side_profile_bing_00045_stage3_mask_L.png,D:\sideview_pipeline_stages\stage_4_vton_renders\golden\golden_golden_retriever_standing_side_profile_bing_00045_stage4_vton_L.png
172,golden_golden_retriever_standing_side_profile_bing_00046,Golden Retriever,91.1,14.8,14.2,61.0,80.3,L,1.059,Tight,D:\sideview_pipeline_stages\stage_1_3d_meshes\golden\golden_golden_retriever_standing_side_profile_bing_00046_stage1_mesh.obj,D:\sideview_pipeline_stages\stage_2_depth_maps\golden\golden_golden_retriever_standing_side_profile_bing_00046_stage2_depth.png,D:\sideview_pipeline_stages\stage_3_anatomical_masks\golden\golden_golden_retriever_standing_side_profile_bing_00046_stage3_mask_L.png,D:\sideview_pipeline_stages\stage_4_vton_renders\golden\golden_golden_retriever_standing_side_profile_bing_00046_stage4_vton_L.png
173,golden_golden_retriever_standing_side_profile_bing_00047,Golden Retriever,116.4,19.0,18.1,59.9,68.8,XL,1.176,Tight,D:\sideview_pipeline_stages\stage_1_3d_meshes\golden\golden_golden_retriever_standing_side_profile_bing_00047_stage1_mesh.obj,D:\sideview_pipeline_stages\stage_2_depth_maps\golden\golden_golden_retriever_standing_side_profile_bing_00047_stage2_depth.png,D:\sideview_pipeline_stages\stage_3_anatomical_masks\golden\golden_golden_retriever_standing_side_profile_bing_00047_stage3_mask_XL.png,D:\sideview_pipeline_stages\stage_4_vton_renders\golden\golden_golden_retriever_standing_side_profile_bing_00047_stage4_vton_XL.png
174,golden_golden_retriever_standing_side_profile_bing_00048,Golden Retriever,84.2,13.5,13.3,59.2,76.0,L,0.979,Good Fit,D:\sideview_pipeline_stages\stage_1_3d_meshes\golden\golden_golden_retriever_standing_side_profile_bing_00048_stage1_mesh.obj,D:\sideview_pipeline_stages\stage_2_depth_maps\golden\golden_golden_retriever_standing_side_profile_bing_00048_stage2_depth.png,D:\sideview_pipeline_stages\stage_3_anatomical_masks\golden\golden_golden_retriever_standing_side_profile_bing_00048_stage3_mask_L.png,D:\sideview_pipeline_stages\stage_4_vton_renders\golden\golden_golden_retriever_standing_side_profile_bing_00048_stage4_vton_L.png
175,golden_golden_retriever_standing_side_profile_bing_00049,Golden Retriever,98.0,15.6,15.6,57.6,78.4,XL,0.99,Good Fit,D:\sideview_pipeline_stages\stage_1_3d_meshes\golden\golden_golden_retriever_standing_side_profile_bing_00049_stage1_mesh.obj,D:\sideview_pipeline_stages\stage_2_depth_maps\golden\golden_golden_retriever_standing_side_profile_bing_00049_stage2_depth.png,D:\sideview_pipeline_stages\stage_3_anatomical_masks\golden\golden_golden_retriever_standing_side_profile_bing_00049_stage3_mask_XL.png,D:\sideview_pipeline_stages\stage_4_vton_renders\golden\golden_golden_retriever_standing_side_profile_bing_00049_stage4_vton_XL.png
176,golden_golden_retriever_standing_side_profile_bing_00050,Golden Retriever,97.2,15.8,15.1,61.5,67.4,XL,0.982,Good Fit,D:\sideview_pipeline_stages\stage_1_3d_meshes\golden\golden_golden_retriever_standing_side_profile_bing_00050_stage1_mesh.obj,D:\sideview_pipeline_stages\stage_2_depth_maps\golden\golden_golden_retriever_standing_side_profile_bing_00050_stage2_depth.png,D:\sideview_pipeline_stages\stage_3_anatomical_masks\golden\golden_golden_retriever_standing_side_profile_bing_00050_stage3_mask_XL.png,D:\sideview_pipeline_stages\stage_4_vton_renders\golden\golden_golden_retriever_standing_side_profile_bing_00050_stage4_vton_XL.png
177,golden_golden_retriever_standing_side_profile_bing_00051,Golden Retriever,91.0,14.9,14.1,47.8,60.2,L,1.058,Good Fit,D:\sideview_pipeline_stages\stage_1_3d_meshes\golden\golden_golden_retriever_standing_side_profile_bing_00051_stage1_mesh.obj,D:\sideview_pipeline_stages\stage_2_depth_maps\golden\golden_golden_retriever_standing_side_profile_bing_00051_stage2_depth.png,D:\sideview_pipeline_stages\stage_3_anatomical_masks\golden\golden_golden_retriever_standing_side_profile_bing_00051_stage3_mask_L.png,D:\sideview_pipeline_stages\stage_4_vton_renders\golden\golden_golden_retriever_standing_side_profile_bing_00051_stage4_vton_L.png
178,golden_golden_retriever_standing_side_profile_bing_00052,Golden Retriever,78.1,12.8,12.1,53.2,61.8,M,1.041,Good Fit,D:\sideview_pipeline_stages\stage_1_3d_meshes\golden\golden_golden_retriever_standing_side_profile_bing_00052_stage1_mesh.obj,D:\sideview_pipeline_stages\stage_2_depth_maps\golden\golden_golden_retriever_standing_side_profile_bing_00052_stage2_depth.png,D:\sideview_pipeline_stages\stage_3_anatomical_masks\golden\golden_golden_retriever_standing_side_profile_bing_00052_stage3_mask_M.png,D:\sideview_pipeline_stages\stage_4_vton_renders\golden\golden_golden_retriever_standing_side_profile_bing_00052_stage4_vton_M.png
179,golden_golden_retriever_standing_side_profile_bing_00053,Golden Retriever,136.5,24.5,18.8,57.3,68.4,XL,1.379,Tight,D:\sideview_pipeline_stages\stage_1_3d_meshes\golden\golden_golden_retriever_standing_side_profile_bing_00053_stage1_mesh.obj,D:\sideview_pipeline_stages\stage_2_depth_maps\golden\golden_golden_retriever_standing_side_profile_bing_00053_stage2_depth.png,D:\sideview_pipeline_stages\stage_3_anatomical_masks\golden\golden_golden_retriever_standing_side_profile_bing_00053_stage3_mask_XL.png,D:\sideview_pipeline_stages\stage_4_vton_renders\golden\golden_golden_retriever_standing_side_profile_bing_00053_stage4_vton_XL.png
180,golden_golden_retriever_standing_side_profile_bing_00054,Golden Retriever,85.4,13.7,13.5,59.1,78.8,L,0.993,Good Fit,D:\sideview_pipeline_stages\stage_1_3d_meshes\golden\golden_golden_retriever_standing_side_profile_bing_00054_stage1_mesh.obj,D:\sideview_pipeline_stages\stage_2_depth_maps\golden\golden_golden_retriever_standing_side_profile_bing_00054_stage2_depth.png,D:\sideview_pipeline_stages\stage_3_anatomical_masks\golden\golden_golden_retriever_standing_side_profile_bing_00054_stage3_mask_L.png,D:\sideview_pipeline_stages\stage_4_vton_renders\golden\golden_golden_retriever_standing_side_profile_bing_00054_stage4_vton_L.png
181,golden_golden_retriever_standing_side_profile_bing_00055,Golden Retriever,91.3,14.7,14.3,52.4,73.1,L,1.062,Tight,D:\sideview_pipeline_stages\stage_1_3d_meshes\golden\golden_golden_retriever_standing_side_profile_bing_00055_stage1_mesh.obj,D:\sideview_pipeline_stages\stage_2_depth_maps\golden\golden_golden_retriever_standing_side_profile_bing_00055_stage2_depth.png,D:\sideview_pipeline_stages\stage_3_anatomical_masks\golden\golden_golden_retriever_standing_side_profile_bing_00055_stage3_mask_L.png,D:\sideview_pipeline_stages\stage_4_vton_renders\golden\golden_golden_retriever_standing_side_profile_bing_00055_stage4_vton_L.png
182,golden_golden_retriever_standing_side_profile_bing_00056,Golden Retriever,82.3,13.6,12.6,51.4,66.1,L,0.957,Good Fit,D:\sideview_pipeline_stages\stage_1_3d_meshes\golden\golden_golden_retriever_standing_side_profile_bing_00056_stage1_mesh.obj,D:\sideview_pipeline_stages\stage_2_depth_maps\golden\golden_golden_retriever_standing_side_profile_bing_00056_stage2_depth.png,D:\sideview_pipeline_stages\stage_3_anatomical_masks\golden\golden_golden_retriever_standing_side_profile_bing_00056_stage3_mask_L.png,D:\sideview_pipeline_stages\stage_4_vton_renders\golden\golden_golden_retriever_standing_side_profile_bing_00056_stage4_vton_L.png
183,golden_golden_retriever_standing_side_profile_bing_00057,Golden Retriever,86.3,14.0,13.4,60.6,80.1,L,1.003,Good Fit,D:\sideview_pipeline_stages\stage_1_3d_meshes\golden\golden_golden_retriever_standing_side_profile_bing_00057_stage1_mesh.obj,D:\sideview_pipeline_stages\stage_2_depth_maps\golden\golden_golden_retriever_standing_side_profile_bing_00057_stage2_depth.png,D:\sideview_pipeline_stages\stage_3_anatomical_masks\golden\golden_golden_retriever_standing_side_profile_bing_00057_stage3_mask_L.png,D:\sideview_pipeline_stages\stage_4_vton_renders\golden\golden_golden_retriever_standing_side_profile_bing_00057_stage4_vton_L.png
184,golden_golden_retriever_standing_side_profile_bing_00058,Golden Retriever,80.0,13.0,12.5,53.8,63.1,M,1.067,Good Fit,D:\sideview_pipeline_stages\stage_1_3d_meshes\golden\golden_golden_retriever_standing_side_profile_bing_00058_stage1_mesh.obj,D:\sideview_pipeline_stages\stage_2_depth_maps\golden\golden_golden_retriever_standing_side_profile_bing_00058_stage2_depth.png,D:\sideview_pipeline_stages\stage_3_anatomical_masks\golden\golden_golden_retriever_standing_side_profile_bing_00058_stage3_mask_M.png,D:\sideview_pipeline_stages\stage_4_vton_renders\golden\golden_golden_retriever_standing_side_profile_bing_00058_stage4_vton_M.png
185,golden_golden_retriever_standing_side_profile_bing_00059,Golden Retriever,94.1,15.2,14.8,59.9,82.5,XL,0.951,Good Fit,D:\sideview_pipeline_stages\stage_1_3d_meshes\golden\golden_golden_retriever_standing_side_profile_bing_00059_stage1_mesh.obj,D:\sideview_pipeline_stages\stage_2_depth_maps\golden\golden_golden_retriever_standing_side_profile_bing_00059_stage2_depth.png,D:\sideview_pipeline_stages\stage_3_anatomical_masks\golden\golden_golden_retriever_standing_side_profile_bing_00059_stage3_mask_XL.png,D:\sideview_pipeline_stages\stage_4_vton_renders\golden\golden_golden_retriever_standing_side_profile_bing_00059_stage4_vton_XL.png
186,golden_golden_retriever_standing_side_profile_bing_00060,Golden Retriever,89.5,14.4,14.1,56.9,77.8,L,1.041,Good Fit,D:\sideview_pipeline_stages\stage_1_3d_meshes\golden\golden_golden_retriever_standing_side_profile_bing_00060_stage1_mesh.obj,D:\sideview_pipeline_stages\stage_2_depth_maps\golden\golden_golden_retriever_standing_side_profile_bing_00060_stage2_depth.png,D:\sideview_pipeline_stages\stage_3_anatomical_masks\golden\golden_golden_retriever_standing_side_profile_bing_00060_stage3_mask_L.png,D:\sideview_pipeline_stages\stage_4_vton_renders\golden\golden_golden_retriever_standing_side_profile_bing_00060_stage4_vton_L.png
187,golden_golden_retriever_standing_side_profile_bing_00061,Golden Retriever,132.2,26.3,15.0,89.1,72.3,XL,1.335,Tight,D:\sideview_pipeline_stages\stage_1_3d_meshes\golden\golden_golden_retriever_standing_side_profile_bing_00061_stage1_mesh.obj,D:\sideview_pipeline_stages\stage_2_depth_maps\golden\golden_golden_retriever_standing_side_profile_bing_00061_stage2_depth.png,D:\sideview_pipeline_stages\stage_3_anatomical_masks\golden\golden_golden_retriever_standing_side_profile_bing_00061_stage3_mask_XL.png,D:\sideview_pipeline_stages\stage_4_vton_renders\golden\golden_golden_retriever_standing_side_profile_bing_00061_stage4_vton_XL.png
188,golden_golden_retriever_standing_side_profile_bing_00062,Golden Retriever,87.4,14.5,13.4,46.0,52.4,L,1.016,Good Fit,D:\sideview_pipeline_stages\stage_1_3d_meshes\golden\golden_golden_retriever_standing_side_profile_bing_00062_stage1_mesh.obj,D:\sideview_pipeline_stages\stage_2_depth_maps\golden\golden_golden_retriever_standing_side_profile_bing_00062_stage2_depth.png,D:\sideview_pipeline_stages\stage_3_anatomical_masks\golden\golden_golden_retriever_standing_side_profile_bing_00062_stage3_mask_L.png,D:\sideview_pipeline_stages\stage_4_vton_renders\golden\golden_golden_retriever_standing_side_profile_bing_00062_stage4_vton_L.png
189,golden_golden_retriever_standing_side_profile_bing_00063,Golden Retriever,103.5,16.5,16.5,54.3,77.9,XL,1.045,Good Fit,D:\sideview_pipeline_stages\stage_1_3d_meshes\golden\golden_golden_retriever_standing_side_profile_bing_00063_stage1_mesh.obj,D:\sideview_pipeline_stages\stage_2_depth_maps\golden\golden_golden_retriever_standing_side_profile_bing_00063_stage2_depth.png,D:\sideview_pipeline_stages\stage_3_anatomical_masks\golden\golden_golden_retriever_standing_side_profile_bing_00063_stage3_mask_XL.png,D:\sideview_pipeline_stages\stage_4_vton_renders\golden\golden_golden_retriever_standing_side_profile_bing_00063_stage4_vton_XL.png
190,golden_golden_retriever_standing_side_profile_bing_00064,Golden Retriever,88.7,14.2,14.1,42.9,59.2,L,1.031,Good Fit,D:\sideview_pipeline_stages\stage_1_3d_meshes\golden\golden_golden_retriever_standing_side_profile_bing_00064_stage1_mesh.obj,D:\sideview_pipeline_stages\stage_2_depth_maps\golden\golden_golden_retriever_standing_side_profile_bing_00064_stage2_depth.png,D:\sideview_pipeline_stages\stage_3_anatomical_masks\golden\golden_golden_retriever_standing_side_profile_bing_00064_stage3_mask_L.png,D:\sideview_pipeline_stages\stage_4_vton_renders\golden\golden_golden_retriever_standing_side_profile_bing_00064_stage4_vton_L.png
191,golden_golden_retriever_standing_side_profile_bing_00065,Golden Retriever,96.5,16.0,14.7,28.1,58.9,XL,0.975,Good Fit,D:\sideview_pipeline_stages\stage_1_3d_meshes\golden\golden_golden_retriever_standing_side_profile_bing_00065_stage1_mesh.obj,D:\sideview_pipeline_stages\stage_2_depth_maps\golden\golden_golden_retriever_standing_side_profile_bing_00065_stage2_depth.png,D:\sideview_pipeline_stages\stage_3_anatomical_masks\golden\golden_golden_retriever_standing_side_profile_bing_00065_stage3_mask_XL.png,D:\sideview_pipeline_stages\stage_4_vton_renders\golden\golden_golden_retriever_standing_side_profile_bing_00065_stage4_vton_XL.png
192,golden_golden_retriever_standing_side_profile_bing_00066,Golden Retriever,96.7,15.4,15.4,60.3,78.0,XL,0.977,Good Fit,D:\sideview_pipeline_stages\stage_1_3d_meshes\golden\golden_golden_retriever_standing_side_profile_bing_00066_stage1_mesh.obj,D:\sideview_pipeline_stages\stage_2_depth_maps\golden\golden_golden_retriever_standing_side_profile_bing_00066_stage2_depth.png,D:\sideview_pipeline_stages\stage_3_anatomical_masks\golden\golden_golden_retriever_standing_side_profile_bing_00066_stage3_mask_XL.png,D:\sideview_pipeline_stages\stage_4_vton_renders\golden\golden_golden_retriever_standing_side_profile_bing_00066_stage4_vton_XL.png
193,golden_golden_retriever_standing_side_profile_bing_00067,Golden Retriever,79.4,13.5,11.7,48.7,73.7,M,1.059,Good Fit,D:\sideview_pipeline_stages\stage_1_3d_meshes\golden\golden_golden_retriever_standing_side_profile_bing_00067_stage1_mesh.obj,D:\sideview_pipeline_stages\stage_2_depth_maps\golden\golden_golden_retriever_standing_side_profile_bing_00067_stage2_depth.png,D:\sideview_pipeline_stages\stage_3_anatomical_masks\golden\golden_golden_retriever_standing_side_profile_bing_00067_stage3_mask_M.png,D:\sideview_pipeline_stages\stage_4_vton_renders\golden\golden_golden_retriever_standing_side_profile_bing_00067_stage4_vton_M.png
194,golden_golden_retriever_standing_side_profile_bing_00068,Golden Retriever,88.0,14.1,13.9,50.8,69.8,L,1.023,Good Fit,D:\sideview_pipeline_stages\stage_1_3d_meshes\golden\golden_golden_retriever_standing_side_profile_bing_00068_stage1_mesh.obj,D:\sideview_pipeline_stages\stage_2_depth_maps\golden\golden_golden_retriever_standing_side_profile_bing_00068_stage2_depth.png,D:\sideview_pipeline_stages\stage_3_anatomical_masks\golden\golden_golden_retriever_standing_side_profile_bing_00068_stage3_mask_L.png,D:\sideview_pipeline_stages\stage_4_vton_renders\golden\golden_golden_retriever_standing_side_profile_bing_00068_stage4_vton_L.png
195,golden_golden_retriever_standing_side_profile_bing_00069,Golden Retriever,93.0,14.9,14.7,49.5,67.7,XL,0.939,Good Fit,D:\sideview_pipeline_stages\stage_1_3d_meshes\golden\golden_golden_retriever_standing_side_profile_bing_00069_stage1_mesh.obj,D:\sideview_pipeline_stages\stage_2_depth_maps\golden\golden_golden_retriever_standing_side_profile_bing_00069_stage2_depth.png,D:\sideview_pipeline_stages\stage_3_anatomical_masks\golden\golden_golden_retriever_standing_side_profile_bing_00069_stage3_mask_XL.png,D:\sideview_pipeline_stages\stage_4_vton_renders\golden\golden_golden_retriever_standing_side_profile_bing_00069_stage4_vton_XL.png
196,golden_golden_retriever_standing_side_profile_bing_00070,Golden Retriever,84.0,14.1,12.7,49.6,70.5,L,0.977,Good Fit,D:\sideview_pipeline_stages\stage_1_3d_meshes\golden\golden_golden_retriever_standing_side_profile_bing_00070_stage1_mesh.obj,D:\sideview_pipeline_stages\stage_2_depth_maps\golden\golden_golden_retriever_standing_side_profile_bing_00070_stage2_depth.png,D:\sideview_pipeline_stages\stage_3_anatomical_masks\golden\golden_golden_retriever_standing_side_profile_bing_00070_stage3_mask_L.png,D:\sideview_pipeline_stages\stage_4_vton_renders\golden\golden_golden_retriever_standing_side_profile_bing_00070_stage4_vton_L.png
197,golden_golden_retriever_standing_side_profile_bing_00071,Golden Retriever,87.3,14.2,13.6,51.6,71.0,L,1.015,Good Fit,D:\sideview_pipeline_stages\stage_1_3d_meshes\golden\golden_golden_retriever_standing_side_profile_bing_00071_stage1_mesh.obj,D:\sideview_pipeline_stages\stage_2_depth_maps\golden\golden_golden_retriever_standing_side_profile_bing_00071_stage2_depth.png,D:\sideview_pipeline_stages\stage_3_anatomical_masks\golden\golden_golden_retriever_standing_side_profile_bing_00071_stage3_mask_L.png,D:\sideview_pipeline_stages\stage_4_vton_renders\golden\golden_golden_retriever_standing_side_profile_bing_00071_stage4_vton_L.png
198,golden_golden_retriever_standing_side_profile_bing_00072,Golden Retriever,90.4,14.5,14.2,54.6,70.8,L,1.051,Good Fit,D:\sideview_pipeline_stages\stage_1_3d_meshes\golden\golden_golden_retriever_standing_side_profile_bing_00072_stage1_mesh.obj,D:\sideview_pipeline_stages\stage_2_depth_maps\golden\golden_golden_retriever_standing_side_profile_bing_00072_stage2_depth.png,D:\sideview_pipeline_stages\stage_3_anatomical_masks\golden\golden_golden_retriever_standing_side_profile_bing_00072_stage3_mask_L.png,D:\sideview_pipeline_stages\stage_4_vton_renders\golden\golden_golden_retriever_standing_side_profile_bing_00072_stage4_vton_L.png
199,golden_golden_retriever_standing_side_profile_bing_00073,Golden Retriever,90.8,14.9,14.0,63.7,85.6,L,1.056,Good Fit,D:\sideview_pipeline_stages\stage_1_3d_meshes\golden\golden_golden_retriever_standing_side_profile_bing_00073_stage1_mesh.obj,D:\sideview_pipeline_stages\stage_2_depth_maps\golden\golden_golden_retriever_standing_side_profile_bing_00073_stage2_depth.png,D:\sideview_pipeline_stages\stage_3_anatomical_masks\golden\golden_golden_retriever_standing_side_profile_bing_00073_stage3_mask_L.png,D:\sideview_pipeline_stages\stage_4_vton_renders\golden\golden_golden_retriever_standing_side_profile_bing_00073_stage4_vton_L.png
200,golden_golden_retriever_standing_side_profile_bing_00074,Golden Retriever,87.3,14.4,13.4,58.5,80.1,L,1.015,Good Fit,D:\sideview_pipeline_stages\stage_1_3d_meshes\golden\golden_golden_retriever_standing_side_profile_bing_00074_stage1_mesh.obj,D:\sideview_pipeline_stages\stage_2_depth_maps\golden\golden_golden_retriever_standing_side_profile_bing_00074_stage2_depth.png,D:\sideview_pipeline_stages\stage_3_anatomical_masks\golden\golden_golden_retriever_standing_side_profile_bing_00074_stage3_mask_L.png,D:\sideview_pipeline_stages\stage_4_vton_renders\golden\golden_golden_retriever_standing_side_profile_bing_00074_stage4_vton_L.png
201,golden_golden_retriever_standing_side_profile_bing_00075,Golden Retriever,79.9,13.3,12.1,60.2,78.5,M,1.065,Good Fit,D:\sideview_pipeline_stages\stage_1_3d_meshes\golden\golden_golden_retriever_standing_side_profile_bing_00075_stage1_mesh.obj,D:\sideview_pipeline_stages\stage_2_depth_maps\golden\golden_golden_retriever_standing_side_profile_bing_00075_stage2_depth.png,D:\sideview_pipeline_stages\stage_3_anatomical_masks\golden\golden_golden_retriever_standing_side_profile_bing_00075_stage3_mask_M.png,D:\sideview_pipeline_stages\stage_4_vton_renders\golden\golden_golden_retriever_standing_side_profile_bing_00075_stage4_vton_M.png
202,golden_golden_retriever_standing_side_profile_bing_00076,Golden Retriever,95.0,15.6,14.6,53.0,68.5,XL,0.96,Good Fit,D:\sideview_pipeline_stages\stage_1_3d_meshes\golden\golden_golden_retriever_standing_side_profile_bing_00076_stage1_mesh.obj,D:\sideview_pipeline_stages\stage_2_depth_maps\golden\golden_golden_retriever_standing_side_profile_bing_00076_stage2_depth.png,D:\sideview_pipeline_stages\stage_3_anatomical_masks\golden\golden_golden_retriever_standing_side_profile_bing_00076_stage3_mask_XL.png,D:\sideview_pipeline_stages\stage_4_vton_renders\golden\golden_golden_retriever_standing_side_profile_bing_00076_stage4_vton_XL.png
203,golden_golden_retriever_standing_side_profile_bing_00077,Golden Retriever,90.1,14.5,14.2,43.2,62.9,L,1.048,Good Fit,D:\sideview_pipeline_stages\stage_1_3d_meshes\golden\golden_golden_retriever_standing_side_profile_bing_00077_stage1_mesh.obj,D:\sideview_pipeline_stages\stage_2_depth_maps\golden\golden_golden_retriever_standing_side_profile_bing_00077_stage2_depth.png,D:\sideview_pipeline_stages\stage_3_anatomical_masks\golden\golden_golden_retriever_standing_side_profile_bing_00077_stage3_mask_L.png,D:\sideview_pipeline_stages\stage_4_vton_renders\golden\golden_golden_retriever_standing_side_profile_bing_00077_stage4_vton_L.png
204,golden_golden_retriever_standing_side_profile_bing_00078,Golden Retriever,81.1,13.4,12.4,51.2,68.1,L,0.943,Good Fit,D:\sideview_pipeline_stages\stage_1_3d_meshes\golden\golden_golden_retriever_standing_side_profile_bing_00078_stage1_mesh.obj,D:\sideview_pipeline_stages\stage_2_depth_maps\golden\golden_golden_retriever_standing_side_profile_bing_00078_stage2_depth.png,D:\sideview_pipeline_stages\stage_3_anatomical_masks\golden\golden_golden_retriever_standing_side_profile_bing_00078_stage3_mask_L.png,D:\sideview_pipeline_stages\stage_4_vton_renders\golden\golden_golden_retriever_standing_side_profile_bing_00078_stage4_vton_L.png
205,golden_golden_retriever_standing_side_profile_bing_00079,Golden Retriever,118.5,19.4,18.4,50.6,80.0,XL,1.197,Tight,D:\sideview_pipeline_stages\stage_1_3d_meshes\golden\golden_golden_retriever_standing_side_profile_bing_00079_stage1_mesh.obj,D:\sideview_pipeline_stages\stage_2_depth_maps\golden\golden_golden_retriever_standing_side_profile_bing_00079_stage2_depth.png,D:\sideview_pipeline_stages\stage_3_anatomical_masks\golden\golden_golden_retriever_standing_side_profile_bing_00079_stage3_mask_XL.png,D:\sideview_pipeline_stages\stage_4_vton_renders\golden\golden_golden_retriever_standing_side_profile_bing_00079_stage4_vton_XL.png
206,golden_golden_retriever_standing_side_profile_bing_00080,Golden Retriever,95.6,15.5,15.0,51.2,73.5,XL,0.966,Good Fit,D:\sideview_pipeline_stages\stage_1_3d_meshes\golden\golden_golden_retriever_standing_side_profile_bing_00080_stage1_mesh.obj,D:\sideview_pipeline_stages\stage_2_depth_maps\golden\golden_golden_retriever_standing_side_profile_bing_00080_stage2_depth.png,D:\sideview_pipeline_stages\stage_3_anatomical_masks\golden\golden_golden_retriever_standing_side_profile_bing_00080_stage3_mask_XL.png,D:\sideview_pipeline_stages\stage_4_vton_renders\golden\golden_golden_retriever_standing_side_profile_bing_00080_stage4_vton_XL.png
207,golden_golden_retriever_standing_side_profile_bing_00081,Golden Retriever,86.5,13.9,13.6,58.5,79.6,L,1.006,Good Fit,D:\sideview_pipeline_stages\stage_1_3d_meshes\golden\golden_golden_retriever_standing_side_profile_bing_00081_stage1_mesh.obj,D:\sideview_pipeline_stages\stage_2_depth_maps\golden\golden_golden_retriever_standing_side_profile_bing_00081_stage2_depth.png,D:\sideview_pipeline_stages\stage_3_anatomical_masks\golden\golden_golden_retriever_standing_side_profile_bing_00081_stage3_mask_L.png,D:\sideview_pipeline_stages\stage_4_vton_renders\golden\golden_golden_retriever_standing_side_profile_bing_00081_stage4_vton_L.png
208,golden_golden_retriever_standing_side_profile_bing_00082,Golden Retriever,89.7,14.8,13.7,61.1,70.7,L,1.043,Good Fit,D:\sideview_pipeline_stages\stage_1_3d_meshes\golden\golden_golden_retriever_standing_side_profile_bing_00082_stage1_mesh.obj,D:\sideview_pipeline_stages\stage_2_depth_maps\golden\golden_golden_retriever_standing_side_profile_bing_00082_stage2_depth.png,D:\sideview_pipeline_stages\stage_3_anatomical_masks\golden\golden_golden_retriever_standing_side_profile_bing_00082_stage3_mask_L.png,D:\sideview_pipeline_stages\stage_4_vton_renders\golden\golden_golden_retriever_standing_side_profile_bing_00082_stage4_vton_L.png
209,golden_golden_retriever_standing_side_profile_bing_00083,Golden Retriever,129.8,25.7,14.9,61.1,77.3,XL,1.311,Tight,D:\sideview_pipeline_stages\stage_1_3d_meshes\golden\golden_golden_retriever_standing_side_profile_bing_00083_stage1_mesh.obj,D:\sideview_pipeline_stages\stage_2_depth_maps\golden\golden_golden_retriever_standing_side_profile_bing_00083_stage2_depth.png,D:\sideview_pipeline_stages\stage_3_anatomical_masks\golden\golden_golden_retriever_standing_side_profile_bing_00083_stage3_mask_XL.png,D:\sideview_pipeline_stages\stage_4_vton_renders\golden\golden_golden_retriever_standing_side_profile_bing_00083_stage4_vton_XL.png
210,golden_golden_retriever_standing_side_profile_bing_00084,Golden Retriever,89.7,14.8,13.8,115.8,72.6,L,1.043,Good Fit,D:\sideview_pipeline_stages\stage_1_3d_meshes\golden\golden_golden_retriever_standing_side_profile_bing_00084_stage1_mesh.obj,D:\sideview_pipeline_stages\stage_2_depth_maps\golden\golden_golden_retriever_standing_side_profile_bing_00084_stage2_depth.png,D:\sideview_pipeline_stages\stage_3_anatomical_masks\golden\golden_golden_retriever_standing_side_profile_bing_00084_stage3_mask_L.png,D:\sideview_pipeline_stages\stage_4_vton_renders\golden\golden_golden_retriever_standing_side_profile_bing_00084_stage4_vton_L.png
211,golden_golden_retriever_standing_side_profile_bing_00085,Golden Retriever,90.6,14.6,14.2,59.2,78.9,L,1.053,Good Fit,D:\sideview_pipeline_stages\stage_1_3d_meshes\golden\golden_golden_retriever_standing_side_profile_bing_00085_stage1_mesh.obj,D:\sideview_pipeline_stages\stage_2_depth_maps\golden\golden_golden_retriever_standing_side_profile_bing_00085_stage2_depth.png,D:\sideview_pipeline_stages\stage_3_anatomical_masks\golden\golden_golden_retriever_standing_side_profile_bing_00085_stage3_mask_L.png,D:\sideview_pipeline_stages\stage_4_vton_renders\golden\golden_golden_retriever_standing_side_profile_bing_00085_stage4_vton_L.png
212,golden_golden_retriever_standing_side_profile_bing_00086,Golden Retriever,80.1,13.4,12.1,45.2,84.5,M,1.068,Good Fit,D:\sideview_pipeline_stages\stage_1_3d_meshes\golden\golden_golden_retriever_standing_side_profile_bing_00086_stage1_mesh.obj,D:\sideview_pipeline_stages\stage_2_depth_maps\golden\golden_golden_retriever_standing_side_profile_bing_00086_stage2_depth.png,D:\sideview_pipeline_stages\stage_3_anatomical_masks\golden\golden_golden_retriever_standing_side_profile_bing_00086_stage3_mask_M.png,D:\sideview_pipeline_stages\stage_4_vton_renders\golden\golden_golden_retriever_standing_side_profile_bing_00086_stage4_vton_M.png
213,golden_golden_retriever_standing_side_profile_bing_00087,Golden Retriever,125.1,20.7,19.1,53.1,74.8,XL,1.264,Tight,D:\sideview_pipeline_stages\stage_1_3d_meshes\golden\golden_golden_retriever_standing_side_profile_bing_00087_stage1_mesh.obj,D:\sideview_pipeline_stages\stage_2_depth_maps\golden\golden_golden_retriever_standing_side_profile_bing_00087_stage2_depth.png,D:\sideview_pipeline_stages\stage_3_anatomical_masks\golden\golden_golden_retriever_standing_side_profile_bing_00087_stage3_mask_XL.png,D:\sideview_pipeline_stages\stage_4_vton_renders\golden\golden_golden_retriever_standing_side_profile_bing_00087_stage4_vton_XL.png
214,golden_golden_retriever_standing_side_profile_bing_00088,Golden Retriever,96.3,16.3,14.3,48.5,73.4,XL,0.973,Good Fit,D:\sideview_pipeline_stages\stage_1_3d_meshes\golden\golden_golden_retriever_standing_side_profile_bing_00088_stage1_mesh.obj,D:\sideview_pipeline_stages\stage_2_depth_maps\golden\golden_golden_retriever_standing_side_profile_bing_00088_stage2_depth.png,D:\sideview_pipeline_stages\stage_3_anatomical_masks\golden\golden_golden_retriever_standing_side_profile_bing_00088_stage3_mask_XL.png,D:\sideview_pipeline_stages\stage_4_vton_renders\golden\golden_golden_retriever_standing_side_profile_bing_00088_stage4_vton_XL.png
215,golden_golden_retriever_standing_side_profile_bing_00089,Golden Retriever,89.7,14.7,13.8,51.6,80.1,L,1.043,Good Fit,D:\sideview_pipeline_stages\stage_1_3d_meshes\golden\golden_golden_retriever_standing_side_profile_bing_00089_stage1_mesh.obj,D:\sideview_pipeline_stages\stage_2_depth_maps\golden\golden_golden_retriever_standing_side_profile_bing_00089_stage2_depth.png,D:\sideview_pipeline_stages\stage_3_anatomical_masks\golden\golden_golden_retriever_standing_side_profile_bing_00089_stage3_mask_L.png,D:\sideview_pipeline_stages\stage_4_vton_renders\golden\golden_golden_retriever_standing_side_profile_bing_00089_stage4_vton_L.png
216,golden_golden_retriever_standing_side_profile_bing_00090,Golden Retriever,73.2,11.8,11.5,37.6,79.0,M,0.976,Good Fit,D:\sideview_pipeline_stages\stage_1_3d_meshes\golden\golden_golden_retriever_standing_side_profile_bing_00090_stage1_mesh.obj,D:\sideview_pipeline_stages\stage_2_depth_maps\golden\golden_golden_retriever_standing_side_profile_bing_00090_stage2_depth.png,D:\sideview_pipeline_stages\stage_3_anatomical_masks\golden\golden_golden_retriever_standing_side_profile_bing_00090_stage3_mask_M.png,D:\sideview_pipeline_stages\stage_4_vton_renders\golden\golden_golden_retriever_standing_side_profile_bing_00090_stage4_vton_M.png
217,golden_golden_retriever_standing_side_profile_bing_00091,Golden Retriever,96.3,16.1,14.5,96.1,75.9,XL,0.973,Good Fit,D:\sideview_pipeline_stages\stage_1_3d_meshes\golden\golden_golden_retriever_standing_side_profile_bing_00091_stage1_mesh.obj,D:\sideview_pipeline_stages\stage_2_depth_maps\golden\golden_golden_retriever_standing_side_profile_bing_00091_stage2_depth.png,D:\sideview_pipeline_stages\stage_3_anatomical_masks\golden\golden_golden_retriever_standing_side_profile_bing_00091_stage3_mask_XL.png,D:\sideview_pipeline_stages\stage_4_vton_renders\golden\golden_golden_retriever_standing_side_profile_bing_00091_stage4_vton_XL.png
218,golden_golden_retriever_standing_side_profile_bing_00092,Golden Retriever,95.3,15.6,14.7,26.8,59.6,XL,0.963,Good Fit,D:\sideview_pipeline_stages\stage_1_3d_meshes\golden\golden_golden_retriever_standing_side_profile_bing_00092_stage1_mesh.obj,D:\sideview_pipeline_stages\stage_2_depth_maps\golden\golden_golden_retriever_standing_side_profile_bing_00092_stage2_depth.png,D:\sideview_pipeline_stages\stage_3_anatomical_masks\golden\golden_golden_retriever_standing_side_profile_bing_00092_stage3_mask_XL.png,D:\sideview_pipeline_stages\stage_4_vton_renders\golden\golden_golden_retriever_standing_side_profile_bing_00092_stage4_vton_XL.png
219,golden_golden_retriever_standing_side_profile_bing_00093,Golden Retriever,84.4,13.9,13.0,54.2,68.1,L,0.981,Good Fit,D:\sideview_pipeline_stages\stage_1_3d_meshes\golden\golden_golden_retriever_standing_side_profile_bing_00093_stage1_mesh.obj,D:\sideview_pipeline_stages\stage_2_depth_maps\golden\golden_golden_retriever_standing_side_profile_bing_00093_stage2_depth.png,D:\sideview_pipeline_stages\stage_3_anatomical_masks\golden\golden_golden_retriever_standing_side_profile_bing_00093_stage3_mask_L.png,D:\sideview_pipeline_stages\stage_4_vton_renders\golden\golden_golden_retriever_standing_side_profile_bing_00093_stage4_vton_L.png
220,golden_golden_retriever_standing_side_profile_bing_00094,Golden Retriever,88.4,14.2,13.9,47.9,58.3,L,1.028,Good Fit,D:\sideview_pipeline_stages\stage_1_3d_meshes\golden\golden_golden_retriever_standing_side_profile_bing_00094_stage1_mesh.obj,D:\sideview_pipeline_stages\stage_2_depth_maps\golden\golden_golden_retriever_standing_side_profile_bing_00094_stage2_depth.png,D:\sideview_pipeline_stages\stage_3_anatomical_masks\golden\golden_golden_retriever_standing_side_profile_bing_00094_stage3_mask_L.png,D:\sideview_pipeline_stages\stage_4_vton_renders\golden\golden_golden_retriever_standing_side_profile_bing_00094_stage4_vton_L.png
221,golden_golden_retriever_standing_side_profile_bing_00095,Golden Retriever,77.5,13.2,11.4,104.0,62.1,M,1.033,Good Fit,D:\sideview_pipeline_stages\stage_1_3d_meshes\golden\golden_golden_retriever_standing_side_profile_bing_00095_stage1_mesh.obj,D:\sideview_pipeline_stages\stage_2_depth_maps\golden\golden_golden_retriever_standing_side_profile_bing_00095_stage2_depth.png,D:\sideview_pipeline_stages\stage_3_anatomical_masks\golden\golden_golden_retriever_standing_side_profile_bing_00095_stage3_mask_M.png,D:\sideview_pipeline_stages\stage_4_vton_renders\golden\golden_golden_retriever_standing_side_profile_bing_00095_stage4_vton_M.png
222,golden_golden_retriever_standing_side_profile_bing_00096,Golden Retriever,88.4,14.3,13.8,60.6,78.6,L,1.028,Good Fit,D:\sideview_pipeline_stages\stage_1_3d_meshes\golden\golden_golden_retriever_standing_side_profile_bing_00096_stage1_mesh.obj,D:\sideview_pipeline_stages\stage_2_depth_maps\golden\golden_golden_retriever_standing_side_profile_bing_00096_stage2_depth.png,D:\sideview_pipeline_stages\stage_3_anatomical_masks\golden\golden_golden_retriever_standing_side_profile_bing_00096_stage3_mask_L.png,D:\sideview_pipeline_stages\stage_4_vton_renders\golden\golden_golden_retriever_standing_side_profile_bing_00096_stage4_vton_L.png
223,golden_golden_retriever_standing_side_profile_bing_00097,Golden Retriever,69.7,11.2,11.0,143.5,47.4,M,0.929,Good Fit,D:\sideview_pipeline_stages\stage_1_3d_meshes\golden\golden_golden_retriever_standing_side_profile_bing_00097_stage1_mesh.obj,D:\sideview_pipeline_stages\stage_2_depth_maps\golden\golden_golden_retriever_standing_side_profile_bing_00097_stage2_depth.png,D:\sideview_pipeline_stages\stage_3_anatomical_masks\golden\golden_golden_retriever_standing_side_profile_bing_00097_stage3_mask_M.png,D:\sideview_pipeline_stages\stage_4_vton_renders\golden\golden_golden_retriever_standing_side_profile_bing_00097_stage4_vton_M.png
224,golden_golden_retriever_standing_side_profile_bing_00098,Golden Retriever,81.3,13.0,12.8,8.1,58.7,L,0.945,Good Fit,D:\sideview_pipeline_stages\stage_1_3d_meshes\golden\golden_golden_retriever_standing_side_profile_bing_00098_stage1_mesh.obj,D:\sideview_pipeline_stages\stage_2_depth_maps\golden\golden_golden_retriever_standing_side_profile_bing_00098_stage2_depth.png,D:\sideview_pipeline_stages\stage_3_anatomical_masks\golden\golden_golden_retriever_standing_side_profile_bing_00098_stage3_mask_L.png,D:\sideview_pipeline_stages\stage_4_vton_renders\golden\golden_golden_retriever_standing_side_profile_bing_00098_stage4_vton_L.png
225,golden_golden_retriever_standing_side_profile_bing_00099,Golden Retriever,138.3,26.8,16.6,44.8,68.4,XL,1.397,Tight,D:\sideview_pipeline_stages\stage_1_3d_meshes\golden\golden_golden_retriever_standing_side_profile_bing_00099_stage1_mesh.obj,D:\sideview_pipeline_stages\stage_2_depth_maps\golden\golden_golden_retriever_standing_side_profile_bing_00099_stage2_depth.png,D:\sideview_pipeline_stages\stage_3_anatomical_masks\golden\golden_golden_retriever_standing_side_profile_bing_00099_stage3_mask_XL.png,D:\sideview_pipeline_stages\stage_4_vton_renders\golden\golden_golden_retriever_standing_side_profile_bing_00099_stage4_vton_XL.png
226,golden_golden_retriever_standing_side_profile_bing_00100,Golden Retriever,170.3,30.1,23.9,67.4,82.3,XL,1.72,Tight,D:\sideview_pipeline_stages\stage_1_3d_meshes\golden\golden_golden_retriever_standing_side_profile_bing_00100_stage1_mesh.obj,D:\sideview_pipeline_stages\stage_2_depth_maps\golden\golden_golden_retriever_standing_side_profile_bing_00100_stage2_depth.png,D:\sideview_pipeline_stages\stage_3_anatomical_masks\golden\golden_golden_retriever_standing_side_profile_bing_00100_stage3_mask_XL.png,D:\sideview_pipeline_stages\stage_4_vton_renders\golden\golden_golden_retriever_standing_side_profile_bing_00100_stage4_vton_XL.png
227,golden_golden_retriever_standing_side_profile_bing_00101,Golden Retriever,99.1,15.9,15.6,60.7,79.3,XL,1.001,Good Fit,D:\sideview_pipeline_stages\stage_1_3d_meshes\golden\golden_golden_retriever_standing_side_profile_bing_00101_stage1_mesh.obj,D:\sideview_pipeline_stages\stage_2_depth_maps\golden\golden_golden_retriever_standing_side_profile_bing_00101_stage2_depth.png,D:\sideview_pipeline_stages\stage_3_anatomical_masks\golden\golden_golden_retriever_standing_side_profile_bing_00101_stage3_mask_XL.png,D:\sideview_pipeline_stages\stage_4_vton_renders\golden\golden_golden_retriever_standing_side_profile_bing_00101_stage4_vton_XL.png
228,golden_golden_retriever_standing_side_profile_bing_00102,Golden Retriever,79.4,13.1,12.2,57.8,77.4,M,1.059,Good Fit,D:\sideview_pipeline_stages\stage_1_3d_meshes\golden\golden_golden_retriever_standing_side_profile_bing_00102_stage1_mesh.obj,D:\sideview_pipeline_stages\stage_2_depth_maps\golden\golden_golden_retriever_standing_side_profile_bing_00102_stage2_depth.png,D:\sideview_pipeline_stages\stage_3_anatomical_masks\golden\golden_golden_retriever_standing_side_profile_bing_00102_stage3_mask_M.png,D:\sideview_pipeline_stages\stage_4_vton_renders\golden\golden_golden_retriever_standing_side_profile_bing_00102_stage4_vton_M.png
229,golden_golden_retriever_standing_side_profile_bing_00103,Golden Retriever,84.5,13.6,13.3,44.9,62.2,L,0.983,Good Fit,D:\sideview_pipeline_stages\stage_1_3d_meshes\golden\golden_golden_retriever_standing_side_profile_bing_00103_stage1_mesh.obj,D:\sideview_pipeline_stages\stage_2_depth_maps\golden\golden_golden_retriever_standing_side_profile_bing_00103_stage2_depth.png,D:\sideview_pipeline_stages\stage_3_anatomical_masks\golden\golden_golden_retriever_standing_side_profile_bing_00103_stage3_mask_L.png,D:\sideview_pipeline_stages\stage_4_vton_renders\golden\golden_golden_retriever_standing_side_profile_bing_00103_stage4_vton_L.png
230,golden_golden_retriever_standing_side_profile_bing_00104,Golden Retriever,95.7,15.4,15.0,40.3,62.3,XL,0.967,Good Fit,D:\sideview_pipeline_stages\stage_1_3d_meshes\golden\golden_golden_retriever_standing_side_profile_bing_00104_stage1_mesh.obj,D:\sideview_pipeline_stages\stage_2_depth_maps\golden\golden_golden_retriever_standing_side_profile_bing_00104_stage2_depth.png,D:\sideview_pipeline_stages\stage_3_anatomical_masks\golden\golden_golden_retriever_standing_side_profile_bing_00104_stage3_mask_XL.png,D:\sideview_pipeline_stages\stage_4_vton_renders\golden\golden_golden_retriever_standing_side_profile_bing_00104_stage4_vton_XL.png
231,golden_golden_retriever_standing_side_profile_bing_00105,Golden Retriever,116.2,19.2,17.8,66.0,70.8,XL,1.174,Tight,D:\sideview_pipeline_stages\stage_1_3d_meshes\golden\golden_golden_retriever_standing_side_profile_bing_00105_stage1_mesh.obj,D:\sideview_pipeline_stages\stage_2_depth_maps\golden\golden_golden_retriever_standing_side_profile_bing_00105_stage2_depth.png,D:\sideview_pipeline_stages\stage_3_anatomical_masks\golden\golden_golden_retriever_standing_side_profile_bing_00105_stage3_mask_XL.png,D:\sideview_pipeline_stages\stage_4_vton_renders\golden\golden_golden_retriever_standing_side_profile_bing_00105_stage4_vton_XL.png
232,golden_golden_retriever_standing_side_profile_bing_00106,Golden Retriever,142.2,26.7,18.2,51.0,72.1,XL,1.436,Tight,D:\sideview_pipeline_stages\stage_1_3d_meshes\golden\golden_golden_retriever_standing_side_profile_bing_00106_stage1_mesh.obj,D:\sideview_pipeline_stages\stage_2_depth_maps\golden\golden_golden_retriever_standing_side_profile_bing_00106_stage2_depth.png,D:\sideview_pipeline_stages\stage_3_anatomical_masks\golden\golden_golden_retriever_standing_side_profile_bing_00106_stage3_mask_XL.png,D:\sideview_pipeline_stages\stage_4_vton_renders\golden\golden_golden_retriever_standing_side_profile_bing_00106_stage4_vton_XL.png
233,golden_golden_retriever_standing_side_profile_bing_00107,Golden Retriever,77.6,12.7,12.0,54.1,81.6,M,1.035,Good Fit,D:\sideview_pipeline_stages\stage_1_3d_meshes\golden\golden_golden_retriever_standing_side_profile_bing_00107_stage1_mesh.obj,D:\sideview_pipeline_stages\stage_2_depth_maps\golden\golden_golden_retriever_standing_side_profile_bing_00107_stage2_depth.png,D:\sideview_pipeline_stages\stage_3_anatomical_masks\golden\golden_golden_retriever_standing_side_profile_bing_00107_stage3_mask_M.png,D:\sideview_pipeline_stages\stage_4_vton_renders\golden\golden_golden_retriever_standing_side_profile_bing_00107_stage4_vton_M.png
234,golden_golden_retriever_standing_side_profile_bing_00108,Golden Retriever,116.4,19.0,18.1,59.9,68.8,XL,1.176,Tight,D:\sideview_pipeline_stages\stage_1_3d_meshes\golden\golden_golden_retriever_standing_side_profile_bing_00108_stage1_mesh.obj,D:\sideview_pipeline_stages\stage_2_depth_maps\golden\golden_golden_retriever_standing_side_profile_bing_00108_stage2_depth.png,D:\sideview_pipeline_stages\stage_3_anatomical_masks\golden\golden_golden_retriever_standing_side_profile_bing_00108_stage3_mask_XL.png,D:\sideview_pipeline_stages\stage_4_vton_renders\golden\golden_golden_retriever_standing_side_profile_bing_00108_stage4_vton_XL.png
235,golden_golden_retriever_standing_side_profile_bing_00109,Golden Retriever,97.9,15.7,15.5,59.1,80.8,XL,0.989,Good Fit,D:\sideview_pipeline_stages\stage_1_3d_meshes\golden\golden_golden_retriever_standing_side_profile_bing_00109_stage1_mesh.obj,D:\sideview_pipeline_stages\stage_2_depth_maps\golden\golden_golden_retriever_standing_side_profile_bing_00109_stage2_depth.png,D:\sideview_pipeline_stages\stage_3_anatomical_masks\golden\golden_golden_retriever_standing_side_profile_bing_00109_stage3_mask_XL.png,D:\sideview_pipeline_stages\stage_4_vton_renders\golden\golden_golden_retriever_standing_side_profile_bing_00109_stage4_vton_XL.png
236,golden_golden_retriever_standing_side_profile_bing_00110,Golden Retriever,87.2,14.1,13.7,50.4,65.9,L,1.014,Good Fit,D:\sideview_pipeline_stages\stage_1_3d_meshes\golden\golden_golden_retriever_standing_side_profile_bing_00110_stage1_mesh.obj,D:\sideview_pipeline_stages\stage_2_depth_maps\golden\golden_golden_retriever_standing_side_profile_bing_00110_stage2_depth.png,D:\sideview_pipeline_stages\stage_3_anatomical_masks\golden\golden_golden_retriever_standing_side_profile_bing_00110_stage3_mask_L.png,D:\sideview_pipeline_stages\stage_4_vton_renders\golden\golden_golden_retriever_standing_side_profile_bing_00110_stage4_vton_L.png
237,golden_golden_retriever_standing_side_profile_bing_00111,Golden Retriever,89.5,14.3,14.2,52.8,70.9,L,1.041,Good Fit,D:\sideview_pipeline_stages\stage_1_3d_meshes\golden\golden_golden_retriever_standing_side_profile_bing_00111_stage1_mesh.obj,D:\sideview_pipeline_stages\stage_2_depth_maps\golden\golden_golden_retriever_standing_side_profile_bing_00111_stage2_depth.png,D:\sideview_pipeline_stages\stage_3_anatomical_masks\golden\golden_golden_retriever_standing_side_profile_bing_00111_stage3_mask_L.png,D:\sideview_pipeline_stages\stage_4_vton_renders\golden\golden_golden_retriever_standing_side_profile_bing_00111_stage4_vton_L.png
238,golden_golden_retriever_standing_side_profile_bing_00112,Golden Retriever,86.5,13.8,13.7,55.8,77.9,L,1.006,Good Fit,D:\sideview_pipeline_stages\stage_1_3d_meshes\golden\golden_golden_retriever_standing_side_profile_bing_00112_stage1_mesh.obj,D:\sideview_pipeline_stages\stage_2_depth_maps\golden\golden_golden_retriever_standing_side_profile_bing_00112_stage2_depth.png,D:\sideview_pipeline_stages\stage_3_anatomical_masks\golden\golden_golden_retriever_standing_side_profile_bing_00112_stage3_mask_L.png,D:\sideview_pipeline_stages\stage_4_vton_renders\golden\golden_golden_retriever_standing_side_profile_bing_00112_stage4_vton_L.png
239,golden_golden_retriever_standing_side_profile_bing_00113,Golden Retriever,85.8,13.7,13.6,130.7,64.6,L,0.998,Good Fit,D:\sideview_pipeline_stages\stage_1_3d_meshes\golden\golden_golden_retriever_standing_side_profile_bing_00113_stage1_mesh.obj,D:\sideview_pipeline_stages\stage_2_depth_maps\golden\golden_golden_retriever_standing_side_profile_bing_00113_stage2_depth.png,D:\sideview_pipeline_stages\stage_3_anatomical_masks\golden\golden_golden_retriever_standing_side_profile_bing_00113_stage3_mask_L.png,D:\sideview_pipeline_stages\stage_4_vton_renders\golden\golden_golden_retriever_standing_side_profile_bing_00113_stage4_vton_L.png
240,labrador_labrador_retriever_standing_side_profile_bing_00000,Labrador Retriever,122.9,24.1,14.3,49.1,66.2,XL,1.241,Tight,D:\sideview_pipeline_stages\stage_1_3d_meshes\labrador\labrador_labrador_retriever_standing_side_profile_bing_00000_stage1_mesh.obj,D:\sideview_pipeline_stages\stage_2_depth_maps\labrador\labrador_labrador_retriever_standing_side_profile_bing_00000_stage2_depth.png,D:\sideview_pipeline_stages\stage_3_anatomical_masks\labrador\labrador_labrador_retriever_standing_side_profile_bing_00000_stage3_mask_XL.png,D:\sideview_pipeline_stages\stage_4_vton_renders\labrador\labrador_labrador_retriever_standing_side_profile_bing_00000_stage4_vton_XL.png
241,labrador_labrador_retriever_standing_side_profile_bing_00001,Labrador Retriever,98.3,16.0,15.3,53.1,76.8,XL,0.993,Good Fit,D:\sideview_pipeline_stages\stage_1_3d_meshes\labrador\labrador_labrador_retriever_standing_side_profile_bing_00001_stage1_mesh.obj,D:\sideview_pipeline_stages\stage_2_depth_maps\labrador\labrador_labrador_retriever_standing_side_profile_bing_00001_stage2_depth.png,D:\sideview_pipeline_stages\stage_3_anatomical_masks\labrador\labrador_labrador_retriever_standing_side_profile_bing_00001_stage3_mask_XL.png,D:\sideview_pipeline_stages\stage_4_vton_renders\labrador\labrador_labrador_retriever_standing_side_profile_bing_00001_stage4_vton_XL.png
242,labrador_labrador_retriever_standing_side_profile_bing_00002,Labrador Retriever,98.7,16.3,15.1,46.2,83.4,XL,0.997,Good Fit,D:\sideview_pipeline_stages\stage_1_3d_meshes\labrador\labrador_labrador_retriever_standing_side_profile_bing_00002_stage1_mesh.obj,D:\sideview_pipeline_stages\stage_2_depth_maps\labrador\labrador_labrador_retriever_standing_side_profile_bing_00002_stage2_depth.png,D:\sideview_pipeline_stages\stage_3_anatomical_masks\labrador\labrador_labrador_retriever_standing_side_profile_bing_00002_stage3_mask_XL.png,D:\sideview_pipeline_stages\stage_4_vton_renders\labrador\labrador_labrador_retriever_standing_side_profile_bing_00002_stage4_vton_XL.png
243,labrador_labrador_retriever_standing_side_profile_bing_00003,Labrador Retriever,92.5,15.0,14.4,47.5,68.6,L,1.076,Tight,D:\sideview_pipeline_stages\stage_1_3d_meshes\labrador\labrador_labrador_retriever_standing_side_profile_bing_00003_stage1_mesh.obj,D:\sideview_pipeline_stages\stage_2_depth_maps\labrador\labrador_labrador_retriever_standing_side_profile_bing_00003_stage2_depth.png,D:\sideview_pipeline_stages\stage_3_anatomical_masks\labrador\labrador_labrador_retriever_standing_side_profile_bing_00003_stage3_mask_L.png,D:\sideview_pipeline_stages\stage_4_vton_renders\labrador\labrador_labrador_retriever_standing_side_profile_bing_00003_stage4_vton_L.png
244,labrador_labrador_retriever_standing_side_profile_bing_00004,Labrador Retriever,98.1,16.0,15.2,47.1,67.8,XL,0.991,Good Fit,D:\sideview_pipeline_stages\stage_1_3d_meshes\labrador\labrador_labrador_retriever_standing_side_profile_bing_00004_stage1_mesh.obj,D:\sideview_pipeline_stages\stage_2_depth_maps\labrador\labrador_labrador_retriever_standing_side_profile_bing_00004_stage2_depth.png,D:\sideview_pipeline_stages\stage_3_anatomical_masks\labrador\labrador_labrador_retriever_standing_side_profile_bing_00004_stage3_mask_XL.png,D:\sideview_pipeline_stages\stage_4_vton_renders\labrador\labrador_labrador_retriever_standing_side_profile_bing_00004_stage4_vton_XL.png
245,labrador_labrador_retriever_standing_side_profile_bing_00005,Labrador Retriever,90.1,14.4,14.3,55.6,68.5,L,1.048,Good Fit,D:\sideview_pipeline_stages\stage_1_3d_meshes\labrador\labrador_labrador_retriever_standing_side_profile_bing_00005_stage1_mesh.obj,D:\sideview_pipeline_stages\stage_2_depth_maps\labrador\labrador_labrador_retriever_standing_side_profile_bing_00005_stage2_depth.png,D:\sideview_pipeline_stages\stage_3_anatomical_masks\labrador\labrador_labrador_retriever_standing_side_profile_bing_00005_stage3_mask_L.png,D:\sideview_pipeline_stages\stage_4_vton_renders\labrador\labrador_labrador_retriever_standing_side_profile_bing_00005_stage4_vton_L.png
246,labrador_labrador_retriever_standing_side_profile_bing_00006,Labrador Retriever,88.5,14.7,13.5,62.9,84.4,L,1.029,Good Fit,D:\sideview_pipeline_stages\stage_1_3d_meshes\labrador\labrador_labrador_retriever_standing_side_profile_bing_00006_stage1_mesh.obj,D:\sideview_pipeline_stages\stage_2_depth_maps\labrador\labrador_labrador_retriever_standing_side_profile_bing_00006_stage2_depth.png,D:\sideview_pipeline_stages\stage_3_anatomical_masks\labrador\labrador_labrador_retriever_standing_side_profile_bing_00006_stage3_mask_L.png,D:\sideview_pipeline_stages\stage_4_vton_renders\labrador\labrador_labrador_retriever_standing_side_profile_bing_00006_stage4_vton_L.png
247,labrador_labrador_retriever_standing_side_profile_bing_00007,Labrador Retriever,99.1,16.1,15.4,44.2,68.5,XL,1.001,Good Fit,D:\sideview_pipeline_stages\stage_1_3d_meshes\labrador\labrador_labrador_retriever_standing_side_profile_bing_00007_stage1_mesh.obj,D:\sideview_pipeline_stages\stage_2_depth_maps\labrador\labrador_labrador_retriever_standing_side_profile_bing_00007_stage2_depth.png,D:\sideview_pipeline_stages\stage_3_anatomical_masks\labrador\labrador_labrador_retriever_standing_side_profile_bing_00007_stage3_mask_XL.png,D:\sideview_pipeline_stages\stage_4_vton_renders\labrador\labrador_labrador_retriever_standing_side_profile_bing_00007_stage4_vton_XL.png
248,labrador_labrador_retriever_standing_side_profile_bing_00008,Labrador Retriever,101.1,16.2,16.0,41.6,66.6,XL,1.021,Good Fit,D:\sideview_pipeline_stages\stage_1_3d_meshes\labrador\labrador_labrador_retriever_standing_side_profile_bing_00008_stage1_mesh.obj,D:\sideview_pipeline_stages\stage_2_depth_maps\labrador\labrador_labrador_retriever_standing_side_profile_bing_00008_stage2_depth.png,D:\sideview_pipeline_stages\stage_3_anatomical_masks\labrador\labrador_labrador_retriever_standing_side_profile_bing_00008_stage3_mask_XL.png,D:\sideview_pipeline_stages\stage_4_vton_renders\labrador\labrador_labrador_retriever_standing_side_profile_bing_00008_stage4_vton_XL.png
249,labrador_labrador_retriever_standing_side_profile_bing_00009,Labrador Retriever,120.8,24.8,12.7,51.5,66.7,XL,1.22,Tight,D:\sideview_pipeline_stages\stage_1_3d_meshes\labrador\labrador_labrador_retriever_standing_side_profile_bing_00009_stage1_mesh.obj,D:\sideview_pipeline_stages\stage_2_depth_maps\labrador\labrador_labrador_retriever_standing_side_profile_bing_00009_stage2_depth.png,D:\sideview_pipeline_stages\stage_3_anatomical_masks\labrador\labrador_labrador_retriever_standing_side_profile_bing_00009_stage3_mask_XL.png,D:\sideview_pipeline_stages\stage_4_vton_renders\labrador\labrador_labrador_retriever_standing_side_profile_bing_00009_stage4_vton_XL.png
250,labrador_labrador_retriever_standing_side_profile_bing_00010,Labrador Retriever,135.0,22.3,20.6,58.7,76.7,XL,1.364,Tight,D:\sideview_pipeline_stages\stage_1_3d_meshes\labrador\labrador_labrador_retriever_standing_side_profile_bing_00010_stage1_mesh.obj,D:\sideview_pipeline_stages\stage_2_depth_maps\labrador\labrador_labrador_retriever_standing_side_profile_bing_00010_stage2_depth.png,D:\sideview_pipeline_stages\stage_3_anatomical_masks\labrador\labrador_labrador_retriever_standing_side_profile_bing_00010_stage3_mask_XL.png,D:\sideview_pipeline_stages\stage_4_vton_renders\labrador\labrador_labrador_retriever_standing_side_profile_bing_00010_stage4_vton_XL.png
251,labrador_labrador_retriever_standing_side_profile_bing_00011,Labrador Retriever,89.2,14.3,14.1,56.0,78.9,L,1.037,Good Fit,D:\sideview_pipeline_stages\stage_1_3d_meshes\labrador\labrador_labrador_retriever_standing_side_profile_bing_00011_stage1_mesh.obj,D:\sideview_pipeline_stages\stage_2_depth_maps\labrador\labrador_labrador_retriever_standing_side_profile_bing_00011_stage2_depth.png,D:\sideview_pipeline_stages\stage_3_anatomical_masks\labrador\labrador_labrador_retriever_standing_side_profile_bing_00011_stage3_mask_L.png,D:\sideview_pipeline_stages\stage_4_vton_renders\labrador\labrador_labrador_retriever_standing_side_profile_bing_00011_stage4_vton_L.png
252,labrador_labrador_retriever_standing_side_profile_bing_00012,Labrador Retriever,87.1,15.1,12.6,42.2,88.7,L,1.013,Good Fit,D:\sideview_pipeline_stages\stage_1_3d_meshes\labrador\labrador_labrador_retriever_standing_side_profile_bing_00012_stage1_mesh.obj,D:\sideview_pipeline_stages\stage_2_depth_maps\labrador\labrador_labrador_retriever_standing_side_profile_bing_00012_stage2_depth.png,D:\sideview_pipeline_stages\stage_3_anatomical_masks\labrador\labrador_labrador_retriever_standing_side_profile_bing_00012_stage3_mask_L.png,D:\sideview_pipeline_stages\stage_4_vton_renders\labrador\labrador_labrador_retriever_standing_side_profile_bing_00012_stage4_vton_L.png
253,labrador_labrador_retriever_standing_side_profile_bing_00013,Labrador Retriever,89.0,14.8,13.5,64.0,86.4,L,1.035,Good Fit,D:\sideview_pipeline_stages\stage_1_3d_meshes\labrador\labrador_labrador_retriever_standing_side_profile_bing_00013_stage1_mesh.obj,D:\sideview_pipeline_stages\stage_2_depth_maps\labrador\labrador_labrador_retriever_standing_side_profile_bing_00013_stage2_depth.png,D:\sideview_pipeline_stages\stage_3_anatomical_masks\labrador\labrador_labrador_retriever_standing_side_profile_bing_00013_stage3_mask_L.png,D:\sideview_pipeline_stages\stage_4_vton_renders\labrador\labrador_labrador_retriever_standing_side_profile_bing_00013_stage4_vton_L.png
254,labrador_labrador_retriever_standing_side_profile_bing_00014,Labrador Retriever,96.1,15.5,15.1,58.2,75.5,XL,0.971,Good Fit,D:\sideview_pipeline_stages\stage_1_3d_meshes\labrador\labrador_labrador_retriever_standing_side_profile_bing_00014_stage1_mesh.obj,D:\sideview_pipeline_stages\stage_2_depth_maps\labrador\labrador_labrador_retriever_standing_side_profile_bing_00014_stage2_depth.png,D:\sideview_pipeline_stages\stage_3_anatomical_masks\labrador\labrador_labrador_retriever_standing_side_profile_bing_00014_stage3_mask_XL.png,D:\sideview_pipeline_stages\stage_4_vton_renders\labrador\labrador_labrador_retriever_standing_side_profile_bing_00014_stage4_vton_XL.png
255,labrador_labrador_retriever_standing_side_profile_bing_00015,Labrador Retriever,93.1,15.4,14.2,59.2,83.5,XL,0.94,Good Fit,D:\sideview_pipeline_stages\stage_1_3d_meshes\labrador\labrador_labrador_retriever_standing_side_profile_bing_00015_stage1_mesh.obj,D:\sideview_pipeline_stages\stage_2_depth_maps\labrador\labrador_labrador_retriever_standing_side_profile_bing_00015_stage2_depth.png,D:\sideview_pipeline_stages\stage_3_anatomical_masks\labrador\labrador_labrador_retriever_standing_side_profile_bing_00015_stage3_mask_XL.png,D:\sideview_pipeline_stages\stage_4_vton_renders\labrador\labrador_labrador_retriever_standing_side_profile_bing_00015_stage4_vton_XL.png
256,labrador_labrador_retriever_standing_side_profile_bing_00016,Labrador Retriever,91.2,14.6,14.4,43.0,62.5,L,1.06,Tight,D:\sideview_pipeline_stages\stage_1_3d_meshes\labrador\labrador_labrador_retriever_standing_side_profile_bing_00016_stage1_mesh.obj,D:\sideview_pipeline_stages\stage_2_depth_maps\labrador\labrador_labrador_retriever_standing_side_profile_bing_00016_stage2_depth.png,D:\sideview_pipeline_stages\stage_3_anatomical_masks\labrador\labrador_labrador_retriever_standing_side_profile_bing_00016_stage3_mask_L.png,D:\sideview_pipeline_stages\stage_4_vton_renders\labrador\labrador_labrador_retriever_standing_side_profile_bing_00016_stage4_vton_L.png
257,labrador_labrador_retriever_standing_side_profile_bing_00017,Labrador Retriever,91.8,14.8,14.4,52.8,71.8,L,1.067,Tight,D:\sideview_pipeline_stages\stage_1_3d_meshes\labrador\labrador_labrador_retriever_standing_side_profile_bing_00017_stage1_mesh.obj,D:\sideview_pipeline_stages\stage_2_depth_maps\labrador\labrador_labrador_retriever_standing_side_profile_bing_00017_stage2_depth.png,D:\sideview_pipeline_stages\stage_3_anatomical_masks\labrador\labrador_labrador_retriever_standing_side_profile_bing_00017_stage3_mask_L.png,D:\sideview_pipeline_stages\stage_4_vton_renders\labrador\labrador_labrador_retriever_standing_side_profile_bing_00017_stage4_vton_L.png
258,labrador_labrador_retriever_standing_side_profile_bing_00018,Labrador Retriever,100.7,16.2,15.8,54.7,77.4,XL,1.017,Good Fit,D:\sideview_pipeline_stages\stage_1_3d_meshes\labrador\labrador_labrador_retriever_standing_side_profile_bing_00018_stage1_mesh.obj,D:\sideview_pipeline_stages\stage_2_depth_maps\labrador\labrador_labrador_retriever_standing_side_profile_bing_00018_stage2_depth.png,D:\sideview_pipeline_stages\stage_3_anatomical_masks\labrador\labrador_labrador_retriever_standing_side_profile_bing_00018_stage3_mask_XL.png,D:\sideview_pipeline_stages\stage_4_vton_renders\labrador\labrador_labrador_retriever_standing_side_profile_bing_00018_stage4_vton_XL.png
259,labrador_labrador_retriever_standing_side_profile_bing_00019,Labrador Retriever,92.6,15.6,13.9,53.5,73.7,XL,0.935,Good Fit,D:\sideview_pipeline_stages\stage_1_3d_meshes\labrador\labrador_labrador_retriever_standing_side_profile_bing_00019_stage1_mesh.obj,D:\sideview_pipeline_stages\stage_2_depth_maps\labrador\labrador_labrador_retriever_standing_side_profile_bing_00019_stage2_depth.png,D:\sideview_pipeline_stages\stage_3_anatomical_masks\labrador\labrador_labrador_retriever_standing_side_profile_bing_00019_stage3_mask_XL.png,D:\sideview_pipeline_stages\stage_4_vton_renders\labrador\labrador_labrador_retriever_standing_side_profile_bing_00019_stage4_vton_XL.png
260,labrador_labrador_retriever_standing_side_profile_bing_00020,Labrador Retriever,91.1,14.6,14.3,57.5,75.8,L,1.059,Tight,D:\sideview_pipeline_stages\stage_1_3d_meshes\labrador\labrador_labrador_retriever_standing_side_profile_bing_00020_stage1_mesh.obj,D:\sideview_pipeline_stages\stage_2_depth_maps\labrador\labrador_labrador_retriever_standing_side_profile_bing_00020_stage2_depth.png,D:\sideview_pipeline_stages\stage_3_anatomical_masks\labrador\labrador_labrador_retriever_standing_side_profile_bing_00020_stage3_mask_L.png,D:\sideview_pipeline_stages\stage_4_vton_renders\labrador\labrador_labrador_retriever_standing_side_profile_bing_00020_stage4_vton_L.png
261,labrador_labrador_retriever_standing_side_profile_bing_00021,Labrador Retriever,98.5,16.2,15.2,46.6,70.3,XL,0.995,Good Fit,D:\sideview_pipeline_stages\stage_1_3d_meshes\labrador\labrador_labrador_retriever_standing_side_profile_bing_00021_stage1_mesh.obj,D:\sideview_pipeline_stages\stage_2_depth_maps\labrador\labrador_labrador_retriever_standing_side_profile_bing_00021_stage2_depth.png,D:\sideview_pipeline_stages\stage_3_anatomical_masks\labrador\labrador_labrador_retriever_standing_side_profile_bing_00021_stage3_mask_XL.png,D:\sideview_pipeline_stages\stage_4_vton_renders\labrador\labrador_labrador_retriever_standing_side_profile_bing_00021_stage4_vton_XL.png
262,labrador_labrador_retriever_standing_side_profile_bing_00022,Labrador Retriever,102.4,16.9,15.7,88.5,73.0,XL,1.034,Good Fit,D:\sideview_pipeline_stages\stage_1_3d_meshes\labrador\labrador_labrador_retriever_standing_side_profile_bing_00022_stage1_mesh.obj,D:\sideview_pipeline_stages\stage_2_depth_maps\labrador\labrador_labrador_retriever_standing_side_profile_bing_00022_stage2_depth.png,D:\sideview_pipeline_stages\stage_3_anatomical_masks\labrador\labrador_labrador_retriever_standing_side_profile_bing_00022_stage3_mask_XL.png,D:\sideview_pipeline_stages\stage_4_vton_renders\labrador\labrador_labrador_retriever_standing_side_profile_bing_00022_stage4_vton_XL.png
263,labrador_labrador_retriever_standing_side_profile_bing_00023,Labrador Retriever,92.3,15.5,13.8,21.0,67.6,L,1.073,Tight,D:\sideview_pipeline_stages\stage_1_3d_meshes\labrador\labrador_labrador_retriever_standing_side_profile_bing_00023_stage1_mesh.obj,D:\sideview_pipeline_stages\stage_2_depth_maps\labrador\labrador_labrador_retriever_standing_side_profile_bing_00023_stage2_depth.png,D:\sideview_pipeline_stages\stage_3_anatomical_masks\labrador\labrador_labrador_retriever_standing_side_profile_bing_00023_stage3_mask_L.png,D:\sideview_pipeline_stages\stage_4_vton_renders\labrador\labrador_labrador_retriever_standing_side_profile_bing_00023_stage4_vton_L.png
264,labrador_labrador_retriever_standing_side_profile_bing_00024,Labrador Retriever,84.2,13.6,13.2,55.0,73.7,L,0.979,Good Fit,D:\sideview_pipeline_stages\stage_1_3d_meshes\labrador\labrador_labrador_retriever_standing_side_profile_bing_00024_stage1_mesh.obj,D:\sideview_pipeline_stages\stage_2_depth_maps\labrador\labrador_labrador_retriever_standing_side_profile_bing_00024_stage2_depth.png,D:\sideview_pipeline_stages\stage_3_anatomical_masks\labrador\labrador_labrador_retriever_standing_side_profile_bing_00024_stage3_mask_L.png,D:\sideview_pipeline_stages\stage_4_vton_renders\labrador\labrador_labrador_retriever_standing_side_profile_bing_00024_stage4_vton_L.png
265,labrador_labrador_retriever_standing_side_profile_bing_00025,Labrador Retriever,95.1,15.5,14.7,55.8,85.8,XL,0.961,Good Fit,D:\sideview_pipeline_stages\stage_1_3d_meshes\labrador\labrador_labrador_retriever_standing_side_profile_bing_00025_stage1_mesh.obj,D:\sideview_pipeline_stages\stage_2_depth_maps\labrador\labrador_labrador_retriever_standing_side_profile_bing_00025_stage2_depth.png,D:\sideview_pipeline_stages\stage_3_anatomical_masks\labrador\labrador_labrador_retriever_standing_side_profile_bing_00025_stage3_mask_XL.png,D:\sideview_pipeline_stages\stage_4_vton_renders\labrador\labrador_labrador_retriever_standing_side_profile_bing_00025_stage4_vton_XL.png
266,labrador_labrador_retriever_standing_side_profile_bing_00026,Labrador Retriever,94.8,15.5,14.7,9.1,58.2,XL,0.958,Good Fit,D:\sideview_pipeline_stages\stage_1_3d_meshes\labrador\labrador_labrador_retriever_standing_side_profile_bing_00026_stage1_mesh.obj,D:\sideview_pipeline_stages\stage_2_depth_maps\labrador\labrador_labrador_retriever_standing_side_profile_bing_00026_stage2_depth.png,D:\sideview_pipeline_stages\stage_3_anatomical_masks\labrador\labrador_labrador_retriever_standing_side_profile_bing_00026_stage3_mask_XL.png,D:\sideview_pipeline_stages\stage_4_vton_renders\labrador\labrador_labrador_retriever_standing_side_profile_bing_00026_stage4_vton_XL.png
267,labrador_labrador_retriever_standing_side_profile_bing_00027,Labrador Retriever,90.1,14.4,14.3,38.8,80.5,L,1.048,Good Fit,D:\sideview_pipeline_stages\stage_1_3d_meshes\labrador\labrador_labrador_retriever_standing_side_profile_bing_00027_stage1_mesh.obj,D:\sideview_pipeline_stages\stage_2_depth_maps\labrador\labrador_labrador_retriever_standing_side_profile_bing_00027_stage2_depth.png,D:\sideview_pipeline_stages\stage_3_anatomical_masks\labrador\labrador_labrador_retriever_standing_side_profile_bing_00027_stage3_mask_L.png,D:\sideview_pipeline_stages\stage_4_vton_renders\labrador\labrador_labrador_retriever_standing_side_profile_bing_00027_stage4_vton_L.png
268,labrador_labrador_retriever_standing_side_profile_bing_00028,Labrador Retriever,93.3,15.1,14.6,57.3,76.8,XL,0.942,Good Fit,D:\sideview_pipeline_stages\stage_1_3d_meshes\labrador\labrador_labrador_retriever_standing_side_profile_bing_00028_stage1_mesh.obj,D:\sideview_pipeline_stages\stage_2_depth_maps\labrador\labrador_labrador_retriever_standing_side_profile_bing_00028_stage2_depth.png,D:\sideview_pipeline_stages\stage_3_anatomical_masks\labrador\labrador_labrador_retriever_standing_side_profile_bing_00028_stage3_mask_XL.png,D:\sideview_pipeline_stages\stage_4_vton_renders\labrador\labrador_labrador_retriever_standing_side_profile_bing_00028_stage4_vton_XL.png
269,labrador_labrador_retriever_standing_side_profile_bing_00029,Labrador Retriever,103.4,16.9,16.0,35.6,52.4,XL,1.044,Good Fit,D:\sideview_pipeline_stages\stage_1_3d_meshes\labrador\labrador_labrador_retriever_standing_side_profile_bing_00029_stage1_mesh.obj,D:\sideview_pipeline_stages\stage_2_depth_maps\labrador\labrador_labrador_retriever_standing_side_profile_bing_00029_stage2_depth.png,D:\sideview_pipeline_stages\stage_3_anatomical_masks\labrador\labrador_labrador_retriever_standing_side_profile_bing_00029_stage3_mask_XL.png,D:\sideview_pipeline_stages\stage_4_vton_renders\labrador\labrador_labrador_retriever_standing_side_profile_bing_00029_stage4_vton_XL.png
270,labrador_labrador_retriever_standing_side_profile_bing_00030,Labrador Retriever,78.8,12.7,12.3,110.4,75.5,M,1.051,Good Fit,D:\sideview_pipeline_stages\stage_1_3d_meshes\labrador\labrador_labrador_retriever_standing_side_profile_bing_00030_stage1_mesh.obj,D:\sideview_pipeline_stages\stage_2_depth_maps\labrador\labrador_labrador_retriever_standing_side_profile_bing_00030_stage2_depth.png,D:\sideview_pipeline_stages\stage_3_anatomical_masks\labrador\labrador_labrador_retriever_standing_side_profile_bing_00030_stage3_mask_M.png,D:\sideview_pipeline_stages\stage_4_vton_renders\labrador\labrador_labrador_retriever_standing_side_profile_bing_00030_stage4_vton_M.png
271,labrador_labrador_retriever_standing_side_profile_bing_00031,Labrador Retriever,110.8,17.9,17.3,43.9,78.4,XL,1.119,Tight,D:\sideview_pipeline_stages\stage_1_3d_meshes\labrador\labrador_labrador_retriever_standing_side_profile_bing_00031_stage1_mesh.obj,D:\sideview_pipeline_stages\stage_2_depth_maps\labrador\labrador_labrador_retriever_standing_side_profile_bing_00031_stage2_depth.png,D:\sideview_pipeline_stages\stage_3_anatomical_masks\labrador\labrador_labrador_retriever_standing_side_profile_bing_00031_stage3_mask_XL.png,D:\sideview_pipeline_stages\stage_4_vton_renders\labrador\labrador_labrador_retriever_standing_side_profile_bing_00031_stage4_vton_XL.png
272,labrador_labrador_retriever_standing_side_profile_bing_00032,Labrador Retriever,92.4,14.7,14.7,48.1,59.1,L,1.074,Tight,D:\sideview_pipeline_stages\stage_1_3d_meshes\labrador\labrador_labrador_retriever_standing_side_profile_bing_00032_stage1_mesh.obj,D:\sideview_pipeline_stages\stage_2_depth_maps\labrador\labrador_labrador_retriever_standing_side_profile_bing_00032_stage2_depth.png,D:\sideview_pipeline_stages\stage_3_anatomical_masks\labrador\labrador_labrador_retriever_standing_side_profile_bing_00032_stage3_mask_L.png,D:\sideview_pipeline_stages\stage_4_vton_renders\labrador\labrador_labrador_retriever_standing_side_profile_bing_00032_stage4_vton_L.png
273,labrador_labrador_retriever_standing_side_profile_bing_00033,Labrador Retriever,97.3,16.7,14.2,50.9,73.3,XL,0.983,Good Fit,D:\sideview_pipeline_stages\stage_1_3d_meshes\labrador\labrador_labrador_retriever_standing_side_profile_bing_00033_stage1_mesh.obj,D:\sideview_pipeline_stages\stage_2_depth_maps\labrador\labrador_labrador_retriever_standing_side_profile_bing_00033_stage2_depth.png,D:\sideview_pipeline_stages\stage_3_anatomical_masks\labrador\labrador_labrador_retriever_standing_side_profile_bing_00033_stage3_mask_XL.png,D:\sideview_pipeline_stages\stage_4_vton_renders\labrador\labrador_labrador_retriever_standing_side_profile_bing_00033_stage4_vton_XL.png
274,labrador_labrador_retriever_standing_side_profile_bing_00034,Labrador Retriever,99.2,16.2,15.4,60.5,71.9,XL,1.002,Good Fit,D:\sideview_pipeline_stages\stage_1_3d_meshes\labrador\labrador_labrador_retriever_standing_side_profile_bing_00034_stage1_mesh.obj,D:\sideview_pipeline_stages\stage_2_depth_maps\labrador\labrador_labrador_retriever_standing_side_profile_bing_00034_stage2_depth.png,D:\sideview_pipeline_stages\stage_3_anatomical_masks\labrador\labrador_labrador_retriever_standing_side_profile_bing_00034_stage3_mask_XL.png,D:\sideview_pipeline_stages\stage_4_vton_renders\labrador\labrador_labrador_retriever_standing_side_profile_bing_00034_stage4_vton_XL.png
275,labrador_labrador_retriever_standing_side_profile_bing_00035,Labrador Retriever,90.0,14.4,14.2,54.1,67.6,L,1.047,Good Fit,D:\sideview_pipeline_stages\stage_1_3d_meshes\labrador\labrador_labrador_retriever_standing_side_profile_bing_00035_stage1_mesh.obj,D:\sideview_pipeline_stages\stage_2_depth_maps\labrador\labrador_labrador_retriever_standing_side_profile_bing_00035_stage2_depth.png,D:\sideview_pipeline_stages\stage_3_anatomical_masks\labrador\labrador_labrador_retriever_standing_side_profile_bing_00035_stage3_mask_L.png,D:\sideview_pipeline_stages\stage_4_vton_renders\labrador\labrador_labrador_retriever_standing_side_profile_bing_00035_stage4_vton_L.png
276,labrador_labrador_retriever_standing_side_profile_bing_00036,Labrador Retriever,86.3,14.3,13.2,55.3,81.5,L,1.003,Good Fit,D:\sideview_pipeline_stages\stage_1_3d_meshes\labrador\labrador_labrador_retriever_standing_side_profile_bing_00036_stage1_mesh.obj,D:\sideview_pipeline_stages\stage_2_depth_maps\labrador\labrador_labrador_retriever_standing_side_profile_bing_00036_stage2_depth.png,D:\sideview_pipeline_stages\stage_3_anatomical_masks\labrador\labrador_labrador_retriever_standing_side_profile_bing_00036_stage3_mask_L.png,D:\sideview_pipeline_stages\stage_4_vton_renders\labrador\labrador_labrador_retriever_standing_side_profile_bing_00036_stage4_vton_L.png
277,labrador_labrador_retriever_standing_side_profile_bing_00037,Labrador Retriever,91.7,14.9,14.2,33.1,65.3,L,1.066,Tight,D:\sideview_pipeline_stages\stage_1_3d_meshes\labrador\labrador_labrador_retriever_standing_side_profile_bing_00037_stage1_mesh.obj,D:\sideview_pipeline_stages\stage_2_depth_maps\labrador\labrador_labrador_retriever_standing_side_profile_bing_00037_stage2_depth.png,D:\sideview_pipeline_stages\stage_3_anatomical_masks\labrador\labrador_labrador_retriever_standing_side_profile_bing_00037_stage3_mask_L.png,D:\sideview_pipeline_stages\stage_4_vton_renders\labrador\labrador_labrador_retriever_standing_side_profile_bing_00037_stage4_vton_L.png
278,labrador_labrador_retriever_standing_side_profile_bing_00038,Labrador Retriever,94.1,15.6,14.3,59.5,76.7,XL,0.951,Good Fit,D:\sideview_pipeline_stages\stage_1_3d_meshes\labrador\labrador_labrador_retriever_standing_side_profile_bing_00038_stage1_mesh.obj,D:\sideview_pipeline_stages\stage_2_depth_maps\labrador\labrador_labrador_retriever_standing_side_profile_bing_00038_stage2_depth.png,D:\sideview_pipeline_stages\stage_3_anatomical_masks\labrador\labrador_labrador_retriever_standing_side_profile_bing_00038_stage3_mask_XL.png,D:\sideview_pipeline_stages\stage_4_vton_renders\labrador\labrador_labrador_retriever_standing_side_profile_bing_00038_stage4_vton_XL.png
279,labrador_labrador_retriever_standing_side_profile_bing_00039,Labrador Retriever,89.4,14.3,14.2,58.8,69.2,L,1.04,Good Fit,D:\sideview_pipeline_stages\stage_1_3d_meshes\labrador\labrador_labrador_retriever_standing_side_profile_bing_00039_stage1_mesh.obj,D:\sideview_pipeline_stages\stage_2_depth_maps\labrador\labrador_labrador_retriever_standing_side_profile_bing_00039_stage2_depth.png,D:\sideview_pipeline_stages\stage_3_anatomical_masks\labrador\labrador_labrador_retriever_standing_side_profile_bing_00039_stage3_mask_L.png,D:\sideview_pipeline_stages\stage_4_vton_renders\labrador\labrador_labrador_retriever_standing_side_profile_bing_00039_stage4_vton_L.png
280,labrador_labrador_retriever_standing_side_profile_bing_00040,Labrador Retriever,94.6,15.3,14.8,62.0,81.0,XL,0.956,Good Fit,D:\sideview_pipeline_stages\stage_1_3d_meshes\labrador\labrador_labrador_retriever_standing_side_profile_bing_00040_stage1_mesh.obj,D:\sideview_pipeline_stages\stage_2_depth_maps\labrador\labrador_labrador_retriever_standing_side_profile_bing_00040_stage2_depth.png,D:\sideview_pipeline_stages\stage_3_anatomical_masks\labrador\labrador_labrador_retriever_standing_side_profile_bing_00040_stage3_mask_XL.png,D:\sideview_pipeline_stages\stage_4_vton_renders\labrador\labrador_labrador_retriever_standing_side_profile_bing_00040_stage4_vton_XL.png
281,labrador_labrador_retriever_standing_side_profile_bing_00041,Labrador Retriever,109.8,18.3,16.7,53.1,75.2,XL,1.109,Tight,D:\sideview_pipeline_stages\stage_1_3d_meshes\labrador\labrador_labrador_retriever_standing_side_profile_bing_00041_stage1_mesh.obj,D:\sideview_pipeline_stages\stage_2_depth_maps\labrador\labrador_labrador_retriever_standing_side_profile_bing_00041_stage2_depth.png,D:\sideview_pipeline_stages\stage_3_anatomical_masks\labrador\labrador_labrador_retriever_standing_side_profile_bing_00041_stage3_mask_XL.png,D:\sideview_pipeline_stages\stage_4_vton_renders\labrador\labrador_labrador_retriever_standing_side_profile_bing_00041_stage4_vton_XL.png
282,labrador_labrador_retriever_standing_side_profile_bing_00042,Labrador Retriever,87.6,14.5,13.4,63.1,85.6,L,1.019,Good Fit,D:\sideview_pipeline_stages\stage_1_3d_meshes\labrador\labrador_labrador_retriever_standing_side_profile_bing_00042_stage1_mesh.obj,D:\sideview_pipeline_stages\stage_2_depth_maps\labrador\labrador_labrador_retriever_standing_side_profile_bing_00042_stage2_depth.png,D:\sideview_pipeline_stages\stage_3_anatomical_masks\labrador\labrador_labrador_retriever_standing_side_profile_bing_00042_stage3_mask_L.png,D:\sideview_pipeline_stages\stage_4_vton_renders\labrador\labrador_labrador_retriever_standing_side_profile_bing_00042_stage4_vton_L.png
283,labrador_labrador_retriever_standing_side_profile_bing_00043,Labrador Retriever,91.4,14.7,14.4,59.2,78.6,L,1.063,Tight,D:\sideview_pipeline_stages\stage_1_3d_meshes\labrador\labrador_labrador_retriever_standing_side_profile_bing_00043_stage1_mesh.obj,D:\sideview_pipeline_stages\stage_2_depth_maps\labrador\labrador_labrador_retriever_standing_side_profile_bing_00043_stage2_depth.png,D:\sideview_pipeline_stages\stage_3_anatomical_masks\labrador\labrador_labrador_retriever_standing_side_profile_bing_00043_stage3_mask_L.png,D:\sideview_pipeline_stages\stage_4_vton_renders\labrador\labrador_labrador_retriever_standing_side_profile_bing_00043_stage4_vton_L.png
284,labrador_labrador_retriever_standing_side_profile_bing_00044,Labrador Retriever,83.5,13.9,12.7,53.9,75.3,L,0.971,Good Fit,D:\sideview_pipeline_stages\stage_1_3d_meshes\labrador\labrador_labrador_retriever_standing_side_profile_bing_00044_stage1_mesh.obj,D:\sideview_pipeline_stages\stage_2_depth_maps\labrador\labrador_labrador_retriever_standing_side_profile_bing_00044_stage2_depth.png,D:\sideview_pipeline_stages\stage_3_anatomical_masks\labrador\labrador_labrador_retriever_standing_side_profile_bing_00044_stage3_mask_L.png,D:\sideview_pipeline_stages\stage_4_vton_renders\labrador\labrador_labrador_retriever_standing_side_profile_bing_00044_stage4_vton_L.png
285,labrador_labrador_retriever_standing_side_profile_bing_00045,Labrador Retriever,92.7,15.1,14.4,60.4,83.7,XL,0.936,Good Fit,D:\sideview_pipeline_stages\stage_1_3d_meshes\labrador\labrador_labrador_retriever_standing_side_profile_bing_00045_stage1_mesh.obj,D:\sideview_pipeline_stages\stage_2_depth_maps\labrador\labrador_labrador_retriever_standing_side_profile_bing_00045_stage2_depth.png,D:\sideview_pipeline_stages\stage_3_anatomical_masks\labrador\labrador_labrador_retriever_standing_side_profile_bing_00045_stage3_mask_XL.png,D:\sideview_pipeline_stages\stage_4_vton_renders\labrador\labrador_labrador_retriever_standing_side_profile_bing_00045_stage4_vton_XL.png
286,labrador_labrador_retriever_standing_side_profile_bing_00046,Labrador Retriever,99.6,16.0,15.7,49.6,67.4,XL,1.006,Good Fit,D:\sideview_pipeline_stages\stage_1_3d_meshes\labrador\labrador_labrador_retriever_standing_side_profile_bing_00046_stage1_mesh.obj,D:\sideview_pipeline_stages\stage_2_depth_maps\labrador\labrador_labrador_retriever_standing_side_profile_bing_00046_stage2_depth.png,D:\sideview_pipeline_stages\stage_3_anatomical_masks\labrador\labrador_labrador_retriever_standing_side_profile_bing_00046_stage3_mask_XL.png,D:\sideview_pipeline_stages\stage_4_vton_renders\labrador\labrador_labrador_retriever_standing_side_profile_bing_00046_stage4_vton_XL.png
287,labrador_labrador_retriever_standing_side_profile_bing_00047,Labrador Retriever,87.4,14.1,13.7,65.5,60.6,L,1.016,Good Fit,D:\sideview_pipeline_stages\stage_1_3d_meshes\labrador\labrador_labrador_retriever_standing_side_profile_bing_00047_stage1_mesh.obj,D:\sideview_pipeline_stages\stage_2_depth_maps\labrador\labrador_labrador_retriever_standing_side_profile_bing_00047_stage2_depth.png,D:\sideview_pipeline_stages\stage_3_anatomical_masks\labrador\labrador_labrador_retriever_standing_side_profile_bing_00047_stage3_mask_L.png,D:\sideview_pipeline_stages\stage_4_vton_renders\labrador\labrador_labrador_retriever_standing_side_profile_bing_00047_stage4_vton_L.png
288,labrador_labrador_retriever_standing_side_profile_bing_00048,Labrador Retriever,88.1,14.6,13.5,59.5,81.2,L,1.024,Good Fit,D:\sideview_pipeline_stages\stage_1_3d_meshes\labrador\labrador_labrador_retriever_standing_side_profile_bing_00048_stage1_mesh.obj,D:\sideview_pipeline_stages\stage_2_depth_maps\labrador\labrador_labrador_retriever_standing_side_profile_bing_00048_stage2_depth.png,D:\sideview_pipeline_stages\stage_3_anatomical_masks\labrador\labrador_labrador_retriever_standing_side_profile_bing_00048_stage3_mask_L.png,D:\sideview_pipeline_stages\stage_4_vton_renders\labrador\labrador_labrador_retriever_standing_side_profile_bing_00048_stage4_vton_L.png
289,labrador_labrador_retriever_standing_side_profile_bing_00049,Labrador Retriever,84.3,13.9,13.0,60.8,81.2,L,0.98,Good Fit,D:\sideview_pipeline_stages\stage_1_3d_meshes\labrador\labrador_labrador_retriever_standing_side_profile_bing_00049_stage1_mesh.obj,D:\sideview_pipeline_stages\stage_2_depth_maps\labrador\labrador_labrador_retriever_standing_side_profile_bing_00049_stage2_depth.png,D:\sideview_pipeline_stages\stage_3_anatomical_masks\labrador\labrador_labrador_retriever_standing_side_profile_bing_00049_stage3_mask_L.png,D:\sideview_pipeline_stages\stage_4_vton_renders\labrador\labrador_labrador_retriever_standing_side_profile_bing_00049_stage4_vton_L.png
290,labrador_labrador_retriever_standing_side_profile_bing_00050,Labrador Retriever,90.0,14.6,14.0,56.0,76.5,L,1.047,Good Fit,D:\sideview_pipeline_stages\stage_1_3d_meshes\labrador\labrador_labrador_retriever_standing_side_profile_bing_00050_stage1_mesh.obj,D:\sideview_pipeline_stages\stage_2_depth_maps\labrador\labrador_labrador_retriever_standing_side_profile_bing_00050_stage2_depth.png,D:\sideview_pipeline_stages\stage_3_anatomical_masks\labrador\labrador_labrador_retriever_standing_side_profile_bing_00050_stage3_mask_L.png,D:\sideview_pipeline_stages\stage_4_vton_renders\labrador\labrador_labrador_retriever_standing_side_profile_bing_00050_stage4_vton_L.png
291,labrador_labrador_retriever_standing_side_profile_bing_00051,Labrador Retriever,133.1,26.7,14.8,47.2,69.4,XL,1.344,Tight,D:\sideview_pipeline_stages\stage_1_3d_meshes\labrador\labrador_labrador_retriever_standing_side_profile_bing_00051_stage1_mesh.obj,D:\sideview_pipeline_stages\stage_2_depth_maps\labrador\labrador_labrador_retriever_standing_side_profile_bing_00051_stage2_depth.png,D:\sideview_pipeline_stages\stage_3_anatomical_masks\labrador\labrador_labrador_retriever_standing_side_profile_bing_00051_stage3_mask_XL.png,D:\sideview_pipeline_stages\stage_4_vton_renders\labrador\labrador_labrador_retriever_standing_side_profile_bing_00051_stage4_vton_XL.png
292,labrador_labrador_retriever_standing_side_profile_bing_00052,Labrador Retriever,78.0,12.8,12.0,50.3,62.7,M,1.04,Good Fit,D:\sideview_pipeline_stages\stage_1_3d_meshes\labrador\labrador_labrador_retriever_standing_side_profile_bing_00052_stage1_mesh.obj,D:\sideview_pipeline_stages\stage_2_depth_maps\labrador\labrador_labrador_retriever_standing_side_profile_bing_00052_stage2_depth.png,D:\sideview_pipeline_stages\stage_3_anatomical_masks\labrador\labrador_labrador_retriever_standing_side_profile_bing_00052_stage3_mask_M.png,D:\sideview_pipeline_stages\stage_4_vton_renders\labrador\labrador_labrador_retriever_standing_side_profile_bing_00052_stage4_vton_M.png
293,labrador_labrador_retriever_standing_side_profile_bing_00053,Labrador Retriever,90.5,14.4,14.4,57.1,76.1,L,1.052,Good Fit,D:\sideview_pipeline_stages\stage_1_3d_meshes\labrador\labrador_labrador_retriever_standing_side_profile_bing_00053_stage1_mesh.obj,D:\sideview_pipeline_stages\stage_2_depth_maps\labrador\labrador_labrador_retriever_standing_side_profile_bing_00053_stage2_depth.png,D:\sideview_pipeline_stages\stage_3_anatomical_masks\labrador\labrador_labrador_retriever_standing_side_profile_bing_00053_stage3_mask_L.png,D:\sideview_pipeline_stages\stage_4_vton_renders\labrador\labrador_labrador_retriever_standing_side_profile_bing_00053_stage4_vton_L.png
294,labrador_labrador_retriever_standing_side_profile_bing_00054,Labrador Retriever,108.7,17.3,17.3,44.9,58.0,XL,1.098,Tight,D:\sideview_pipeline_stages\stage_1_3d_meshes\labrador\labrador_labrador_retriever_standing_side_profile_bing_00054_stage1_mesh.obj,D:\sideview_pipeline_stages\stage_2_depth_maps\labrador\labrador_labrador_retriever_standing_side_profile_bing_00054_stage2_depth.png,D:\sideview_pipeline_stages\stage_3_anatomical_masks\labrador\labrador_labrador_retriever_standing_side_profile_bing_00054_stage3_mask_XL.png,D:\sideview_pipeline_stages\stage_4_vton_renders\labrador\labrador_labrador_retriever_standing_side_profile_bing_00054_stage4_vton_XL.png
295,labrador_labrador_retriever_standing_side_profile_bing_00055,Labrador Retriever,95.9,15.3,15.2,61.1,81.5,XL,0.969,Good Fit,D:\sideview_pipeline_stages\stage_1_3d_meshes\labrador\labrador_labrador_retriever_standing_side_profile_bing_00055_stage1_mesh.obj,D:\sideview_pipeline_stages\stage_2_depth_maps\labrador\labrador_labrador_retriever_standing_side_profile_bing_00055_stage2_depth.png,D:\sideview_pipeline_stages\stage_3_anatomical_masks\labrador\labrador_labrador_retriever_standing_side_profile_bing_00055_stage3_mask_XL.png,D:\sideview_pipeline_stages\stage_4_vton_renders\labrador\labrador_labrador_retriever_standing_side_profile_bing_00055_stage4_vton_XL.png
296,labrador_labrador_retriever_standing_side_profile_bing_00056,Labrador Retriever,92.5,15.4,14.0,94.8,83.3,L,1.076,Tight,D:\sideview_pipeline_stages\stage_1_3d_meshes\labrador\labrador_labrador_retriever_standing_side_profile_bing_00056_stage1_mesh.obj,D:\sideview_pipeline_stages\stage_2_depth_maps\labrador\labrador_labrador_retriever_standing_side_profile_bing_00056_stage2_depth.png,D:\sideview_pipeline_stages\stage_3_anatomical_masks\labrador\labrador_labrador_retriever_standing_side_profile_bing_00056_stage3_mask_L.png,D:\sideview_pipeline_stages\stage_4_vton_renders\labrador\labrador_labrador_retriever_standing_side_profile_bing_00056_stage4_vton_L.png
297,labrador_labrador_retriever_standing_side_profile_bing_00057,Labrador Retriever,92.7,15.1,14.4,60.9,70.1,XL,0.936,Good Fit,D:\sideview_pipeline_stages\stage_1_3d_meshes\labrador\labrador_labrador_retriever_standing_side_profile_bing_00057_stage1_mesh.obj,D:\sideview_pipeline_stages\stage_2_depth_maps\labrador\labrador_labrador_retriever_standing_side_profile_bing_00057_stage2_depth.png,D:\sideview_pipeline_stages\stage_3_anatomical_masks\labrador\labrador_labrador_retriever_standing_side_profile_bing_00057_stage3_mask_XL.png,D:\sideview_pipeline_stages\stage_4_vton_renders\labrador\labrador_labrador_retriever_standing_side_profile_bing_00057_stage4_vton_XL.png
298,labrador_labrador_retriever_standing_side_profile_bing_00058,Labrador Retriever,91.1,15.5,13.5,51.2,67.9,L,1.059,Tight,D:\sideview_pipeline_stages\stage_1_3d_meshes\labrador\labrador_labrador_retriever_standing_side_profile_bing_00058_stage1_mesh.obj,D:\sideview_pipeline_stages\stage_2_depth_maps\labrador\labrador_labrador_retriever_standing_side_profile_bing_00058_stage2_depth.png,D:\sideview_pipeline_stages\stage_3_anatomical_masks\labrador\labrador_labrador_retriever_standing_side_profile_bing_00058_stage3_mask_L.png,D:\sideview_pipeline_stages\stage_4_vton_renders\labrador\labrador_labrador_retriever_standing_side_profile_bing_00058_stage4_vton_L.png
299,labrador_labrador_retriever_standing_side_profile_bing_00059,Labrador Retriever,102.9,16.4,16.4,37.1,74.8,XL,1.039,Good Fit,D:\sideview_pipeline_stages\stage_1_3d_meshes\labrador\labrador_labrador_retriever_standing_side_profile_bing_00059_stage1_mesh.obj,D:\sideview_pipeline_stages\stage_2_depth_maps\labrador\labrador_labrador_retriever_standing_side_profile_bing_00059_stage2_depth.png,D:\sideview_pipeline_stages\stage_3_anatomical_masks\labrador\labrador_labrador_retriever_standing_side_profile_bing_00059_stage3_mask_XL.png,D:\sideview_pipeline_stages\stage_4_vton_renders\labrador\labrador_labrador_retriever_standing_side_profile_bing_00059_stage4_vton_XL.png
300,labrador_labrador_retriever_standing_side_profile_bing_00060,Labrador Retriever,75.7,12.7,11.4,47.3,68.2,M,1.009,Good Fit,D:\sideview_pipeline_stages\stage_1_3d_meshes\labrador\labrador_labrador_retriever_standing_side_profile_bing_00060_stage1_mesh.obj,D:\sideview_pipeline_stages\stage_2_depth_maps\labrador\labrador_labrador_retriever_standing_side_profile_bing_00060_stage2_depth.png,D:\sideview_pipeline_stages\stage_3_anatomical_masks\labrador\labrador_labrador_retriever_standing_side_profile_bing_00060_stage3_mask_M.png,D:\sideview_pipeline_stages\stage_4_vton_renders\labrador\labrador_labrador_retriever_standing_side_profile_bing_00060_stage4_vton_M.png
301,labrador_labrador_retriever_standing_side_profile_bing_00061,Labrador Retriever,94.0,15.3,14.7,64.0,85.2,XL,0.949,Good Fit,D:\sideview_pipeline_stages\stage_1_3d_meshes\labrador\labrador_labrador_retriever_standing_side_profile_bing_00061_stage1_mesh.obj,D:\sideview_pipeline_stages\stage_2_depth_maps\labrador\labrador_labrador_retriever_standing_side_profile_bing_00061_stage2_depth.png,D:\sideview_pipeline_stages\stage_3_anatomical_masks\labrador\labrador_labrador_retriever_standing_side_profile_bing_00061_stage3_mask_XL.png,D:\sideview_pipeline_stages\stage_4_vton_renders\labrador\labrador_labrador_retriever_standing_side_profile_bing_00061_stage4_vton_XL.png
302,labrador_labrador_retriever_standing_side_profile_bing_00062,Labrador Retriever,90.9,14.6,14.3,50.8,71.4,L,1.057,Good Fit,D:\sideview_pipeline_stages\stage_1_3d_meshes\labrador\labrador_labrador_retriever_standing_side_profile_bing_00062_stage1_mesh.obj,D:\sideview_pipeline_stages\stage_2_depth_maps\labrador\labrador_labrador_retriever_standing_side_profile_bing_00062_stage2_depth.png,D:\sideview_pipeline_stages\stage_3_anatomical_masks\labrador\labrador_labrador_retriever_standing_side_profile_bing_00062_stage3_mask_L.png,D:\sideview_pipeline_stages\stage_4_vton_renders\labrador\labrador_labrador_retriever_standing_side_profile_bing_00062_stage4_vton_L.png
303,labrador_labrador_retriever_standing_side_profile_bing_00063,Labrador Retriever,92.1,14.8,14.5,49.8,70.9,L,1.071,Tight,D:\sideview_pipeline_stages\stage_1_3d_meshes\labrador\labrador_labrador_retriever_standing_side_profile_bing_00063_stage1_mesh.obj,D:\sideview_pipeline_stages\stage_2_depth_maps\labrador\labrador_labrador_retriever_standing_side_profile_bing_00063_stage2_depth.png,D:\sideview_pipeline_stages\stage_3_anatomical_masks\labrador\labrador_labrador_retriever_standing_side_profile_bing_00063_stage3_mask_L.png,D:\sideview_pipeline_stages\stage_4_vton_renders\labrador\labrador_labrador_retriever_standing_side_profile_bing_00063_stage4_vton_L.png
304,labrador_labrador_retriever_standing_side_profile_bing_00064,Labrador Retriever,88.2,14.5,13.6,56.8,61.5,L,1.026,Good Fit,D:\sideview_pipeline_stages\stage_1_3d_meshes\labrador\labrador_labrador_retriever_standing_side_profile_bing_00064_stage1_mesh.obj,D:\sideview_pipeline_stages\stage_2_depth_maps\labrador\labrador_labrador_retriever_standing_side_profile_bing_00064_stage2_depth.png,D:\sideview_pipeline_stages\stage_3_anatomical_masks\labrador\labrador_labrador_retriever_standing_side_profile_bing_00064_stage3_mask_L.png,D:\sideview_pipeline_stages\stage_4_vton_renders\labrador\labrador_labrador_retriever_standing_side_profile_bing_00064_stage4_vton_L.png
305,labrador_labrador_retriever_standing_side_profile_bing_00065,Labrador Retriever,90.5,14.4,14.4,50.3,68.9,L,1.052,Good Fit,D:\sideview_pipeline_stages\stage_1_3d_meshes\labrador\labrador_labrador_retriever_standing_side_profile_bing_00065_stage1_mesh.obj,D:\sideview_pipeline_stages\stage_2_depth_maps\labrador\labrador_labrador_retriever_standing_side_profile_bing_00065_stage2_depth.png,D:\sideview_pipeline_stages\stage_3_anatomical_masks\labrador\labrador_labrador_retriever_standing_side_profile_bing_00065_stage3_mask_L.png,D:\sideview_pipeline_stages\stage_4_vton_renders\labrador\labrador_labrador_retriever_standing_side_profile_bing_00065_stage4_vton_L.png
306,labrador_labrador_retriever_standing_side_profile_bing_00066,Labrador Retriever,96.0,15.9,14.7,55.9,78.3,XL,0.97,Good Fit,D:\sideview_pipeline_stages\stage_1_3d_meshes\labrador\labrador_labrador_retriever_standing_side_profile_bing_00066_stage1_mesh.obj,D:\sideview_pipeline_stages\stage_2_depth_maps\labrador\labrador_labrador_retriever_standing_side_profile_bing_00066_stage2_depth.png,D:\sideview_pipeline_stages\stage_3_anatomical_masks\labrador\labrador_labrador_retriever_standing_side_profile_bing_00066_stage3_mask_XL.png,D:\sideview_pipeline_stages\stage_4_vton_renders\labrador\labrador_labrador_retriever_standing_side_profile_bing_00066_stage4_vton_XL.png
307,labrador_labrador_retriever_standing_side_profile_bing_00067,Labrador Retriever,85.6,13.8,13.4,51.7,72.4,L,0.995,Good Fit,D:\sideview_pipeline_stages\stage_1_3d_meshes\labrador\labrador_labrador_retriever_standing_side_profile_bing_00067_stage1_mesh.obj,D:\sideview_pipeline_stages\stage_2_depth_maps\labrador\labrador_labrador_retriever_standing_side_profile_bing_00067_stage2_depth.png,D:\sideview_pipeline_stages\stage_3_anatomical_masks\labrador\labrador_labrador_retriever_standing_side_profile_bing_00067_stage3_mask_L.png,D:\sideview_pipeline_stages\stage_4_vton_renders\labrador\labrador_labrador_retriever_standing_side_profile_bing_00067_stage4_vton_L.png
308,labrador_labrador_retriever_standing_side_profile_bing_00068,Labrador Retriever,88.1,14.6,13.4,38.2,72.0,L,1.024,Good Fit,D:\sideview_pipeline_stages\stage_1_3d_meshes\labrador\labrador_labrador_retriever_standing_side_profile_bing_00068_stage1_mesh.obj,D:\sideview_pipeline_stages\stage_2_depth_maps\labrador\labrador_labrador_retriever_standing_side_profile_bing_00068_stage2_depth.png,D:\sideview_pipeline_stages\stage_3_anatomical_masks\labrador\labrador_labrador_retriever_standing_side_profile_bing_00068_stage3_mask_L.png,D:\sideview_pipeline_stages\stage_4_vton_renders\labrador\labrador_labrador_retriever_standing_side_profile_bing_00068_stage4_vton_L.png
309,labrador_labrador_retriever_standing_side_profile_bing_00069,Labrador Retriever,99.6,16.2,15.5,122.9,73.7,XL,1.006,Good Fit,D:\sideview_pipeline_stages\stage_1_3d_meshes\labrador\labrador_labrador_retriever_standing_side_profile_bing_00069_stage1_mesh.obj,D:\sideview_pipeline_stages\stage_2_depth_maps\labrador\labrador_labrador_retriever_standing_side_profile_bing_00069_stage2_depth.png,D:\sideview_pipeline_stages\stage_3_anatomical_masks\labrador\labrador_labrador_retriever_standing_side_profile_bing_00069_stage3_mask_XL.png,D:\sideview_pipeline_stages\stage_4_vton_renders\labrador\labrador_labrador_retriever_standing_side_profile_bing_00069_stage4_vton_XL.png
310,labrador_labrador_retriever_standing_side_profile_bing_00070,Labrador Retriever,92.3,14.8,14.6,52.9,71.4,L,1.073,Tight,D:\sideview_pipeline_stages\stage_1_3d_meshes\labrador\labrador_labrador_retriever_standing_side_profile_bing_00070_stage1_mesh.obj,D:\sideview_pipeline_stages\stage_2_depth_maps\labrador\labrador_labrador_retriever_standing_side_profile_bing_00070_stage2_depth.png,D:\sideview_pipeline_stages\stage_3_anatomical_masks\labrador\labrador_labrador_retriever_standing_side_profile_bing_00070_stage3_mask_L.png,D:\sideview_pipeline_stages\stage_4_vton_renders\labrador\labrador_labrador_retriever_standing_side_profile_bing_00070_stage4_vton_L.png
311,labrador_labrador_retriever_standing_side_profile_bing_00071,Labrador Retriever,98.7,15.7,15.7,64.4,84.1,XL,0.997,Good Fit,D:\sideview_pipeline_stages\stage_1_3d_meshes\labrador\labrador_labrador_retriever_standing_side_profile_bing_00071_stage1_mesh.obj,D:\sideview_pipeline_stages\stage_2_depth_maps\labrador\labrador_labrador_retriever_standing_side_profile_bing_00071_stage2_depth.png,D:\sideview_pipeline_stages\stage_3_anatomical_masks\labrador\labrador_labrador_retriever_standing_side_profile_bing_00071_stage3_mask_XL.png,D:\sideview_pipeline_stages\stage_4_vton_renders\labrador\labrador_labrador_retriever_standing_side_profile_bing_00071_stage4_vton_XL.png
312,labrador_labrador_retriever_standing_side_profile_bing_00072,Labrador Retriever,110.8,18.0,17.3,64.7,72.8,XL,1.119,Tight,D:\sideview_pipeline_stages\stage_1_3d_meshes\labrador\labrador_labrador_retriever_standing_side_profile_bing_00072_stage1_mesh.obj,D:\sideview_pipeline_stages\stage_2_depth_maps\labrador\labrador_labrador_retriever_standing_side_profile_bing_00072_stage2_depth.png,D:\sideview_pipeline_stages\stage_3_anatomical_masks\labrador\labrador_labrador_retriever_standing_side_profile_bing_00072_stage3_mask_XL.png,D:\sideview_pipeline_stages\stage_4_vton_renders\labrador\labrador_labrador_retriever_standing_side_profile_bing_00072_stage4_vton_XL.png
313,labrador_labrador_retriever_standing_side_profile_bing_00073,Labrador Retriever,86.2,14.1,13.3,60.3,82.1,L,1.002,Good Fit,D:\sideview_pipeline_stages\stage_1_3d_meshes\labrador\labrador_labrador_retriever_standing_side_profile_bing_00073_stage1_mesh.obj,D:\sideview_pipeline_stages\stage_2_depth_maps\labrador\labrador_labrador_retriever_standing_side_profile_bing_00073_stage2_depth.png,D:\sideview_pipeline_stages\stage_3_anatomical_masks\labrador\labrador_labrador_retriever_standing_side_profile_bing_00073_stage3_mask_L.png,D:\sideview_pipeline_stages\stage_4_vton_renders\labrador\labrador_labrador_retriever_standing_side_profile_bing_00073_stage4_vton_L.png
314,labrador_labrador_retriever_standing_side_profile_bing_00074,Labrador Retriever,137.3,25.5,17.8,55.4,71.6,XL,1.387,Tight,D:\sideview_pipeline_stages\stage_1_3d_meshes\labrador\labrador_labrador_retriever_standing_side_profile_bing_00074_stage1_mesh.obj,D:\sideview_pipeline_stages\stage_2_depth_maps\labrador\labrador_labrador_retriever_standing_side_profile_bing_00074_stage2_depth.png,D:\sideview_pipeline_stages\stage_3_anatomical_masks\labrador\labrador_labrador_retriever_standing_side_profile_bing_00074_stage3_mask_XL.png,D:\sideview_pipeline_stages\stage_4_vton_renders\labrador\labrador_labrador_retriever_standing_side_profile_bing_00074_stage4_vton_XL.png
315,labrador_labrador_retriever_standing_side_profile_bing_00075,Labrador Retriever,89.8,14.7,13.8,53.6,70.6,L,1.044,Good Fit,D:\sideview_pipeline_stages\stage_1_3d_meshes\labrador\labrador_labrador_retriever_standing_side_profile_bing_00075_stage1_mesh.obj,D:\sideview_pipeline_stages\stage_2_depth_maps\labrador\labrador_labrador_retriever_standing_side_profile_bing_00075_stage2_depth.png,D:\sideview_pipeline_stages\stage_3_anatomical_masks\labrador\labrador_labrador_retriever_standing_side_profile_bing_00075_stage3_mask_L.png,D:\sideview_pipeline_stages\stage_4_vton_renders\labrador\labrador_labrador_retriever_standing_side_profile_bing_00075_stage4_vton_L.png
316,labrador_labrador_retriever_standing_side_profile_bing_00076,Labrador Retriever,92.7,14.8,14.7,59.0,79.4,XL,0.936,Good Fit,D:\sideview_pipeline_stages\stage_1_3d_meshes\labrador\labrador_labrador_retriever_standing_side_profile_bing_00076_stage1_mesh.obj,D:\sideview_pipeline_stages\stage_2_depth_maps\labrador\labrador_labrador_retriever_standing_side_profile_bing_00076_stage2_depth.png,D:\sideview_pipeline_stages\stage_3_anatomical_masks\labrador\labrador_labrador_retriever_standing_side_profile_bing_00076_stage3_mask_XL.png,D:\sideview_pipeline_stages\stage_4_vton_renders\labrador\labrador_labrador_retriever_standing_side_profile_bing_00076_stage4_vton_XL.png
317,labrador_labrador_retriever_standing_side_profile_bing_00077,Labrador Retriever,96.0,15.4,15.2,39.2,56.2,XL,0.97,Good Fit,D:\sideview_pipeline_stages\stage_1_3d_meshes\labrador\labrador_labrador_retriever_standing_side_profile_bing_00077_stage1_mesh.obj,D:\sideview_pipeline_stages\stage_2_depth_maps\labrador\labrador_labrador_retriever_standing_side_profile_bing_00077_stage2_depth.png,D:\sideview_pipeline_stages\stage_3_anatomical_masks\labrador\labrador_labrador_retriever_standing_side_profile_bing_00077_stage3_mask_XL.png,D:\sideview_pipeline_stages\stage_4_vton_renders\labrador\labrador_labrador_retriever_standing_side_profile_bing_00077_stage4_vton_XL.png
318,labrador_labrador_retriever_standing_side_profile_bing_00078,Labrador Retriever,90.7,16.1,12.6,50.6,72.2,L,1.055,Good Fit,D:\sideview_pipeline_stages\stage_1_3d_meshes\labrador\labrador_labrador_retriever_standing_side_profile_bing_00078_stage1_mesh.obj,D:\sideview_pipeline_stages\stage_2_depth_maps\labrador\labrador_labrador_retriever_standing_side_profile_bing_00078_stage2_depth.png,D:\sideview_pipeline_stages\stage_3_anatomical_masks\labrador\labrador_labrador_retriever_standing_side_profile_bing_00078_stage3_mask_L.png,D:\sideview_pipeline_stages\stage_4_vton_renders\labrador\labrador_labrador_retriever_standing_side_profile_bing_00078_stage4_vton_L.png
319,labrador_labrador_retriever_standing_side_profile_bing_00079,Labrador Retriever,84.2,13.6,13.2,39.2,79.2,L,0.979,Good Fit,D:\sideview_pipeline_stages\stage_1_3d_meshes\labrador\labrador_labrador_retriever_standing_side_profile_bing_00079_stage1_mesh.obj,D:\sideview_pipeline_stages\stage_2_depth_maps\labrador\labrador_labrador_retriever_standing_side_profile_bing_00079_stage2_depth.png,D:\sideview_pipeline_stages\stage_3_anatomical_masks\labrador\labrador_labrador_retriever_standing_side_profile_bing_00079_stage3_mask_L.png,D:\sideview_pipeline_stages\stage_4_vton_renders\labrador\labrador_labrador_retriever_standing_side_profile_bing_00079_stage4_vton_L.png
320,labrador_labrador_retriever_standing_side_profile_bing_00080,Labrador Retriever,86.4,14.0,13.5,52.9,67.9,L,1.005,Good Fit,D:\sideview_pipeline_stages\stage_1_3d_meshes\labrador\labrador_labrador_retriever_standing_side_profile_bing_00080_stage1_mesh.obj,D:\sideview_pipeline_stages\stage_2_depth_maps\labrador\labrador_labrador_retriever_standing_side_profile_bing_00080_stage2_depth.png,D:\sideview_pipeline_stages\stage_3_anatomical_masks\labrador\labrador_labrador_retriever_standing_side_profile_bing_00080_stage3_mask_L.png,D:\sideview_pipeline_stages\stage_4_vton_renders\labrador\labrador_labrador_retriever_standing_side_profile_bing_00080_stage4_vton_L.png
321,labrador_labrador_retriever_standing_side_profile_bing_00081,Labrador Retriever,141.0,29.4,14.1,44.8,67.2,XL,1.424,Tight,D:\sideview_pipeline_stages\stage_1_3d_meshes\labrador\labrador_labrador_retriever_standing_side_profile_bing_00081_stage1_mesh.obj,D:\sideview_pipeline_stages\stage_2_depth_maps\labrador\labrador_labrador_retriever_standing_side_profile_bing_00081_stage2_depth.png,D:\sideview_pipeline_stages\stage_3_anatomical_masks\labrador\labrador_labrador_retriever_standing_side_profile_bing_00081_stage3_mask_XL.png,D:\sideview_pipeline_stages\stage_4_vton_renders\labrador\labrador_labrador_retriever_standing_side_profile_bing_00081_stage4_vton_XL.png
322,labrador_labrador_retriever_standing_side_profile_bing_00082,Labrador Retriever,89.2,14.3,14.1,66.2,69.2,L,1.037,Good Fit,D:\sideview_pipeline_stages\stage_1_3d_meshes\labrador\labrador_labrador_retriever_standing_side_profile_bing_00082_stage1_mesh.obj,D:\sideview_pipeline_stages\stage_2_depth_maps\labrador\labrador_labrador_retriever_standing_side_profile_bing_00082_stage2_depth.png,D:\sideview_pipeline_stages\stage_3_anatomical_masks\labrador\labrador_labrador_retriever_standing_side_profile_bing_00082_stage3_mask_L.png,D:\sideview_pipeline_stages\stage_4_vton_renders\labrador\labrador_labrador_retriever_standing_side_profile_bing_00082_stage4_vton_L.png
323,labrador_labrador_retriever_standing_side_profile_bing_00083,Labrador Retriever,90.3,16.0,12.7,54.4,77.2,L,1.05,Good Fit,D:\sideview_pipeline_stages\stage_1_3d_meshes\labrador\labrador_labrador_retriever_standing_side_profile_bing_00083_stage1_mesh.obj,D:\sideview_pipeline_stages\stage_2_depth_maps\labrador\labrador_labrador_retriever_standing_side_profile_bing_00083_stage2_depth.png,D:\sideview_pipeline_stages\stage_3_anatomical_masks\labrador\labrador_labrador_retriever_standing_side_profile_bing_00083_stage3_mask_L.png,D:\sideview_pipeline_stages\stage_4_vton_renders\labrador\labrador_labrador_retriever_standing_side_profile_bing_00083_stage4_vton_L.png
324,labrador_labrador_retriever_standing_side_profile_bing_00084,Labrador Retriever,93.4,15.3,14.5,47.9,79.8,XL,0.943,Good Fit,D:\sideview_pipeline_stages\stage_1_3d_meshes\labrador\labrador_labrador_retriever_standing_side_profile_bing_00084_stage1_mesh.obj,D:\sideview_pipeline_stages\stage_2_depth_maps\labrador\labrador_labrador_retriever_standing_side_profile_bing_00084_stage2_depth.png,D:\sideview_pipeline_stages\stage_3_anatomical_masks\labrador\labrador_labrador_retriever_standing_side_profile_bing_00084_stage3_mask_XL.png,D:\sideview_pipeline_stages\stage_4_vton_renders\labrador\labrador_labrador_retriever_standing_side_profile_bing_00084_stage4_vton_XL.png
325,labrador_labrador_retriever_standing_side_profile_bing_00085,Labrador Retriever,91.0,14.6,14.4,57.8,78.0,L,1.058,Good Fit,D:\sideview_pipeline_stages\stage_1_3d_meshes\labrador\labrador_labrador_retriever_standing_side_profile_bing_00085_stage1_mesh.obj,D:\sideview_pipeline_stages\stage_2_depth_maps\labrador\labrador_labrador_retriever_standing_side_profile_bing_00085_stage2_depth.png,D:\sideview_pipeline_stages\stage_3_anatomical_masks\labrador\labrador_labrador_retriever_standing_side_profile_bing_00085_stage3_mask_L.png,D:\sideview_pipeline_stages\stage_4_vton_renders\labrador\labrador_labrador_retriever_standing_side_profile_bing_00085_stage4_vton_L.png
326,labrador_labrador_retriever_standing_side_profile_bing_00086,Labrador Retriever,87.3,14.1,13.7,51.3,75.8,L,1.015,Good Fit,D:\sideview_pipeline_stages\stage_1_3d_meshes\labrador\labrador_labrador_retriever_standing_side_profile_bing_00086_stage1_mesh.obj,D:\sideview_pipeline_stages\stage_2_depth_maps\labrador\labrador_labrador_retriever_standing_side_profile_bing_00086_stage2_depth.png,D:\sideview_pipeline_stages\stage_3_anatomical_masks\labrador\labrador_labrador_retriever_standing_side_profile_bing_00086_stage3_mask_L.png,D:\sideview_pipeline_stages\stage_4_vton_renders\labrador\labrador_labrador_retriever_standing_side_profile_bing_00086_stage4_vton_L.png
327,labrador_labrador_retriever_standing_side_profile_bing_00087,Labrador Retriever,119.3,19.6,18.4,53.0,69.1,XL,1.205,Tight,D:\sideview_pipeline_stages\stage_1_3d_meshes\labrador\labrador_labrador_retriever_standing_side_profile_bing_00087_stage1_mesh.obj,D:\sideview_pipeline_stages\stage_2_depth_maps\labrador\labrador_labrador_retriever_standing_side_profile_bing_00087_stage2_depth.png,D:\sideview_pipeline_stages\stage_3_anatomical_masks\labrador\labrador_labrador_retriever_standing_side_profile_bing_00087_stage3_mask_XL.png,D:\sideview_pipeline_stages\stage_4_vton_renders\labrador\labrador_labrador_retriever_standing_side_profile_bing_00087_stage4_vton_XL.png
328,labrador_labrador_retriever_standing_side_profile_bing_00088,Labrador Retriever,82.5,13.4,12.9,57.7,78.3,L,0.959,Good Fit,D:\sideview_pipeline_stages\stage_1_3d_meshes\labrador\labrador_labrador_retriever_standing_side_profile_bing_00088_stage1_mesh.obj,D:\sideview_pipeline_stages\stage_2_depth_maps\labrador\labrador_labrador_retriever_standing_side_profile_bing_00088_stage2_depth.png,D:\sideview_pipeline_stages\stage_3_anatomical_masks\labrador\labrador_labrador_retriever_standing_side_profile_bing_00088_stage3_mask_L.png,D:\sideview_pipeline_stages\stage_4_vton_renders\labrador\labrador_labrador_retriever_standing_side_profile_bing_00088_stage4_vton_L.png
329,labrador_labrador_retriever_standing_side_profile_bing_00089,Labrador Retriever,88.8,14.3,14.0,52.0,70.4,L,1.033,Good Fit,D:\sideview_pipeline_stages\stage_1_3d_meshes\labrador\labrador_labrador_retriever_standing_side_profile_bing_00089_stage1_mesh.obj,D:\sideview_pipeline_stages\stage_2_depth_maps\labrador\labrador_labrador_retriever_standing_side_profile_bing_00089_stage2_depth.png,D:\sideview_pipeline_stages\stage_3_anatomical_masks\labrador\labrador_labrador_retriever_standing_side_profile_bing_00089_stage3_mask_L.png,D:\sideview_pipeline_stages\stage_4_vton_renders\labrador\labrador_labrador_retriever_standing_side_profile_bing_00089_stage4_vton_L.png
330,labrador_labrador_retriever_standing_side_profile_bing_00090,Labrador Retriever,79.9,13.1,12.3,50.7,73.4,M,1.065,Good Fit,D:\sideview_pipeline_stages\stage_1_3d_meshes\labrador\labrador_labrador_retriever_standing_side_profile_bing_00090_stage1_mesh.obj,D:\sideview_pipeline_stages\stage_2_depth_maps\labrador\labrador_labrador_retriever_standing_side_profile_bing_00090_stage2_depth.png,D:\sideview_pipeline_stages\stage_3_anatomical_masks\labrador\labrador_labrador_retriever_standing_side_profile_bing_00090_stage3_mask_M.png,D:\sideview_pipeline_stages\stage_4_vton_renders\labrador\labrador_labrador_retriever_standing_side_profile_bing_00090_stage4_vton_M.png
331,labrador_labrador_retriever_standing_side_profile_bing_00091,Labrador Retriever,89.9,14.7,14.0,51.4,74.0,L,1.045,Good Fit,D:\sideview_pipeline_stages\stage_1_3d_meshes\labrador\labrador_labrador_retriever_standing_side_profile_bing_00091_stage1_mesh.obj,D:\sideview_pipeline_stages\stage_2_depth_maps\labrador\labrador_labrador_retriever_standing_side_profile_bing_00091_stage2_depth.png,D:\sideview_pipeline_stages\stage_3_anatomical_masks\labrador\labrador_labrador_retriever_standing_side_profile_bing_00091_stage3_mask_L.png,D:\sideview_pipeline_stages\stage_4_vton_renders\labrador\labrador_labrador_retriever_standing_side_profile_bing_00091_stage4_vton_L.png
332,labrador_labrador_retriever_standing_side_profile_bing_00092,Labrador Retriever,102.8,17.0,15.7,7.7,68.3,XL,1.038,Good Fit,D:\sideview_pipeline_stages\stage_1_3d_meshes\labrador\labrador_labrador_retriever_standing_side_profile_bing_00092_stage1_mesh.obj,D:\sideview_pipeline_stages\stage_2_depth_maps\labrador\labrador_labrador_retriever_standing_side_profile_bing_00092_stage2_depth.png,D:\sideview_pipeline_stages\stage_3_anatomical_masks\labrador\labrador_labrador_retriever_standing_side_profile_bing_00092_stage3_mask_XL.png,D:\sideview_pipeline_stages\stage_4_vton_renders\labrador\labrador_labrador_retriever_standing_side_profile_bing_00092_stage4_vton_XL.png
333,labrador_labrador_retriever_standing_side_profile_bing_00093,Labrador Retriever,112.0,18.3,17.3,54.0,67.5,XL,1.131,Tight,D:\sideview_pipeline_stages\stage_1_3d_meshes\labrador\labrador_labrador_retriever_standing_side_profile_bing_00093_stage1_mesh.obj,D:\sideview_pipeline_stages\stage_2_depth_maps\labrador\labrador_labrador_retriever_standing_side_profile_bing_00093_stage2_depth.png,D:\sideview_pipeline_stages\stage_3_anatomical_masks\labrador\labrador_labrador_retriever_standing_side_profile_bing_00093_stage3_mask_XL.png,D:\sideview_pipeline_stages\stage_4_vton_renders\labrador\labrador_labrador_retriever_standing_side_profile_bing_00093_stage4_vton_XL.png
334,labrador_labrador_retriever_standing_side_profile_bing_00094,Labrador Retriever,89.6,14.7,13.8,60.6,82.5,L,1.042,Good Fit,D:\sideview_pipeline_stages\stage_1_3d_meshes\labrador\labrador_labrador_retriever_standing_side_profile_bing_00094_stage1_mesh.obj,D:\sideview_pipeline_stages\stage_2_depth_maps\labrador\labrador_labrador_retriever_standing_side_profile_bing_00094_stage2_depth.png,D:\sideview_pipeline_stages\stage_3_anatomical_masks\labrador\labrador_labrador_retriever_standing_side_profile_bing_00094_stage3_mask_L.png,D:\sideview_pipeline_stages\stage_4_vton_renders\labrador\labrador_labrador_retriever_standing_side_profile_bing_00094_stage4_vton_L.png
335,labrador_labrador_retriever_standing_side_profile_bing_00095,Labrador Retriever,147.3,29.7,16.1,125.8,71.1,XL,1.488,Tight,D:\sideview_pipeline_stages\stage_1_3d_meshes\labrador\labrador_labrador_retriever_standing_side_profile_bing_00095_stage1_mesh.obj,D:\sideview_pipeline_stages\stage_2_depth_maps\labrador\labrador_labrador_retriever_standing_side_profile_bing_00095_stage2_depth.png,D:\sideview_pipeline_stages\stage_3_anatomical_masks\labrador\labrador_labrador_retriever_standing_side_profile_bing_00095_stage3_mask_XL.png,D:\sideview_pipeline_stages\stage_4_vton_renders\labrador\labrador_labrador_retriever_standing_side_profile_bing_00095_stage4_vton_XL.png
336,labrador_labrador_retriever_standing_side_profile_bing_00096,Labrador Retriever,92.9,15.0,14.6,50.5,81.5,XL,0.938,Good Fit,D:\sideview_pipeline_stages\stage_1_3d_meshes\labrador\labrador_labrador_retriever_standing_side_profile_bing_00096_stage1_mesh.obj,D:\sideview_pipeline_stages\stage_2_depth_maps\labrador\labrador_labrador_retriever_standing_side_profile_bing_00096_stage2_depth.png,D:\sideview_pipeline_stages\stage_3_anatomical_masks\labrador\labrador_labrador_retriever_standing_side_profile_bing_00096_stage3_mask_XL.png,D:\sideview_pipeline_stages\stage_4_vton_renders\labrador\labrador_labrador_retriever_standing_side_profile_bing_00096_stage4_vton_XL.png
337,labrador_labrador_retriever_standing_side_profile_bing_00097,Labrador Retriever,149.4,31.2,14.9,49.3,69.6,XL,1.509,Tight,D:\sideview_pipeline_stages\stage_1_3d_meshes\labrador\labrador_labrador_retriever_standing_side_profile_bing_00097_stage1_mesh.obj,D:\sideview_pipeline_stages\stage_2_depth_maps\labrador\labrador_labrador_retriever_standing_side_profile_bing_00097_stage2_depth.png,D:\sideview_pipeline_stages\stage_3_anatomical_masks\labrador\labrador_labrador_retriever_standing_side_profile_bing_00097_stage3_mask_XL.png,D:\sideview_pipeline_stages\stage_4_vton_renders\labrador\labrador_labrador_retriever_standing_side_profile_bing_00097_stage4_vton_XL.png
338,labrador_labrador_retriever_standing_side_profile_bing_00098,Labrador Retriever,96.1,15.5,15.1,35.2,65.3,XL,0.971,Good Fit,D:\sideview_pipeline_stages\stage_1_3d_meshes\labrador\labrador_labrador_retriever_standing_side_profile_bing_00098_stage1_mesh.obj,D:\sideview_pipeline_stages\stage_2_depth_maps\labrador\labrador_labrador_retriever_standing_side_profile_bing_00098_stage2_depth.png,D:\sideview_pipeline_stages\stage_3_anatomical_masks\labrador\labrador_labrador_retriever_standing_side_profile_bing_00098_stage3_mask_XL.png,D:\sideview_pipeline_stages\stage_4_vton_renders\labrador\labrador_labrador_retriever_standing_side_profile_bing_00098_stage4_vton_XL.png
339,labrador_labrador_retriever_standing_side_profile_bing_00099,Labrador Retriever,108.2,17.3,17.2,56.1,70.0,XL,1.093,Tight,D:\sideview_pipeline_stages\stage_1_3d_meshes\labrador\labrador_labrador_retriever_standing_side_profile_bing_00099_stage1_mesh.obj,D:\sideview_pipeline_stages\stage_2_depth_maps\labrador\labrador_labrador_retriever_standing_side_profile_bing_00099_stage2_depth.png,D:\sideview_pipeline_stages\stage_3_anatomical_masks\labrador\labrador_labrador_retriever_standing_side_profile_bing_00099_stage3_mask_XL.png,D:\sideview_pipeline_stages\stage_4_vton_renders\labrador\labrador_labrador_retriever_standing_side_profile_bing_00099_stage4_vton_XL.png
340,labrador_labrador_retriever_standing_side_profile_bing_00100,Labrador Retriever,83.4,13.3,13.3,44.6,59.9,L,0.97,Good Fit,D:\sideview_pipeline_stages\stage_1_3d_meshes\labrador\labrador_labrador_retriever_standing_side_profile_bing_00100_stage1_mesh.obj,D:\sideview_pipeline_stages\stage_2_depth_maps\labrador\labrador_labrador_retriever_standing_side_profile_bing_00100_stage2_depth.png,D:\sideview_pipeline_stages\stage_3_anatomical_masks\labrador\labrador_labrador_retriever_standing_side_profile_bing_00100_stage3_mask_L.png,D:\sideview_pipeline_stages\stage_4_vton_renders\labrador\labrador_labrador_retriever_standing_side_profile_bing_00100_stage4_vton_L.png
341,labrador_labrador_retriever_standing_side_profile_bing_00101,Labrador Retriever,80.0,13.2,12.2,34.7,54.9,M,1.067,Good Fit,D:\sideview_pipeline_stages\stage_1_3d_meshes\labrador\labrador_labrador_retriever_standing_side_profile_bing_00101_stage1_mesh.obj,D:\sideview_pipeline_stages\stage_2_depth_maps\labrador\labrador_labrador_retriever_standing_side_profile_bing_00101_stage2_depth.png,D:\sideview_pipeline_stages\stage_3_anatomical_masks\labrador\labrador_labrador_retriever_standing_side_profile_bing_00101_stage3_mask_M.png,D:\sideview_pipeline_stages\stage_4_vton_renders\labrador\labrador_labrador_retriever_standing_side_profile_bing_00101_stage4_vton_M.png
342,labrador_labrador_retriever_standing_side_profile_bing_00102,Labrador Retriever,90.1,14.4,14.3,58.6,66.3,L,1.048,Good Fit,D:\sideview_pipeline_stages\stage_1_3d_meshes\labrador\labrador_labrador_retriever_standing_side_profile_bing_00102_stage1_mesh.obj,D:\sideview_pipeline_stages\stage_2_depth_maps\labrador\labrador_labrador_retriever_standing_side_profile_bing_00102_stage2_depth.png,D:\sideview_pipeline_stages\stage_3_anatomical_masks\labrador\labrador_labrador_retriever_standing_side_profile_bing_00102_stage3_mask_L.png,D:\sideview_pipeline_stages\stage_4_vton_renders\labrador\labrador_labrador_retriever_standing_side_profile_bing_00102_stage4_vton_L.png
343,labrador_labrador_retriever_standing_side_profile_bing_00103,Labrador Retriever,144.3,26.2,19.5,52.4,73.8,XL,1.458,Tight,D:\sideview_pipeline_stages\stage_1_3d_meshes\labrador\labrador_labrador_retriever_standing_side_profile_bing_00103_stage1_mesh.obj,D:\sideview_pipeline_stages\stage_2_depth_maps\labrador\labrador_labrador_retriever_standing_side_profile_bing_00103_stage2_depth.png,D:\sideview_pipeline_stages\stage_3_anatomical_masks\labrador\labrador_labrador_retriever_standing_side_profile_bing_00103_stage3_mask_XL.png,D:\sideview_pipeline_stages\stage_4_vton_renders\labrador\labrador_labrador_retriever_standing_side_profile_bing_00103_stage4_vton_XL.png
344,labrador_labrador_retriever_standing_side_profile_bing_00104,Labrador Retriever,84.0,13.4,13.3,38.3,53.8,L,0.977,Good Fit,D:\sideview_pipeline_stages\stage_1_3d_meshes\labrador\labrador_labrador_retriever_standing_side_profile_bing_00104_stage1_mesh.obj,D:\sideview_pipeline_stages\stage_2_depth_maps\labrador\labrador_labrador_retriever_standing_side_profile_bing_00104_stage2_depth.png,D:\sideview_pipeline_stages\stage_3_anatomical_masks\labrador\labrador_labrador_retriever_standing_side_profile_bing_00104_stage3_mask_L.png,D:\sideview_pipeline_stages\stage_4_vton_renders\labrador\labrador_labrador_retriever_standing_side_profile_bing_00104_stage4_vton_L.png
345,labrador_labrador_retriever_standing_side_profile_bing_00105,Labrador Retriever,79.7,13.0,12.3,46.6,72.3,M,1.063,Good Fit,D:\sideview_pipeline_stages\stage_1_3d_meshes\labrador\labrador_labrador_retriever_standing_side_profile_bing_00105_stage1_mesh.obj,D:\sideview_pipeline_stages\stage_2_depth_maps\labrador\labrador_labrador_retriever_standing_side_profile_bing_00105_stage2_depth.png,D:\sideview_pipeline_stages\stage_3_anatomical_masks\labrador\labrador_labrador_retriever_standing_side_profile_bing_00105_stage3_mask_M.png,D:\sideview_pipeline_stages\stage_4_vton_renders\labrador\labrador_labrador_retriever_standing_side_profile_bing_00105_stage4_vton_M.png
346,labrador_labrador_retriever_standing_side_profile_bing_00106,Labrador Retriever,86.0,14.1,13.3,59.4,80.5,L,1.0,Good Fit,D:\sideview_pipeline_stages\stage_1_3d_meshes\labrador\labrador_labrador_retriever_standing_side_profile_bing_00106_stage1_mesh.obj,D:\sideview_pipeline_stages\stage_2_depth_maps\labrador\labrador_labrador_retriever_standing_side_profile_bing_00106_stage2_depth.png,D:\sideview_pipeline_stages\stage_3_anatomical_masks\labrador\labrador_labrador_retriever_standing_side_profile_bing_00106_stage3_mask_L.png,D:\sideview_pipeline_stages\stage_4_vton_renders\labrador\labrador_labrador_retriever_standing_side_profile_bing_00106_stage4_vton_L.png
347,labrador_labrador_retriever_standing_side_profile_bing_00107,Labrador Retriever,86.3,14.0,13.4,57.5,77.3,L,1.003,Good Fit,D:\sideview_pipeline_stages\stage_1_3d_meshes\labrador\labrador_labrador_retriever_standing_side_profile_bing_00107_stage1_mesh.obj,D:\sideview_pipeline_stages\stage_2_depth_maps\labrador\labrador_labrador_retriever_standing_side_profile_bing_00107_stage2_depth.png,D:\sideview_pipeline_stages\stage_3_anatomical_masks\labrador\labrador_labrador_retriever_standing_side_profile_bing_00107_stage3_mask_L.png,D:\sideview_pipeline_stages\stage_4_vton_renders\labrador\labrador_labrador_retriever_standing_side_profile_bing_00107_stage4_vton_L.png
348,labrador_labrador_retriever_standing_side_profile_bing_00108,Labrador Retriever,90.5,14.7,14.1,59.8,80.3,L,1.052,Good Fit,D:\sideview_pipeline_stages\stage_1_3d_meshes\labrador\labrador_labrador_retriever_standing_side_profile_bing_00108_stage1_mesh.obj,D:\sideview_pipeline_stages\stage_2_depth_maps\labrador\labrador_labrador_retriever_standing_side_profile_bing_00108_stage2_depth.png,D:\sideview_pipeline_stages\stage_3_anatomical_masks\labrador\labrador_labrador_retriever_standing_side_profile_bing_00108_stage3_mask_L.png,D:\sideview_pipeline_stages\stage_4_vton_renders\labrador\labrador_labrador_retriever_standing_side_profile_bing_00108_stage4_vton_L.png
349,labrador_labrador_retriever_standing_side_profile_bing_00109,Labrador Retriever,79.9,13.3,12.1,100.7,70.8,M,1.065,Good Fit,D:\sideview_pipeline_stages\stage_1_3d_meshes\labrador\labrador_labrador_retriever_standing_side_profile_bing_00109_stage1_mesh.obj,D:\sideview_pipeline_stages\stage_2_depth_maps\labrador\labrador_labrador_retriever_standing_side_profile_bing_00109_stage2_depth.png,D:\sideview_pipeline_stages\stage_3_anatomical_masks\labrador\labrador_labrador_retriever_standing_side_profile_bing_00109_stage3_mask_M.png,D:\sideview_pipeline_stages\stage_4_vton_renders\labrador\labrador_labrador_retriever_standing_side_profile_bing_00109_stage4_vton_M.png
350,labrador_labrador_retriever_standing_side_profile_bing_00110,Labrador Retriever,84.6,13.9,13.0,44.6,82.8,L,0.984,Good Fit,D:\sideview_pipeline_stages\stage_1_3d_meshes\labrador\labrador_labrador_retriever_standing_side_profile_bing_00110_stage1_mesh.obj,D:\sideview_pipeline_stages\stage_2_depth_maps\labrador\labrador_labrador_retriever_standing_side_profile_bing_00110_stage2_depth.png,D:\sideview_pipeline_stages\stage_3_anatomical_masks\labrador\labrador_labrador_retriever_standing_side_profile_bing_00110_stage3_mask_L.png,D:\sideview_pipeline_stages\stage_4_vton_renders\labrador\labrador_labrador_retriever_standing_side_profile_bing_00110_stage4_vton_L.png
351,labrador_labrador_retriever_standing_side_profile_bing_00111,Labrador Retriever,90.7,15.5,13.4,37.4,77.7,L,1.055,Good Fit,D:\sideview_pipeline_stages\stage_1_3d_meshes\labrador\labrador_labrador_retriever_standing_side_profile_bing_00111_stage1_mesh.obj,D:\sideview_pipeline_stages\stage_2_depth_maps\labrador\labrador_labrador_retriever_standing_side_profile_bing_00111_stage2_depth.png,D:\sideview_pipeline_stages\stage_3_anatomical_masks\labrador\labrador_labrador_retriever_standing_side_profile_bing_00111_stage3_mask_L.png,D:\sideview_pipeline_stages\stage_4_vton_renders\labrador\labrador_labrador_retriever_standing_side_profile_bing_00111_stage4_vton_L.png
352,labrador_labrador_retriever_standing_side_profile_bing_00112,Labrador Retriever,81.7,13.1,12.9,60.2,71.7,L,0.95,Good Fit,D:\sideview_pipeline_stages\stage_1_3d_meshes\labrador\labrador_labrador_retriever_standing_side_profile_bing_00112_stage1_mesh.obj,D:\sideview_pipeline_stages\stage_2_depth_maps\labrador\labrador_labrador_retriever_standing_side_profile_bing_00112_stage2_depth.png,D:\sideview_pipeline_stages\stage_3_anatomical_masks\labrador\labrador_labrador_retriever_standing_side_profile_bing_00112_stage3_mask_L.png,D:\sideview_pipeline_stages\stage_4_vton_renders\labrador\labrador_labrador_retriever_standing_side_profile_bing_00112_stage4_vton_L.png
353,labrador_labrador_retriever_standing_side_profile_bing_00113,Labrador Retriever,89.3,14.5,14.0,53.6,69.8,L,1.038,Good Fit,D:\sideview_pipeline_stages\stage_1_3d_meshes\labrador\labrador_labrador_retriever_standing_side_profile_bing_00113_stage1_mesh.obj,D:\sideview_pipeline_stages\stage_2_depth_maps\labrador\labrador_labrador_retriever_standing_side_profile_bing_00113_stage2_depth.png,D:\sideview_pipeline_stages\stage_3_anatomical_masks\labrador\labrador_labrador_retriever_standing_side_profile_bing_00113_stage3_mask_L.png,D:\sideview_pipeline_stages\stage_4_vton_renders\labrador\labrador_labrador_retriever_standing_side_profile_bing_00113_stage4_vton_L.png
354,labrador_labrador_retriever_standing_side_profile_bing_00114,Labrador Retriever,157.5,28.2,21.7,56.3,75.9,XL,1.591,Tight,D:\sideview_pipeline_stages\stage_1_3d_meshes\labrador\labrador_labrador_retriever_standing_side_profile_bing_00114_stage1_mesh.obj,D:\sideview_pipeline_stages\stage_2_depth_maps\labrador\labrador_labrador_retriever_standing_side_profile_bing_00114_stage2_depth.png,D:\sideview_pipeline_stages\stage_3_anatomical_masks\labrador\labrador_labrador_retriever_standing_side_profile_bing_00114_stage3_mask_XL.png,D:\sideview_pipeline_stages\stage_4_vton_renders\labrador\labrador_labrador_retriever_standing_side_profile_bing_00114_stage4_vton_XL.png
355,labrador_labrador_retriever_standing_side_profile_bing_00115,Labrador Retriever,77.4,13.0,11.6,56.1,74.7,M,1.032,Good Fit,D:\sideview_pipeline_stages\stage_1_3d_meshes\labrador\labrador_labrador_retriever_standing_side_profile_bing_00115_stage1_mesh.obj,D:\sideview_pipeline_stages\stage_2_depth_maps\labrador\labrador_labrador_retriever_standing_side_profile_bing_00115_stage2_depth.png,D:\sideview_pipeline_stages\stage_3_anatomical_masks\labrador\labrador_labrador_retriever_standing_side_profile_bing_00115_stage3_mask_M.png,D:\sideview_pipeline_stages\stage_4_vton_renders\labrador\labrador_labrador_retriever_standing_side_profile_bing_00115_stage4_vton_M.png
356,labrador_labrador_retriever_standing_side_profile_bing_00116,Labrador Retriever,78.6,12.9,12.1,33.0,59.4,M,1.048,Good Fit,D:\sideview_pipeline_stages\stage_1_3d_meshes\labrador\labrador_labrador_retriever_standing_side_profile_bing_00116_stage1_mesh.obj,D:\sideview_pipeline_stages\stage_2_depth_maps\labrador\labrador_labrador_retriever_standing_side_profile_bing_00116_stage2_depth.png,D:\sideview_pipeline_stages\stage_3_anatomical_masks\labrador\labrador_labrador_retriever_standing_side_profile_bing_00116_stage3_mask_M.png,D:\sideview_pipeline_stages\stage_4_vton_renders\labrador\labrador_labrador_retriever_standing_side_profile_bing_00116_stage4_vton_M.png
357,labrador_labrador_retriever_standing_side_profile_bing_00117,Labrador Retriever,94.9,15.5,14.7,46.6,83.4,XL,0.959,Good Fit,D:\sideview_pipeline_stages\stage_1_3d_meshes\labrador\labrador_labrador_retriever_standing_side_profile_bing_00117_stage1_mesh.obj,D:\sideview_pipeline_stages\stage_2_depth_maps\labrador\labrador_labrador_retriever_standing_side_profile_bing_00117_stage2_depth.png,D:\sideview_pipeline_stages\stage_3_anatomical_masks\labrador\labrador_labrador_retriever_standing_side_profile_bing_00117_stage3_mask_XL.png,D:\sideview_pipeline_stages\stage_4_vton_renders\labrador\labrador_labrador_retriever_standing_side_profile_bing_00117_stage4_vton_XL.png
358,labrador_labrador_retriever_standing_side_profile_bing_00118,Labrador Retriever,92.2,15.4,14.0,46.7,64.4,L,1.072,Tight,D:\sideview_pipeline_stages\stage_1_3d_meshes\labrador\labrador_labrador_retriever_standing_side_profile_bing_00118_stage1_mesh.obj,D:\sideview_pipeline_stages\stage_2_depth_maps\labrador\labrador_labrador_retriever_standing_side_profile_bing_00118_stage2_depth.png,D:\sideview_pipeline_stages\stage_3_anatomical_masks\labrador\labrador_labrador_retriever_standing_side_profile_bing_00118_stage3_mask_L.png,D:\sideview_pipeline_stages\stage_4_vton_renders\labrador\labrador_labrador_retriever_standing_side_profile_bing_00118_stage4_vton_L.png
359,labrador_labrador_retriever_standing_side_profile_bing_00119,Labrador Retriever,117.3,19.6,17.7,65.0,72.5,XL,1.185,Tight,D:\sideview_pipeline_stages\stage_1_3d_meshes\labrador\labrador_labrador_retriever_standing_side_profile_bing_00119_stage1_mesh.obj,D:\sideview_pipeline_stages\stage_2_depth_maps\labrador\labrador_labrador_retriever_standing_side_profile_bing_00119_stage2_depth.png,D:\sideview_pipeline_stages\stage_3_anatomical_masks\labrador\labrador_labrador_retriever_standing_side_profile_bing_00119_stage3_mask_XL.png,D:\sideview_pipeline_stages\stage_4_vton_renders\labrador\labrador_labrador_retriever_standing_side_profile_bing_00119_stage4_vton_XL.png
360,labrador_labrador_retriever_standing_side_profile_bing_00120,Labrador Retriever,83.6,13.3,13.3,53.6,82.3,L,0.972,Good Fit,D:\sideview_pipeline_stages\stage_1_3d_meshes\labrador\labrador_labrador_retriever_standing_side_profile_bing_00120_stage1_mesh.obj,D:\sideview_pipeline_stages\stage_2_depth_maps\labrador\labrador_labrador_retriever_standing_side_profile_bing_00120_stage2_depth.png,D:\sideview_pipeline_stages\stage_3_anatomical_masks\labrador\labrador_labrador_retriever_standing_side_profile_bing_00120_stage3_mask_L.png,D:\sideview_pipeline_stages\stage_4_vton_renders\labrador\labrador_labrador_retriever_standing_side_profile_bing_00120_stage4_vton_L.png
361,labrador_labrador_retriever_standing_side_profile_bing_00121,Labrador Retriever,84.6,13.6,13.3,39.1,54.7,L,0.984,Good Fit,D:\sideview_pipeline_stages\stage_1_3d_meshes\labrador\labrador_labrador_retriever_standing_side_profile_bing_00121_stage1_mesh.obj,D:\sideview_pipeline_stages\stage_2_depth_maps\labrador\labrador_labrador_retriever_standing_side_profile_bing_00121_stage2_depth.png,D:\sideview_pipeline_stages\stage_3_anatomical_masks\labrador\labrador_labrador_retriever_standing_side_profile_bing_00121_stage3_mask_L.png,D:\sideview_pipeline_stages\stage_4_vton_renders\labrador\labrador_labrador_retriever_standing_side_profile_bing_00121_stage4_vton_L.png
362,labrador_labrador_retriever_standing_side_profile_bing_00122,Labrador Retriever,93.8,15.1,14.8,58.4,81.2,XL,0.947,Good Fit,D:\sideview_pipeline_stages\stage_1_3d_meshes\labrador\labrador_labrador_retriever_standing_side_profile_bing_00122_stage1_mesh.obj,D:\sideview_pipeline_stages\stage_2_depth_maps\labrador\labrador_labrador_retriever_standing_side_profile_bing_00122_stage2_depth.png,D:\sideview_pipeline_stages\stage_3_anatomical_masks\labrador\labrador_labrador_retriever_standing_side_profile_bing_00122_stage3_mask_XL.png,D:\sideview_pipeline_stages\stage_4_vton_renders\labrador\labrador_labrador_retriever_standing_side_profile_bing_00122_stage4_vton_XL.png
363,labrador_labrador_side_view_bing_00000,Labrador Retriever,92.5,15.0,14.4,47.5,68.6,L,1.076,Tight,D:\sideview_pipeline_stages\stage_1_3d_meshes\labrador\labrador_labrador_side_view_bing_00000_stage1_mesh.obj,D:\sideview_pipeline_stages\stage_2_depth_maps\labrador\labrador_labrador_side_view_bing_00000_stage2_depth.png,D:\sideview_pipeline_stages\stage_3_anatomical_masks\labrador\labrador_labrador_side_view_bing_00000_stage3_mask_L.png,D:\sideview_pipeline_stages\stage_4_vton_renders\labrador\labrador_labrador_side_view_bing_00000_stage4_vton_L.png
364,labrador_labrador_side_view_bing_00001,Labrador Retriever,98.3,16.0,15.3,53.1,76.8,XL,0.993,Good Fit,D:\sideview_pipeline_stages\stage_1_3d_meshes\labrador\labrador_labrador_side_view_bing_00001_stage1_mesh.obj,D:\sideview_pipeline_stages\stage_2_depth_maps\labrador\labrador_labrador_side_view_bing_00001_stage2_depth.png,D:\sideview_pipeline_stages\stage_3_anatomical_masks\labrador\labrador_labrador_side_view_bing_00001_stage3_mask_XL.png,D:\sideview_pipeline_stages\stage_4_vton_renders\labrador\labrador_labrador_side_view_bing_00001_stage4_vton_XL.png
365,labrador_labrador_side_view_bing_00002,Labrador Retriever,92.3,14.8,14.6,52.9,71.4,L,1.073,Tight,D:\sideview_pipeline_stages\stage_1_3d_meshes\labrador\labrador_labrador_side_view_bing_00002_stage1_mesh.obj,D:\sideview_pipeline_stages\stage_2_depth_maps\labrador\labrador_labrador_side_view_bing_00002_stage2_depth.png,D:\sideview_pipeline_stages\stage_3_anatomical_masks\labrador\labrador_labrador_side_view_bing_00002_stage3_mask_L.png,D:\sideview_pipeline_stages\stage_4_vton_renders\labrador\labrador_labrador_side_view_bing_00002_stage4_vton_L.png
366,labrador_labrador_side_view_bing_00003,Labrador Retriever,90.5,14.4,14.4,50.3,68.9,L,1.052,Good Fit,D:\sideview_pipeline_stages\stage_1_3d_meshes\labrador\labrador_labrador_side_view_bing_00003_stage1_mesh.obj,D:\sideview_pipeline_stages\stage_2_depth_maps\labrador\labrador_labrador_side_view_bing_00003_stage2_depth.png,D:\sideview_pipeline_stages\stage_3_anatomical_masks\labrador\labrador_labrador_side_view_bing_00003_stage3_mask_L.png,D:\sideview_pipeline_stages\stage_4_vton_renders\labrador\labrador_labrador_side_view_bing_00003_stage4_vton_L.png
367,labrador_labrador_side_view_bing_00004,Labrador Retriever,120.8,24.8,12.7,51.5,66.7,XL,1.22,Tight,D:\sideview_pipeline_stages\stage_1_3d_meshes\labrador\labrador_labrador_side_view_bing_00004_stage1_mesh.obj,D:\sideview_pipeline_stages\stage_2_depth_maps\labrador\labrador_labrador_side_view_bing_00004_stage2_depth.png,D:\sideview_pipeline_stages\stage_3_anatomical_masks\labrador\labrador_labrador_side_view_bing_00004_stage3_mask_XL.png,D:\sideview_pipeline_stages\stage_4_vton_renders\labrador\labrador_labrador_side_view_bing_00004_stage4_vton_XL.png
368,labrador_labrador_side_view_bing_00005,Labrador Retriever,112.3,18.1,17.7,47.7,72.9,XL,1.134,Tight,D:\sideview_pipeline_stages\stage_1_3d_meshes\labrador\labrador_labrador_side_view_bing_00005_stage1_mesh.obj,D:\sideview_pipeline_stages\stage_2_depth_maps\labrador\labrador_labrador_side_view_bing_00005_stage2_depth.png,D:\sideview_pipeline_stages\stage_3_anatomical_masks\labrador\labrador_labrador_side_view_bing_00005_stage3_mask_XL.png,D:\sideview_pipeline_stages\stage_4_vton_renders\labrador\labrador_labrador_side_view_bing_00005_stage4_vton_XL.png
369,labrador_labrador_side_view_bing_00006,Labrador Retriever,87.7,14.6,13.3,41.1,62.2,L,1.02,Good Fit,D:\sideview_pipeline_stages\stage_1_3d_meshes\labrador\labrador_labrador_side_view_bing_00006_stage1_mesh.obj,D:\sideview_pipeline_stages\stage_2_depth_maps\labrador\labrador_labrador_side_view_bing_00006_stage2_depth.png,D:\sideview_pipeline_stages\stage_3_anatomical_masks\labrador\labrador_labrador_side_view_bing_00006_stage3_mask_L.png,D:\sideview_pipeline_stages\stage_4_vton_renders\labrador\labrador_labrador_side_view_bing_00006_stage4_vton_L.png
370,labrador_labrador_side_view_bing_00007,Labrador Retriever,91.8,14.9,14.3,60.8,82.8,L,1.067,Tight,D:\sideview_pipeline_stages\stage_1_3d_meshes\labrador\labrador_labrador_side_view_bing_00007_stage1_mesh.obj,D:\sideview_pipeline_stages\stage_2_depth_maps\labrador\labrador_labrador_side_view_bing_00007_stage2_depth.png,D:\sideview_pipeline_stages\stage_3_anatomical_masks\labrador\labrador_labrador_side_view_bing_00007_stage3_mask_L.png,D:\sideview_pipeline_stages\stage_4_vton_renders\labrador\labrador_labrador_side_view_bing_00007_stage4_vton_L.png
371,labrador_labrador_side_view_bing_00008,Labrador Retriever,96.4,15.8,14.9,58.0,72.2,XL,0.974,Good Fit,D:\sideview_pipeline_stages\stage_1_3d_meshes\labrador\labrador_labrador_side_view_bing_00008_stage1_mesh.obj,D:\sideview_pipeline_stages\stage_2_depth_maps\labrador\labrador_labrador_side_view_bing_00008_stage2_depth.png,D:\sideview_pipeline_stages\stage_3_anatomical_masks\labrador\labrador_labrador_side_view_bing_00008_stage3_mask_XL.png,D:\sideview_pipeline_stages\stage_4_vton_renders\labrador\labrador_labrador_side_view_bing_00008_stage4_vton_XL.png
372,labrador_labrador_side_view_bing_00009,Labrador Retriever,108.7,17.3,17.3,44.9,58.0,XL,1.098,Tight,D:\sideview_pipeline_stages\stage_1_3d_meshes\labrador\labrador_labrador_side_view_bing_00009_stage1_mesh.obj,D:\sideview_pipeline_stages\stage_2_depth_maps\labrador\labrador_labrador_side_view_bing_00009_stage2_depth.png,D:\sideview_pipeline_stages\stage_3_anatomical_masks\labrador\labrador_labrador_side_view_bing_00009_stage3_mask_XL.png,D:\sideview_pipeline_stages\stage_4_vton_renders\labrador\labrador_labrador_side_view_bing_00009_stage4_vton_XL.png
373,labrador_labrador_side_view_bing_00010,Labrador Retriever,88.4,14.2,13.9,54.3,83.2,L,1.028,Good Fit,D:\sideview_pipeline_stages\stage_1_3d_meshes\labrador\labrador_labrador_side_view_bing_00010_stage1_mesh.obj,D:\sideview_pipeline_stages\stage_2_depth_maps\labrador\labrador_labrador_side_view_bing_00010_stage2_depth.png,D:\sideview_pipeline_stages\stage_3_anatomical_masks\labrador\labrador_labrador_side_view_bing_00010_stage3_mask_L.png,D:\sideview_pipeline_stages\stage_4_vton_renders\labrador\labrador_labrador_side_view_bing_00010_stage4_vton_L.png
374,labrador_labrador_side_view_bing_00011,Labrador Retriever,87.9,14.1,13.9,34.6,90.7,L,1.022,Good Fit,D:\sideview_pipeline_stages\stage_1_3d_meshes\labrador\labrador_labrador_side_view_bing_00011_stage1_mesh.obj,D:\sideview_pipeline_stages\stage_2_depth_maps\labrador\labrador_labrador_side_view_bing_00011_stage2_depth.png,D:\sideview_pipeline_stages\stage_3_anatomical_masks\labrador\labrador_labrador_side_view_bing_00011_stage3_mask_L.png,D:\sideview_pipeline_stages\stage_4_vton_renders\labrador\labrador_labrador_side_view_bing_00011_stage4_vton_L.png
375,labrador_labrador_side_view_bing_00012,Labrador Retriever,90.4,14.9,13.9,61.7,84.5,L,1.051,Good Fit,D:\sideview_pipeline_stages\stage_1_3d_meshes\labrador\labrador_labrador_side_view_bing_00012_stage1_mesh.obj,D:\sideview_pipeline_stages\stage_2_depth_maps\labrador\labrador_labrador_side_view_bing_00012_stage2_depth.png,D:\sideview_pipeline_stages\stage_3_anatomical_masks\labrador\labrador_labrador_side_view_bing_00012_stage3_mask_L.png,D:\sideview_pipeline_stages\stage_4_vton_renders\labrador\labrador_labrador_side_view_bing_00012_stage4_vton_L.png
376,labrador_labrador_side_view_bing_00013,Labrador Retriever,93.1,15.4,14.2,59.2,83.5,XL,0.94,Good Fit,D:\sideview_pipeline_stages\stage_1_3d_meshes\labrador\labrador_labrador_side_view_bing_00013_stage1_mesh.obj,D:\sideview_pipeline_stages\stage_2_depth_maps\labrador\labrador_labrador_side_view_bing_00013_stage2_depth.png,D:\sideview_pipeline_stages\stage_3_anatomical_masks\labrador\labrador_labrador_side_view_bing_00013_stage3_mask_XL.png,D:\sideview_pipeline_stages\stage_4_vton_renders\labrador\labrador_labrador_side_view_bing_00013_stage4_vton_XL.png
377,labrador_labrador_side_view_bing_00014,Labrador Retriever,86.4,14.0,13.5,52.9,67.9,L,1.005,Good Fit,D:\sideview_pipeline_stages\stage_1_3d_meshes\labrador\labrador_labrador_side_view_bing_00014_stage1_mesh.obj,D:\sideview_pipeline_stages\stage_2_depth_maps\labrador\labrador_labrador_side_view_bing_00014_stage2_depth.png,D:\sideview_pipeline_stages\stage_3_anatomical_masks\labrador\labrador_labrador_side_view_bing_00014_stage3_mask_L.png,D:\sideview_pipeline_stages\stage_4_vton_renders\labrador\labrador_labrador_side_view_bing_00014_stage4_vton_L.png
378,labrador_labrador_side_view_bing_00015,Labrador Retriever,91.4,14.7,14.4,59.2,78.6,L,1.063,Tight,D:\sideview_pipeline_stages\stage_1_3d_meshes\labrador\labrador_labrador_side_view_bing_00015_stage1_mesh.obj,D:\sideview_pipeline_stages\stage_2_depth_maps\labrador\labrador_labrador_side_view_bing_00015_stage2_depth.png,D:\sideview_pipeline_stages\stage_3_anatomical_masks\labrador\labrador_labrador_side_view_bing_00015_stage3_mask_L.png,D:\sideview_pipeline_stages\stage_4_vton_renders\labrador\labrador_labrador_side_view_bing_00015_stage4_vton_L.png
379,labrador_labrador_side_view_bing_00016,Labrador Retriever,91.2,14.9,14.2,60.9,80.9,L,1.06,Tight,D:\sideview_pipeline_stages\stage_1_3d_meshes\labrador\labrador_labrador_side_view_bing_00016_stage1_mesh.obj,D:\sideview_pipeline_stages\stage_2_depth_maps\labrador\labrador_labrador_side_view_bing_00016_stage2_depth.png,D:\sideview_pipeline_stages\stage_3_anatomical_masks\labrador\labrador_labrador_side_view_bing_00016_stage3_mask_L.png,D:\sideview_pipeline_stages\stage_4_vton_renders\labrador\labrador_labrador_side_view_bing_00016_stage4_vton_L.png
380,labrador_labrador_side_view_bing_00017,Labrador Retriever,89.2,14.2,14.1,57.7,78.6,L,1.037,Good Fit,D:\sideview_pipeline_stages\stage_1_3d_meshes\labrador\labrador_labrador_side_view_bing_00017_stage1_mesh.obj,D:\sideview_pipeline_stages\stage_2_depth_maps\labrador\labrador_labrador_side_view_bing_00017_stage2_depth.png,D:\sideview_pipeline_stages\stage_3_anatomical_masks\labrador\labrador_labrador_side_view_bing_00017_stage3_mask_L.png,D:\sideview_pipeline_stages\stage_4_vton_renders\labrador\labrador_labrador_side_view_bing_00017_stage4_vton_L.png
381,labrador_labrador_side_view_bing_00018,Labrador Retriever,91.8,14.8,14.4,52.8,71.8,L,1.067,Tight,D:\sideview_pipeline_stages\stage_1_3d_meshes\labrador\labrador_labrador_side_view_bing_00018_stage1_mesh.obj,D:\sideview_pipeline_stages\stage_2_depth_maps\labrador\labrador_labrador_side_view_bing_00018_stage2_depth.png,D:\sideview_pipeline_stages\stage_3_anatomical_masks\labrador\labrador_labrador_side_view_bing_00018_stage3_mask_L.png,D:\sideview_pipeline_stages\stage_4_vton_renders\labrador\labrador_labrador_side_view_bing_00018_stage4_vton_L.png
382,labrador_labrador_side_view_bing_00019,Labrador Retriever,83.8,13.9,12.7,44.1,80.7,L,0.974,Good Fit,D:\sideview_pipeline_stages\stage_1_3d_meshes\labrador\labrador_labrador_side_view_bing_00019_stage1_mesh.obj,D:\sideview_pipeline_stages\stage_2_depth_maps\labrador\labrador_labrador_side_view_bing_00019_stage2_depth.png,D:\sideview_pipeline_stages\stage_3_anatomical_masks\labrador\labrador_labrador_side_view_bing_00019_stage3_mask_L.png,D:\sideview_pipeline_stages\stage_4_vton_renders\labrador\labrador_labrador_side_view_bing_00019_stage4_vton_L.png
383,labrador_labrador_side_view_bing_00020,Labrador Retriever,80.0,12.8,12.6,49.9,54.9,M,1.067,Good Fit,D:\sideview_pipeline_stages\stage_1_3d_meshes\labrador\labrador_labrador_side_view_bing_00020_stage1_mesh.obj,D:\sideview_pipeline_stages\stage_2_depth_maps\labrador\labrador_labrador_side_view_bing_00020_stage2_depth.png,D:\sideview_pipeline_stages\stage_3_anatomical_masks\labrador\labrador_labrador_side_view_bing_00020_stage3_mask_M.png,D:\sideview_pipeline_stages\stage_4_vton_renders\labrador\labrador_labrador_side_view_bing_00020_stage4_vton_M.png
384,labrador_labrador_side_view_bing_00021,Labrador Retriever,82.4,13.1,13.1,48.1,75.6,L,0.958,Good Fit,D:\sideview_pipeline_stages\stage_1_3d_meshes\labrador\labrador_labrador_side_view_bing_00021_stage1_mesh.obj,D:\sideview_pipeline_stages\stage_2_depth_maps\labrador\labrador_labrador_side_view_bing_00021_stage2_depth.png,D:\sideview_pipeline_stages\stage_3_anatomical_masks\labrador\labrador_labrador_side_view_bing_00021_stage3_mask_L.png,D:\sideview_pipeline_stages\stage_4_vton_renders\labrador\labrador_labrador_side_view_bing_00021_stage4_vton_L.png
385,labrador_labrador_side_view_bing_00022,Labrador Retriever,90.1,14.4,14.3,38.8,80.5,L,1.048,Good Fit,D:\sideview_pipeline_stages\stage_1_3d_meshes\labrador\labrador_labrador_side_view_bing_00022_stage1_mesh.obj,D:\sideview_pipeline_stages\stage_2_depth_maps\labrador\labrador_labrador_side_view_bing_00022_stage2_depth.png,D:\sideview_pipeline_stages\stage_3_anatomical_masks\labrador\labrador_labrador_side_view_bing_00022_stage3_mask_L.png,D:\sideview_pipeline_stages\stage_4_vton_renders\labrador\labrador_labrador_side_view_bing_00022_stage4_vton_L.png
386,labrador_labrador_side_view_bing_00023,Labrador Retriever,92.3,15.0,14.4,47.6,68.8,L,1.073,Tight,D:\sideview_pipeline_stages\stage_1_3d_meshes\labrador\labrador_labrador_side_view_bing_00023_stage1_mesh.obj,D:\sideview_pipeline_stages\stage_2_depth_maps\labrador\labrador_labrador_side_view_bing_00023_stage2_depth.png,D:\sideview_pipeline_stages\stage_3_anatomical_masks\labrador\labrador_labrador_side_view_bing_00023_stage3_mask_L.png,D:\sideview_pipeline_stages\stage_4_vton_renders\labrador\labrador_labrador_side_view_bing_00023_stage4_vton_L.png
387,labrador_labrador_side_view_bing_00024,Labrador Retriever,106.7,21.1,12.3,48.1,74.7,XL,1.078,Good Fit,D:\sideview_pipeline_stages\stage_1_3d_meshes\labrador\labrador_labrador_side_view_bing_00024_stage1_mesh.obj,D:\sideview_pipeline_stages\stage_2_depth_maps\labrador\labrador_labrador_side_view_bing_00024_stage2_depth.png,D:\sideview_pipeline_stages\stage_3_anatomical_masks\labrador\labrador_labrador_side_view_bing_00024_stage3_mask_XL.png,D:\sideview_pipeline_stages\stage_4_vton_renders\labrador\labrador_labrador_side_view_bing_00024_stage4_vton_XL.png
388,labrador_labrador_side_view_bing_00025,Labrador Retriever,89.8,14.6,14.0,59.1,71.1,L,1.044,Good Fit,D:\sideview_pipeline_stages\stage_1_3d_meshes\labrador\labrador_labrador_side_view_bing_00025_stage1_mesh.obj,D:\sideview_pipeline_stages\stage_2_depth_maps\labrador\labrador_labrador_side_view_bing_00025_stage2_depth.png,D:\sideview_pipeline_stages\stage_3_anatomical_masks\labrador\labrador_labrador_side_view_bing_00025_stage3_mask_L.png,D:\sideview_pipeline_stages\stage_4_vton_renders\labrador\labrador_labrador_side_view_bing_00025_stage4_vton_L.png
389,labrador_labrador_side_view_bing_00026,Labrador Retriever,96.3,17.1,13.4,126.3,69.4,XL,0.973,Good Fit,D:\sideview_pipeline_stages\stage_1_3d_meshes\labrador\labrador_labrador_side_view_bing_00026_stage1_mesh.obj,D:\sideview_pipeline_stages\stage_2_depth_maps\labrador\labrador_labrador_side_view_bing_00026_stage2_depth.png,D:\sideview_pipeline_stages\stage_3_anatomical_masks\labrador\labrador_labrador_side_view_bing_00026_stage3_mask_XL.png,D:\sideview_pipeline_stages\stage_4_vton_renders\labrador\labrador_labrador_side_view_bing_00026_stage4_vton_XL.png
390,labrador_labrador_side_view_bing_00027,Labrador Retriever,88.5,14.1,14.1,43.3,71.4,L,1.029,Good Fit,D:\sideview_pipeline_stages\stage_1_3d_meshes\labrador\labrador_labrador_side_view_bing_00027_stage1_mesh.obj,D:\sideview_pipeline_stages\stage_2_depth_maps\labrador\labrador_labrador_side_view_bing_00027_stage2_depth.png,D:\sideview_pipeline_stages\stage_3_anatomical_masks\labrador\labrador_labrador_side_view_bing_00027_stage3_mask_L.png,D:\sideview_pipeline_stages\stage_4_vton_renders\labrador\labrador_labrador_side_view_bing_00027_stage4_vton_L.png
391,labrador_labrador_side_view_bing_00028,Labrador Retriever,89.2,14.3,14.1,56.0,78.9,L,1.037,Good Fit,D:\sideview_pipeline_stages\stage_1_3d_meshes\labrador\labrador_labrador_side_view_bing_00028_stage1_mesh.obj,D:\sideview_pipeline_stages\stage_2_depth_maps\labrador\labrador_labrador_side_view_bing_00028_stage2_depth.png,D:\sideview_pipeline_stages\stage_3_anatomical_masks\labrador\labrador_labrador_side_view_bing_00028_stage3_mask_L.png,D:\sideview_pipeline_stages\stage_4_vton_renders\labrador\labrador_labrador_side_view_bing_00028_stage4_vton_L.png
392,labrador_labrador_side_view_bing_00029,Labrador Retriever,97.3,16.7,14.2,50.9,73.3,XL,0.983,Good Fit,D:\sideview_pipeline_stages\stage_1_3d_meshes\labrador\labrador_labrador_side_view_bing_00029_stage1_mesh.obj,D:\sideview_pipeline_stages\stage_2_depth_maps\labrador\labrador_labrador_side_view_bing_00029_stage2_depth.png,D:\sideview_pipeline_stages\stage_3_anatomical_masks\labrador\labrador_labrador_side_view_bing_00029_stage3_mask_XL.png,D:\sideview_pipeline_stages\stage_4_vton_renders\labrador\labrador_labrador_side_view_bing_00029_stage4_vton_XL.png
393,labrador_labrador_side_view_bing_00030,Labrador Retriever,84.2,13.6,13.2,55.0,73.7,L,0.979,Good Fit,D:\sideview_pipeline_stages\stage_1_3d_meshes\labrador\labrador_labrador_side_view_bing_00030_stage1_mesh.obj,D:\sideview_pipeline_stages\stage_2_depth_maps\labrador\labrador_labrador_side_view_bing_00030_stage2_depth.png,D:\sideview_pipeline_stages\stage_3_anatomical_masks\labrador\labrador_labrador_side_view_bing_00030_stage3_mask_L.png,D:\sideview_pipeline_stages\stage_4_vton_renders\labrador\labrador_labrador_side_view_bing_00030_stage4_vton_L.png
394,labrador_labrador_side_view_bing_00031,Labrador Retriever,95.1,15.5,14.7,55.8,85.8,XL,0.961,Good Fit,D:\sideview_pipeline_stages\stage_1_3d_meshes\labrador\labrador_labrador_side_view_bing_00031_stage1_mesh.obj,D:\sideview_pipeline_stages\stage_2_depth_maps\labrador\labrador_labrador_side_view_bing_00031_stage2_depth.png,D:\sideview_pipeline_stages\stage_3_anatomical_masks\labrador\labrador_labrador_side_view_bing_00031_stage3_mask_XL.png,D:\sideview_pipeline_stages\stage_4_vton_renders\labrador\labrador_labrador_side_view_bing_00031_stage4_vton_XL.png
395,labrador_labrador_side_view_bing_00032,Labrador Retriever,108.8,17.7,16.9,63.5,69.1,XL,1.099,Tight,D:\sideview_pipeline_stages\stage_1_3d_meshes\labrador\labrador_labrador_side_view_bing_00032_stage1_mesh.obj,D:\sideview_pipeline_stages\stage_2_depth_maps\labrador\labrador_labrador_side_view_bing_00032_stage2_depth.png,D:\sideview_pipeline_stages\stage_3_anatomical_masks\labrador\labrador_labrador_side_view_bing_00032_stage3_mask_XL.png,D:\sideview_pipeline_stages\stage_4_vton_renders\labrador\labrador_labrador_side_view_bing_00032_stage4_vton_XL.png
396,labrador_labrador_side_view_bing_00033,Labrador Retriever,95.9,15.4,15.2,105.8,54.9,XL,0.969,Good Fit,D:\sideview_pipeline_stages\stage_1_3d_meshes\labrador\labrador_labrador_side_view_bing_00033_stage1_mesh.obj,D:\sideview_pipeline_stages\stage_2_depth_maps\labrador\labrador_labrador_side_view_bing_00033_stage2_depth.png,D:\sideview_pipeline_stages\stage_3_anatomical_masks\labrador\labrador_labrador_side_view_bing_00033_stage3_mask_XL.png,D:\sideview_pipeline_stages\stage_4_vton_renders\labrador\labrador_labrador_side_view_bing_00033_stage4_vton_XL.png
397,labrador_labrador_side_view_bing_00034,Labrador Retriever,89.9,14.5,14.2,59.1,80.5,L,1.045,Good Fit,D:\sideview_pipeline_stages\stage_1_3d_meshes\labrador\labrador_labrador_side_view_bing_00034_stage1_mesh.obj,D:\sideview_pipeline_stages\stage_2_depth_maps\labrador\labrador_labrador_side_view_bing_00034_stage2_depth.png,D:\sideview_pipeline_stages\stage_3_anatomical_masks\labrador\labrador_labrador_side_view_bing_00034_stage3_mask_L.png,D:\sideview_pipeline_stages\stage_4_vton_renders\labrador\labrador_labrador_side_view_bing_00034_stage4_vton_L.png
398,labrador_labrador_side_view_bing_00035,Labrador Retriever,92.5,15.8,13.6,28.0,82.8,L,1.076,Tight,D:\sideview_pipeline_stages\stage_1_3d_meshes\labrador\labrador_labrador_side_view_bing_00035_stage1_mesh.obj,D:\sideview_pipeline_stages\stage_2_depth_maps\labrador\labrador_labrador_side_view_bing_00035_stage2_depth.png,D:\sideview_pipeline_stages\stage_3_anatomical_masks\labrador\labrador_labrador_side_view_bing_00035_stage3_mask_L.png,D:\sideview_pipeline_stages\stage_4_vton_renders\labrador\labrador_labrador_side_view_bing_00035_stage4_vton_L.png
399,labrador_labrador_side_view_bing_00036,Labrador Retriever,94.9,15.7,14.5,58.7,79.2,XL,0.959,Good Fit,D:\sideview_pipeline_stages\stage_1_3d_meshes\labrador\labrador_labrador_side_view_bing_00036_stage1_mesh.obj,D:\sideview_pipeline_stages\stage_2_depth_maps\labrador\labrador_labrador_side_view_bing_00036_stage2_depth.png,D:\sideview_pipeline_stages\stage_3_anatomical_masks\labrador\labrador_labrador_side_view_bing_00036_stage3_mask_XL.png,D:\sideview_pipeline_stages\stage_4_vton_renders\labrador\labrador_labrador_side_view_bing_00036_stage4_vton_XL.png
400,labrador_labrador_side_view_bing_00037,Labrador Retriever,94.6,15.1,15.0,62.1,83.4,XL,0.956,Good Fit,D:\sideview_pipeline_stages\stage_1_3d_meshes\labrador\labrador_labrador_side_view_bing_00037_stage1_mesh.obj,D:\sideview_pipeline_stages\stage_2_depth_maps\labrador\labrador_labrador_side_view_bing_00037_stage2_depth.png,D:\sideview_pipeline_stages\stage_3_anatomical_masks\labrador\labrador_labrador_side_view_bing_00037_stage3_mask_XL.png,D:\sideview_pipeline_stages\stage_4_vton_renders\labrador\labrador_labrador_side_view_bing_00037_stage4_vton_XL.png
401,labrador_labrador_side_view_bing_00038,Labrador Retriever,84.6,13.6,13.3,39.1,54.7,L,0.984,Good Fit,D:\sideview_pipeline_stages\stage_1_3d_meshes\labrador\labrador_labrador_side_view_bing_00038_stage1_mesh.obj,D:\sideview_pipeline_stages\stage_2_depth_maps\labrador\labrador_labrador_side_view_bing_00038_stage2_depth.png,D:\sideview_pipeline_stages\stage_3_anatomical_masks\labrador\labrador_labrador_side_view_bing_00038_stage3_mask_L.png,D:\sideview_pipeline_stages\stage_4_vton_renders\labrador\labrador_labrador_side_view_bing_00038_stage4_vton_L.png
402,labrador_labrador_side_view_bing_00039,Labrador Retriever,100.6,17.2,14.8,45.7,67.5,XL,1.016,Good Fit,D:\sideview_pipeline_stages\stage_1_3d_meshes\labrador\labrador_labrador_side_view_bing_00039_stage1_mesh.obj,D:\sideview_pipeline_stages\stage_2_depth_maps\labrador\labrador_labrador_side_view_bing_00039_stage2_depth.png,D:\sideview_pipeline_stages\stage_3_anatomical_masks\labrador\labrador_labrador_side_view_bing_00039_stage3_mask_XL.png,D:\sideview_pipeline_stages\stage_4_vton_renders\labrador\labrador_labrador_side_view_bing_00039_stage4_vton_XL.png
403,labrador_labrador_side_view_bing_00040,Labrador Retriever,98.7,16.3,15.1,46.2,83.4,XL,0.997,Good Fit,D:\sideview_pipeline_stages\stage_1_3d_meshes\labrador\labrador_labrador_side_view_bing_00040_stage1_mesh.obj,D:\sideview_pipeline_stages\stage_2_depth_maps\labrador\labrador_labrador_side_view_bing_00040_stage2_depth.png,D:\sideview_pipeline_stages\stage_3_anatomical_masks\labrador\labrador_labrador_side_view_bing_00040_stage3_mask_XL.png,D:\sideview_pipeline_stages\stage_4_vton_renders\labrador\labrador_labrador_side_view_bing_00040_stage4_vton_XL.png
404,labrador_labrador_side_view_bing_00041,Labrador Retriever,83.0,13.8,12.6,56.8,76.8,L,0.965,Good Fit,D:\sideview_pipeline_stages\stage_1_3d_meshes\labrador\labrador_labrador_side_view_bing_00041_stage1_mesh.obj,D:\sideview_pipeline_stages\stage_2_depth_maps\labrador\labrador_labrador_side_view_bing_00041_stage2_depth.png,D:\sideview_pipeline_stages\stage_3_anatomical_masks\labrador\labrador_labrador_side_view_bing_00041_stage3_mask_L.png,D:\sideview_pipeline_stages\stage_4_vton_renders\labrador\labrador_labrador_side_view_bing_00041_stage4_vton_L.png
405,labrador_labrador_side_view_bing_00042,Labrador Retriever,86.6,14.1,13.5,57.0,79.6,L,1.007,Good Fit,D:\sideview_pipeline_stages\stage_1_3d_meshes\labrador\labrador_labrador_side_view_bing_00042_stage1_mesh.obj,D:\sideview_pipeline_stages\stage_2_depth_maps\labrador\labrador_labrador_side_view_bing_00042_stage2_depth.png,D:\sideview_pipeline_stages\stage_3_anatomical_masks\labrador\labrador_labrador_side_view_bing_00042_stage3_mask_L.png,D:\sideview_pipeline_stages\stage_4_vton_renders\labrador\labrador_labrador_side_view_bing_00042_stage4_vton_L.png
406,labrador_labrador_side_view_bing_00043,Labrador Retriever,157.5,28.2,21.7,56.3,75.9,XL,1.591,Tight,D:\sideview_pipeline_stages\stage_1_3d_meshes\labrador\labrador_labrador_side_view_bing_00043_stage1_mesh.obj,D:\sideview_pipeline_stages\stage_2_depth_maps\labrador\labrador_labrador_side_view_bing_00043_stage2_depth.png,D:\sideview_pipeline_stages\stage_3_anatomical_masks\labrador\labrador_labrador_side_view_bing_00043_stage3_mask_XL.png,D:\sideview_pipeline_stages\stage_4_vton_renders\labrador\labrador_labrador_side_view_bing_00043_stage4_vton_XL.png
407,labrador_labrador_side_view_bing_00044,Labrador Retriever,94.6,15.3,14.8,62.0,81.0,XL,0.956,Good Fit,D:\sideview_pipeline_stages\stage_1_3d_meshes\labrador\labrador_labrador_side_view_bing_00044_stage1_mesh.obj,D:\sideview_pipeline_stages\stage_2_depth_maps\labrador\labrador_labrador_side_view_bing_00044_stage2_depth.png,D:\sideview_pipeline_stages\stage_3_anatomical_masks\labrador\labrador_labrador_side_view_bing_00044_stage3_mask_XL.png,D:\sideview_pipeline_stages\stage_4_vton_renders\labrador\labrador_labrador_side_view_bing_00044_stage4_vton_XL.png
408,labrador_labrador_side_view_bing_00045,Labrador Retriever,96.3,16.0,14.6,40.3,58.1,XL,0.973,Good Fit,D:\sideview_pipeline_stages\stage_1_3d_meshes\labrador\labrador_labrador_side_view_bing_00045_stage1_mesh.obj,D:\sideview_pipeline_stages\stage_2_depth_maps\labrador\labrador_labrador_side_view_bing_00045_stage2_depth.png,D:\sideview_pipeline_stages\stage_3_anatomical_masks\labrador\labrador_labrador_side_view_bing_00045_stage3_mask_XL.png,D:\sideview_pipeline_stages\stage_4_vton_renders\labrador\labrador_labrador_side_view_bing_00045_stage4_vton_XL.png
409,labrador_labrador_side_view_bing_00046,Labrador Retriever,92.4,14.9,14.5,63.4,86.0,L,1.074,Tight,D:\sideview_pipeline_stages\stage_1_3d_meshes\labrador\labrador_labrador_side_view_bing_00046_stage1_mesh.obj,D:\sideview_pipeline_stages\stage_2_depth_maps\labrador\labrador_labrador_side_view_bing_00046_stage2_depth.png,D:\sideview_pipeline_stages\stage_3_anatomical_masks\labrador\labrador_labrador_side_view_bing_00046_stage3_mask_L.png,D:\sideview_pipeline_stages\stage_4_vton_renders\labrador\labrador_labrador_side_view_bing_00046_stage4_vton_L.png
410,labrador_labrador_side_view_bing_00047,Labrador Retriever,92.2,15.4,14.0,46.7,64.4,L,1.072,Tight,D:\sideview_pipeline_stages\stage_1_3d_meshes\labrador\labrador_labrador_side_view_bing_00047_stage1_mesh.obj,D:\sideview_pipeline_stages\stage_2_depth_maps\labrador\labrador_labrador_side_view_bing_00047_stage2_depth.png,D:\sideview_pipeline_stages\stage_3_anatomical_masks\labrador\labrador_labrador_side_view_bing_00047_stage3_mask_L.png,D:\sideview_pipeline_stages\stage_4_vton_renders\labrador\labrador_labrador_side_view_bing_00047_stage4_vton_L.png
411,labrador_labrador_side_view_bing_00048,Labrador Retriever,103.4,16.5,16.4,48.4,79.3,XL,1.044,Good Fit,D:\sideview_pipeline_stages\stage_1_3d_meshes\labrador\labrador_labrador_side_view_bing_00048_stage1_mesh.obj,D:\sideview_pipeline_stages\stage_2_depth_maps\labrador\labrador_labrador_side_view_bing_00048_stage2_depth.png,D:\sideview_pipeline_stages\stage_3_anatomical_masks\labrador\labrador_labrador_side_view_bing_00048_stage3_mask_XL.png,D:\sideview_pipeline_stages\stage_4_vton_renders\labrador\labrador_labrador_side_view_bing_00048_stage4_vton_XL.png
412,labrador_labrador_side_view_bing_00049,Labrador Retriever,112.0,18.3,17.3,54.0,67.5,XL,1.131,Tight,D:\sideview_pipeline_stages\stage_1_3d_meshes\labrador\labrador_labrador_side_view_bing_00049_stage1_mesh.obj,D:\sideview_pipeline_stages\stage_2_depth_maps\labrador\labrador_labrador_side_view_bing_00049_stage2_depth.png,D:\sideview_pipeline_stages\stage_3_anatomical_masks\labrador\labrador_labrador_side_view_bing_00049_stage3_mask_XL.png,D:\sideview_pipeline_stages\stage_4_vton_renders\labrador\labrador_labrador_side_view_bing_00049_stage4_vton_XL.png
413,labrador_labrador_side_view_bing_00050,Labrador Retriever,116.3,19.8,17.1,51.1,73.6,XL,1.175,Tight,D:\sideview_pipeline_stages\stage_1_3d_meshes\labrador\labrador_labrador_side_view_bing_00050_stage1_mesh.obj,D:\sideview_pipeline_stages\stage_2_depth_maps\labrador\labrador_labrador_side_view_bing_00050_stage2_depth.png,D:\sideview_pipeline_stages\stage_3_anatomical_masks\labrador\labrador_labrador_side_view_bing_00050_stage3_mask_XL.png,D:\sideview_pipeline_stages\stage_4_vton_renders\labrador\labrador_labrador_side_view_bing_00050_stage4_vton_XL.png
414,labrador_labrador_side_view_bing_00051,Labrador Retriever,92.9,15.0,14.6,50.5,81.5,XL,0.938,Good Fit,D:\sideview_pipeline_stages\stage_1_3d_meshes\labrador\labrador_labrador_side_view_bing_00051_stage1_mesh.obj,D:\sideview_pipeline_stages\stage_2_depth_maps\labrador\labrador_labrador_side_view_bing_00051_stage2_depth.png,D:\sideview_pipeline_stages\stage_3_anatomical_masks\labrador\labrador_labrador_side_view_bing_00051_stage3_mask_XL.png,D:\sideview_pipeline_stages\stage_4_vton_renders\labrador\labrador_labrador_side_view_bing_00051_stage4_vton_XL.png
415,labrador_labrador_side_view_bing_00052,Labrador Retriever,87.0,14.1,13.6,59.3,80.9,L,1.012,Good Fit,D:\sideview_pipeline_stages\stage_1_3d_meshes\labrador\labrador_labrador_side_view_bing_00052_stage1_mesh.obj,D:\sideview_pipeline_stages\stage_2_depth_maps\labrador\labrador_labrador_side_view_bing_00052_stage2_depth.png,D:\sideview_pipeline_stages\stage_3_anatomical_masks\labrador\labrador_labrador_side_view_bing_00052_stage3_mask_L.png,D:\sideview_pipeline_stages\stage_4_vton_renders\labrador\labrador_labrador_side_view_bing_00052_stage4_vton_L.png
416,labrador_labrador_side_view_bing_00053,Labrador Retriever,125.7,23.3,16.4,44.2,65.3,XL,1.27,Tight,D:\sideview_pipeline_stages\stage_1_3d_meshes\labrador\labrador_labrador_side_view_bing_00053_stage1_mesh.obj,D:\sideview_pipeline_stages\stage_2_depth_maps\labrador\labrador_labrador_side_view_bing_00053_stage2_depth.png,D:\sideview_pipeline_stages\stage_3_anatomical_masks\labrador\labrador_labrador_side_view_bing_00053_stage3_mask_XL.png,D:\sideview_pipeline_stages\stage_4_vton_renders\labrador\labrador_labrador_side_view_bing_00053_stage4_vton_XL.png
417,labrador_labrador_side_view_bing_00054,Labrador Retriever,90.7,15.1,13.8,49.8,72.0,L,1.055,Good Fit,D:\sideview_pipeline_stages\stage_1_3d_meshes\labrador\labrador_labrador_side_view_bing_00054_stage1_mesh.obj,D:\sideview_pipeline_stages\stage_2_depth_maps\labrador\labrador_labrador_side_view_bing_00054_stage2_depth.png,D:\sideview_pipeline_stages\stage_3_anatomical_masks\labrador\labrador_labrador_side_view_bing_00054_stage3_mask_L.png,D:\sideview_pipeline_stages\stage_4_vton_renders\labrador\labrador_labrador_side_view_bing_00054_stage4_vton_L.png
418,labrador_labrador_side_view_bing_00055,Labrador Retriever,91.1,14.8,14.2,60.1,66.6,L,1.059,Tight,D:\sideview_pipeline_stages\stage_1_3d_meshes\labrador\labrador_labrador_side_view_bing_00055_stage1_mesh.obj,D:\sideview_pipeline_stages\stage_2_depth_maps\labrador\labrador_labrador_side_view_bing_00055_stage2_depth.png,D:\sideview_pipeline_stages\stage_3_anatomical_masks\labrador\labrador_labrador_side_view_bing_00055_stage3_mask_L.png,D:\sideview_pipeline_stages\stage_4_vton_renders\labrador\labrador_labrador_side_view_bing_00055_stage4_vton_L.png
419,labrador_labrador_side_view_bing_00056,Labrador Retriever,93.7,15.2,14.6,62.7,82.9,XL,0.946,Good Fit,D:\sideview_pipeline_stages\stage_1_3d_meshes\labrador\labrador_labrador_side_view_bing_00056_stage1_mesh.obj,D:\sideview_pipeline_stages\stage_2_depth_maps\labrador\labrador_labrador_side_view_bing_00056_stage2_depth.png,D:\sideview_pipeline_stages\stage_3_anatomical_masks\labrador\labrador_labrador_side_view_bing_00056_stage3_mask_XL.png,D:\sideview_pipeline_stages\stage_4_vton_renders\labrador\labrador_labrador_side_view_bing_00056_stage4_vton_XL.png
420,labrador_labrador_side_view_bing_00057,Labrador Retriever,92.7,15.1,14.4,60.4,83.7,XL,0.936,Good Fit,D:\sideview_pipeline_stages\stage_1_3d_meshes\labrador\labrador_labrador_side_view_bing_00057_stage1_mesh.obj,D:\sideview_pipeline_stages\stage_2_depth_maps\labrador\labrador_labrador_side_view_bing_00057_stage2_depth.png,D:\sideview_pipeline_stages\stage_3_anatomical_masks\labrador\labrador_labrador_side_view_bing_00057_stage3_mask_XL.png,D:\sideview_pipeline_stages\stage_4_vton_renders\labrador\labrador_labrador_side_view_bing_00057_stage4_vton_XL.png
421,labrador_labrador_side_view_bing_00058,Labrador Retriever,99.9,16.6,15.1,133.0,64.9,XL,1.009,Good Fit,D:\sideview_pipeline_stages\stage_1_3d_meshes\labrador\labrador_labrador_side_view_bing_00058_stage1_mesh.obj,D:\sideview_pipeline_stages\stage_2_depth_maps\labrador\labrador_labrador_side_view_bing_00058_stage2_depth.png,D:\sideview_pipeline_stages\stage_3_anatomical_masks\labrador\labrador_labrador_side_view_bing_00058_stage3_mask_XL.png,D:\sideview_pipeline_stages\stage_4_vton_renders\labrador\labrador_labrador_side_view_bing_00058_stage4_vton_XL.png
422,labrador_labrador_side_view_bing_00059,Labrador Retriever,85.5,14.7,12.5,45.7,76.9,L,0.994,Good Fit,D:\sideview_pipeline_stages\stage_1_3d_meshes\labrador\labrador_labrador_side_view_bing_00059_stage1_mesh.obj,D:\sideview_pipeline_stages\stage_2_depth_maps\labrador\labrador_labrador_side_view_bing_00059_stage2_depth.png,D:\sideview_pipeline_stages\stage_3_anatomical_masks\labrador\labrador_labrador_side_view_bing_00059_stage3_mask_L.png,D:\sideview_pipeline_stages\stage_4_vton_renders\labrador\labrador_labrador_side_view_bing_00059_stage4_vton_L.png
423,labrador_labrador_side_view_bing_00060,Labrador Retriever,94.4,15.2,14.9,57.7,77.5,XL,0.954,Good Fit,D:\sideview_pipeline_stages\stage_1_3d_meshes\labrador\labrador_labrador_side_view_bing_00060_stage1_mesh.obj,D:\sideview_pipeline_stages\stage_2_depth_maps\labrador\labrador_labrador_side_view_bing_00060_stage2_depth.png,D:\sideview_pipeline_stages\stage_3_anatomical_masks\labrador\labrador_labrador_side_view_bing_00060_stage3_mask_XL.png,D:\sideview_pipeline_stages\stage_4_vton_renders\labrador\labrador_labrador_side_view_bing_00060_stage4_vton_XL.png
424,labrador_labrador_side_view_bing_00061,Labrador Retriever,97.4,15.9,15.1,42.7,64.0,XL,0.984,Good Fit,D:\sideview_pipeline_stages\stage_1_3d_meshes\labrador\labrador_labrador_side_view_bing_00061_stage1_mesh.obj,D:\sideview_pipeline_stages\stage_2_depth_maps\labrador\labrador_labrador_side_view_bing_00061_stage2_depth.png,D:\sideview_pipeline_stages\stage_3_anatomical_masks\labrador\labrador_labrador_side_view_bing_00061_stage3_mask_XL.png,D:\sideview_pipeline_stages\stage_4_vton_renders\labrador\labrador_labrador_side_view_bing_00061_stage4_vton_XL.png
425,labrador_labrador_side_view_bing_00062,Labrador Retriever,90.0,14.9,13.8,62.0,86.0,L,1.047,Good Fit,D:\sideview_pipeline_stages\stage_1_3d_meshes\labrador\labrador_labrador_side_view_bing_00062_stage1_mesh.obj,D:\sideview_pipeline_stages\stage_2_depth_maps\labrador\labrador_labrador_side_view_bing_00062_stage2_depth.png,D:\sideview_pipeline_stages\stage_3_anatomical_masks\labrador\labrador_labrador_side_view_bing_00062_stage3_mask_L.png,D:\sideview_pipeline_stages\stage_4_vton_renders\labrador\labrador_labrador_side_view_bing_00062_stage4_vton_L.png
426,labrador_labrador_side_view_bing_00063,Labrador Retriever,77.4,13.0,11.6,56.1,74.7,M,1.032,Good Fit,D:\sideview_pipeline_stages\stage_1_3d_meshes\labrador\labrador_labrador_side_view_bing_00063_stage1_mesh.obj,D:\sideview_pipeline_stages\stage_2_depth_maps\labrador\labrador_labrador_side_view_bing_00063_stage2_depth.png,D:\sideview_pipeline_stages\stage_3_anatomical_masks\labrador\labrador_labrador_side_view_bing_00063_stage3_mask_M.png,D:\sideview_pipeline_stages\stage_4_vton_renders\labrador\labrador_labrador_side_view_bing_00063_stage4_vton_M.png
427,labrador_labrador_side_view_bing_00064,Labrador Retriever,96.4,15.8,14.8,53.8,70.7,XL,0.974,Good Fit,D:\sideview_pipeline_stages\stage_1_3d_meshes\labrador\labrador_labrador_side_view_bing_00064_stage1_mesh.obj,D:\sideview_pipeline_stages\stage_2_depth_maps\labrador\labrador_labrador_side_view_bing_00064_stage2_depth.png,D:\sideview_pipeline_stages\stage_3_anatomical_masks\labrador\labrador_labrador_side_view_bing_00064_stage3_mask_XL.png,D:\sideview_pipeline_stages\stage_4_vton_renders\labrador\labrador_labrador_side_view_bing_00064_stage4_vton_XL.png
428,labrador_labrador_side_view_bing_00065,Labrador Retriever,85.2,13.7,13.4,42.7,40.7,L,0.991,Good Fit,D:\sideview_pipeline_stages\stage_1_3d_meshes\labrador\labrador_labrador_side_view_bing_00065_stage1_mesh.obj,D:\sideview_pipeline_stages\stage_2_depth_maps\labrador\labrador_labrador_side_view_bing_00065_stage2_depth.png,D:\sideview_pipeline_stages\stage_3_anatomical_masks\labrador\labrador_labrador_side_view_bing_00065_stage3_mask_L.png,D:\sideview_pipeline_stages\stage_4_vton_renders\labrador\labrador_labrador_side_view_bing_00065_stage4_vton_L.png
429,labrador_labrador_side_view_bing_00066,Labrador Retriever,119.3,19.5,18.4,53.7,75.4,XL,1.205,Tight,D:\sideview_pipeline_stages\stage_1_3d_meshes\labrador\labrador_labrador_side_view_bing_00066_stage1_mesh.obj,D:\sideview_pipeline_stages\stage_2_depth_maps\labrador\labrador_labrador_side_view_bing_00066_stage2_depth.png,D:\sideview_pipeline_stages\stage_3_anatomical_masks\labrador\labrador_labrador_side_view_bing_00066_stage3_mask_XL.png,D:\sideview_pipeline_stages\stage_4_vton_renders\labrador\labrador_labrador_side_view_bing_00066_stage4_vton_XL.png
430,labrador_labrador_side_view_bing_00067,Labrador Retriever,137.6,27.2,15.8,43.4,65.6,XL,1.39,Tight,D:\sideview_pipeline_stages\stage_1_3d_meshes\labrador\labrador_labrador_side_view_bing_00067_stage1_mesh.obj,D:\sideview_pipeline_stages\stage_2_depth_maps\labrador\labrador_labrador_side_view_bing_00067_stage2_depth.png,D:\sideview_pipeline_stages\stage_3_anatomical_masks\labrador\labrador_labrador_side_view_bing_00067_stage3_mask_XL.png,D:\sideview_pipeline_stages\stage_4_vton_renders\labrador\labrador_labrador_side_view_bing_00067_stage4_vton_XL.png
431,labrador_labrador_side_view_bing_00068,Labrador Retriever,79.6,12.9,12.4,113.5,73.3,M,1.061,Good Fit,D:\sideview_pipeline_stages\stage_1_3d_meshes\labrador\labrador_labrador_side_view_bing_00068_stage1_mesh.obj,D:\sideview_pipeline_stages\stage_2_depth_maps\labrador\labrador_labrador_side_view_bing_00068_stage2_depth.png,D:\sideview_pipeline_stages\stage_3_anatomical_masks\labrador\labrador_labrador_side_view_bing_00068_stage3_mask_M.png,D:\sideview_pipeline_stages\stage_4_vton_renders\labrador\labrador_labrador_side_view_bing_00068_stage4_vton_M.png
432,labrador_labrador_side_view_bing_00069,Labrador Retriever,90.1,14.4,14.3,55.6,68.5,L,1.048,Good Fit,D:\sideview_pipeline_stages\stage_1_3d_meshes\labrador\labrador_labrador_side_view_bing_00069_stage1_mesh.obj,D:\sideview_pipeline_stages\stage_2_depth_maps\labrador\labrador_labrador_side_view_bing_00069_stage2_depth.png,D:\sideview_pipeline_stages\stage_3_anatomical_masks\labrador\labrador_labrador_side_view_bing_00069_stage3_mask_L.png,D:\sideview_pipeline_stages\stage_4_vton_renders\labrador\labrador_labrador_side_view_bing_00069_stage4_vton_L.png
433,labrador_labrador_side_view_bing_00070,Labrador Retriever,92.5,15.4,14.0,94.8,83.3,L,1.076,Tight,D:\sideview_pipeline_stages\stage_1_3d_meshes\labrador\labrador_labrador_side_view_bing_00070_stage1_mesh.obj,D:\sideview_pipeline_stages\stage_2_depth_maps\labrador\labrador_labrador_side_view_bing_00070_stage2_depth.png,D:\sideview_pipeline_stages\stage_3_anatomical_masks\labrador\labrador_labrador_side_view_bing_00070_stage3_mask_L.png,D:\sideview_pipeline_stages\stage_4_vton_renders\labrador\labrador_labrador_side_view_bing_00070_stage4_vton_L.png
434,labrador_labrador_side_view_bing_00071,Labrador Retriever,93.3,15.1,14.6,57.3,76.8,XL,0.942,Good Fit,D:\sideview_pipeline_stages\stage_1_3d_meshes\labrador\labrador_labrador_side_view_bing_00071_stage1_mesh.obj,D:\sideview_pipeline_stages\stage_2_depth_maps\labrador\labrador_labrador_side_view_bing_00071_stage2_depth.png,D:\sideview_pipeline_stages\stage_3_anatomical_masks\labrador\labrador_labrador_side_view_bing_00071_stage3_mask_XL.png,D:\sideview_pipeline_stages\stage_4_vton_renders\labrador\labrador_labrador_side_view_bing_00071_stage4_vton_XL.png
435,labrador_labrador_side_view_bing_00072,Labrador Retriever,97.6,16.0,15.0,55.9,70.6,XL,0.986,Good Fit,D:\sideview_pipeline_stages\stage_1_3d_meshes\labrador\labrador_labrador_side_view_bing_00072_stage1_mesh.obj,D:\sideview_pipeline_stages\stage_2_depth_maps\labrador\labrador_labrador_side_view_bing_00072_stage2_depth.png,D:\sideview_pipeline_stages\stage_3_anatomical_masks\labrador\labrador_labrador_side_view_bing_00072_stage3_mask_XL.png,D:\sideview_pipeline_stages\stage_4_vton_renders\labrador\labrador_labrador_side_view_bing_00072_stage4_vton_XL.png
436,labrador_labrador_side_view_bing_00073,Labrador Retriever,90.7,16.1,12.6,50.6,72.2,L,1.055,Good Fit,D:\sideview_pipeline_stages\stage_1_3d_meshes\labrador\labrador_labrador_side_view_bing_00073_stage1_mesh.obj,D:\sideview_pipeline_stages\stage_2_depth_maps\labrador\labrador_labrador_side_view_bing_00073_stage2_depth.png,D:\sideview_pipeline_stages\stage_3_anatomical_masks\labrador\labrador_labrador_side_view_bing_00073_stage3_mask_L.png,D:\sideview_pipeline_stages\stage_4_vton_renders\labrador\labrador_labrador_side_view_bing_00073_stage4_vton_L.png
437,labrador_labrador_side_view_bing_00074,Labrador Retriever,98.0,16.3,14.9,34.9,59.2,XL,0.99,Good Fit,D:\sideview_pipeline_stages\stage_1_3d_meshes\labrador\labrador_labrador_side_view_bing_00074_stage1_mesh.obj,D:\sideview_pipeline_stages\stage_2_depth_maps\labrador\labrador_labrador_side_view_bing_00074_stage2_depth.png,D:\sideview_pipeline_stages\stage_3_anatomical_masks\labrador\labrador_labrador_side_view_bing_00074_stage3_mask_XL.png,D:\sideview_pipeline_stages\stage_4_vton_renders\labrador\labrador_labrador_side_view_bing_00074_stage4_vton_XL.png
438,labrador_labrador_side_view_bing_00075,Labrador Retriever,79.5,12.7,12.6,23.3,76.7,M,1.06,Good Fit,D:\sideview_pipeline_stages\stage_1_3d_meshes\labrador\labrador_labrador_side_view_bing_00075_stage1_mesh.obj,D:\sideview_pipeline_stages\stage_2_depth_maps\labrador\labrador_labrador_side_view_bing_00075_stage2_depth.png,D:\sideview_pipeline_stages\stage_3_anatomical_masks\labrador\labrador_labrador_side_view_bing_00075_stage3_mask_M.png,D:\sideview_pipeline_stages\stage_4_vton_renders\labrador\labrador_labrador_side_view_bing_00075_stage4_vton_M.png
439,labrador_labrador_side_view_bing_00076,Labrador Retriever,80.1,12.8,12.7,42.8,68.2,M,1.068,Good Fit,D:\sideview_pipeline_stages\stage_1_3d_meshes\labrador\labrador_labrador_side_view_bing_00076_stage1_mesh.obj,D:\sideview_pipeline_stages\stage_2_depth_maps\labrador\labrador_labrador_side_view_bing_00076_stage2_depth.png,D:\sideview_pipeline_stages\stage_3_anatomical_masks\labrador\labrador_labrador_side_view_bing_00076_stage3_mask_M.png,D:\sideview_pipeline_stages\stage_4_vton_renders\labrador\labrador_labrador_side_view_bing_00076_stage4_vton_M.png
440,labrador_labrador_side_view_bing_00077,Labrador Retriever,93.5,15.3,14.5,64.2,85.3,XL,0.944,Good Fit,D:\sideview_pipeline_stages\stage_1_3d_meshes\labrador\labrador_labrador_side_view_bing_00077_stage1_mesh.obj,D:\sideview_pipeline_stages\stage_2_depth_maps\labrador\labrador_labrador_side_view_bing_00077_stage2_depth.png,D:\sideview_pipeline_stages\stage_3_anatomical_masks\labrador\labrador_labrador_side_view_bing_00077_stage3_mask_XL.png,D:\sideview_pipeline_stages\stage_4_vton_renders\labrador\labrador_labrador_side_view_bing_00077_stage4_vton_XL.png
441,labrador_labrador_side_view_bing_00078,Labrador Retriever,101.7,16.3,16.1,57.0,78.8,XL,1.027,Good Fit,D:\sideview_pipeline_stages\stage_1_3d_meshes\labrador\labrador_labrador_side_view_bing_00078_stage1_mesh.obj,D:\sideview_pipeline_stages\stage_2_depth_maps\labrador\labrador_labrador_side_view_bing_00078_stage2_depth.png,D:\sideview_pipeline_stages\stage_3_anatomical_masks\labrador\labrador_labrador_side_view_bing_00078_stage3_mask_XL.png,D:\sideview_pipeline_stages\stage_4_vton_renders\labrador\labrador_labrador_side_view_bing_00078_stage4_vton_XL.png
442,labrador_labrador_side_view_bing_00079,Labrador Retriever,96.1,15.5,15.1,35.2,65.3,XL,0.971,Good Fit,D:\sideview_pipeline_stages\stage_1_3d_meshes\labrador\labrador_labrador_side_view_bing_00079_stage1_mesh.obj,D:\sideview_pipeline_stages\stage_2_depth_maps\labrador\labrador_labrador_side_view_bing_00079_stage2_depth.png,D:\sideview_pipeline_stages\stage_3_anatomical_masks\labrador\labrador_labrador_side_view_bing_00079_stage3_mask_XL.png,D:\sideview_pipeline_stages\stage_4_vton_renders\labrador\labrador_labrador_side_view_bing_00079_stage4_vton_XL.png
443,labrador_labrador_side_view_bing_00080,Labrador Retriever,96.1,15.6,15.0,58.4,71.7,XL,0.971,Good Fit,D:\sideview_pipeline_stages\stage_1_3d_meshes\labrador\labrador_labrador_side_view_bing_00080_stage1_mesh.obj,D:\sideview_pipeline_stages\stage_2_depth_maps\labrador\labrador_labrador_side_view_bing_00080_stage2_depth.png,D:\sideview_pipeline_stages\stage_3_anatomical_masks\labrador\labrador_labrador_side_view_bing_00080_stage3_mask_XL.png,D:\sideview_pipeline_stages\stage_4_vton_renders\labrador\labrador_labrador_side_view_bing_00080_stage4_vton_XL.png
444,labrador_labrador_side_view_bing_00081,Labrador Retriever,89.4,14.3,14.1,46.6,56.9,L,1.04,Good Fit,D:\sideview_pipeline_stages\stage_1_3d_meshes\labrador\labrador_labrador_side_view_bing_00081_stage1_mesh.obj,D:\sideview_pipeline_stages\stage_2_depth_maps\labrador\labrador_labrador_side_view_bing_00081_stage2_depth.png,D:\sideview_pipeline_stages\stage_3_anatomical_masks\labrador\labrador_labrador_side_view_bing_00081_stage3_mask_L.png,D:\sideview_pipeline_stages\stage_4_vton_renders\labrador\labrador_labrador_side_view_bing_00081_stage4_vton_L.png
445,labrador_labrador_side_view_bing_00082,Labrador Retriever,69.2,11.2,10.9,56.3,50.6,M,0.923,Good Fit,D:\sideview_pipeline_stages\stage_1_3d_meshes\labrador\labrador_labrador_side_view_bing_00082_stage1_mesh.obj,D:\sideview_pipeline_stages\stage_2_depth_maps\labrador\labrador_labrador_side_view_bing_00082_stage2_depth.png,D:\sideview_pipeline_stages\stage_3_anatomical_masks\labrador\labrador_labrador_side_view_bing_00082_stage3_mask_M.png,D:\sideview_pipeline_stages\stage_4_vton_renders\labrador\labrador_labrador_side_view_bing_00082_stage4_vton_M.png
446,labrador_labrador_side_view_bing_00083,Labrador Retriever,148.4,28.4,18.3,40.1,69.2,XL,1.499,Tight,D:\sideview_pipeline_stages\stage_1_3d_meshes\labrador\labrador_labrador_side_view_bing_00083_stage1_mesh.obj,D:\sideview_pipeline_stages\stage_2_depth_maps\labrador\labrador_labrador_side_view_bing_00083_stage2_depth.png,D:\sideview_pipeline_stages\stage_3_anatomical_masks\labrador\labrador_labrador_side_view_bing_00083_stage3_mask_XL.png,D:\sideview_pipeline_stages\stage_4_vton_renders\labrador\labrador_labrador_side_view_bing_00083_stage4_vton_XL.png
447,labrador_labrador_side_view_bing_00084,Labrador Retriever,88.0,14.7,13.3,55.9,74.3,L,1.023,Good Fit,D:\sideview_pipeline_stages\stage_1_3d_meshes\labrador\labrador_labrador_side_view_bing_00084_stage1_mesh.obj,D:\sideview_pipeline_stages\stage_2_depth_maps\labrador\labrador_labrador_side_view_bing_00084_stage2_depth.png,D:\sideview_pipeline_stages\stage_3_anatomical_masks\labrador\labrador_labrador_side_view_bing_00084_stage3_mask_L.png,D:\sideview_pipeline_stages\stage_4_vton_renders\labrador\labrador_labrador_side_view_bing_00084_stage4_vton_L.png
448,labrador_labrador_side_view_bing_00085,Labrador Retriever,86.3,13.8,13.7,55.3,69.6,L,1.003,Good Fit,D:\sideview_pipeline_stages\stage_1_3d_meshes\labrador\labrador_labrador_side_view_bing_00085_stage1_mesh.obj,D:\sideview_pipeline_stages\stage_2_depth_maps\labrador\labrador_labrador_side_view_bing_00085_stage2_depth.png,D:\sideview_pipeline_stages\stage_3_anatomical_masks\labrador\labrador_labrador_side_view_bing_00085_stage3_mask_L.png,D:\sideview_pipeline_stages\stage_4_vton_renders\labrador\labrador_labrador_side_view_bing_00085_stage4_vton_L.png
449,labrador_labrador_side_view_bing_00086,Labrador Retriever,92.9,14.9,14.6,69.1,76.7,XL,0.938,Good Fit,D:\sideview_pipeline_stages\stage_1_3d_meshes\labrador\labrador_labrador_side_view_bing_00086_stage1_mesh.obj,D:\sideview_pipeline_stages\stage_2_depth_maps\labrador\labrador_labrador_side_view_bing_00086_stage2_depth.png,D:\sideview_pipeline_stages\stage_3_anatomical_masks\labrador\labrador_labrador_side_view_bing_00086_stage3_mask_XL.png,D:\sideview_pipeline_stages\stage_4_vton_renders\labrador\labrador_labrador_side_view_bing_00086_stage4_vton_XL.png
450,labrador_labrador_side_view_bing_00087,Labrador Retriever,96.9,15.8,15.0,58.6,72.3,XL,0.979,Good Fit,D:\sideview_pipeline_stages\stage_1_3d_meshes\labrador\labrador_labrador_side_view_bing_00087_stage1_mesh.obj,D:\sideview_pipeline_stages\stage_2_depth_maps\labrador\labrador_labrador_side_view_bing_00087_stage2_depth.png,D:\sideview_pipeline_stages\stage_3_anatomical_masks\labrador\labrador_labrador_side_view_bing_00087_stage3_mask_XL.png,D:\sideview_pipeline_stages\stage_4_vton_renders\labrador\labrador_labrador_side_view_bing_00087_stage4_vton_XL.png
451,labrador_labrador_side_view_bing_00088,Labrador Retriever,135.5,23.8,19.2,92.0,82.3,XL,1.369,Tight,D:\sideview_pipeline_stages\stage_1_3d_meshes\labrador\labrador_labrador_side_view_bing_00088_stage1_mesh.obj,D:\sideview_pipeline_stages\stage_2_depth_maps\labrador\labrador_labrador_side_view_bing_00088_stage2_depth.png,D:\sideview_pipeline_stages\stage_3_anatomical_masks\labrador\labrador_labrador_side_view_bing_00088_stage3_mask_XL.png,D:\sideview_pipeline_stages\stage_4_vton_renders\labrador\labrador_labrador_side_view_bing_00088_stage4_vton_XL.png
452,labrador_labrador_side_view_bing_00089,Labrador Retriever,94.5,15.4,14.7,47.8,76.1,XL,0.955,Good Fit,D:\sideview_pipeline_stages\stage_1_3d_meshes\labrador\labrador_labrador_side_view_bing_00089_stage1_mesh.obj,D:\sideview_pipeline_stages\stage_2_depth_maps\labrador\labrador_labrador_side_view_bing_00089_stage2_depth.png,D:\sideview_pipeline_stages\stage_3_anatomical_masks\labrador\labrador_labrador_side_view_bing_00089_stage3_mask_XL.png,D:\sideview_pipeline_stages\stage_4_vton_renders\labrador\labrador_labrador_side_view_bing_00089_stage4_vton_XL.png
453,labrador_labrador_side_view_bing_00090,Labrador Retriever,127.2,20.6,19.9,63.8,73.4,XL,1.285,Tight,D:\sideview_pipeline_stages\stage_1_3d_meshes\labrador\labrador_labrador_side_view_bing_00090_stage1_mesh.obj,D:\sideview_pipeline_stages\stage_2_depth_maps\labrador\labrador_labrador_side_view_bing_00090_stage2_depth.png,D:\sideview_pipeline_stages\stage_3_anatomical_masks\labrador\labrador_labrador_side_view_bing_00090_stage3_mask_XL.png,D:\sideview_pipeline_stages\stage_4_vton_renders\labrador\labrador_labrador_side_view_bing_00090_stage4_vton_XL.png
454,labrador_labrador_side_view_bing_00091,Labrador Retriever,89.6,14.7,13.8,60.6,82.5,L,1.042,Good Fit,D:\sideview_pipeline_stages\stage_1_3d_meshes\labrador\labrador_labrador_side_view_bing_00091_stage1_mesh.obj,D:\sideview_pipeline_stages\stage_2_depth_maps\labrador\labrador_labrador_side_view_bing_00091_stage2_depth.png,D:\sideview_pipeline_stages\stage_3_anatomical_masks\labrador\labrador_labrador_side_view_bing_00091_stage3_mask_L.png,D:\sideview_pipeline_stages\stage_4_vton_renders\labrador\labrador_labrador_side_view_bing_00091_stage4_vton_L.png
455,labrador_labrador_side_view_bing_00092,Labrador Retriever,87.3,14.1,13.7,51.3,75.8,L,1.015,Good Fit,D:\sideview_pipeline_stages\stage_1_3d_meshes\labrador\labrador_labrador_side_view_bing_00092_stage1_mesh.obj,D:\sideview_pipeline_stages\stage_2_depth_maps\labrador\labrador_labrador_side_view_bing_00092_stage2_depth.png,D:\sideview_pipeline_stages\stage_3_anatomical_masks\labrador\labrador_labrador_side_view_bing_00092_stage3_mask_L.png,D:\sideview_pipeline_stages\stage_4_vton_renders\labrador\labrador_labrador_side_view_bing_00092_stage4_vton_L.png
456,labrador_labrador_side_view_bing_00093,Labrador Retriever,89.1,14.4,14.0,52.3,89.9,L,1.036,Good Fit,D:\sideview_pipeline_stages\stage_1_3d_meshes\labrador\labrador_labrador_side_view_bing_00093_stage1_mesh.obj,D:\sideview_pipeline_stages\stage_2_depth_maps\labrador\labrador_labrador_side_view_bing_00093_stage2_depth.png,D:\sideview_pipeline_stages\stage_3_anatomical_masks\labrador\labrador_labrador_side_view_bing_00093_stage3_mask_L.png,D:\sideview_pipeline_stages\stage_4_vton_renders\labrador\labrador_labrador_side_view_bing_00093_stage4_vton_L.png
457,labrador_labrador_side_view_bing_00094,Labrador Retriever,86.5,14.0,13.5,47.2,67.4,L,1.006,Good Fit,D:\sideview_pipeline_stages\stage_1_3d_meshes\labrador\labrador_labrador_side_view_bing_00094_stage1_mesh.obj,D:\sideview_pipeline_stages\stage_2_depth_maps\labrador\labrador_labrador_side_view_bing_00094_stage2_depth.png,D:\sideview_pipeline_stages\stage_3_anatomical_masks\labrador\labrador_labrador_side_view_bing_00094_stage3_mask_L.png,D:\sideview_pipeline_stages\stage_4_vton_renders\labrador\labrador_labrador_side_view_bing_00094_stage4_vton_L.png
458,labrador_labrador_side_view_bing_00095,Labrador Retriever,90.0,14.4,14.2,54.1,67.6,L,1.047,Good Fit,D:\sideview_pipeline_stages\stage_1_3d_meshes\labrador\labrador_labrador_side_view_bing_00095_stage1_mesh.obj,D:\sideview_pipeline_stages\stage_2_depth_maps\labrador\labrador_labrador_side_view_bing_00095_stage2_depth.png,D:\sideview_pipeline_stages\stage_3_anatomical_masks\labrador\labrador_labrador_side_view_bing_00095_stage3_mask_L.png,D:\sideview_pipeline_stages\stage_4_vton_renders\labrador\labrador_labrador_side_view_bing_00095_stage4_vton_L.png
459,labrador_labrador_side_view_bing_00096,Labrador Retriever,95.2,15.4,14.9,74.2,79.8,XL,0.962,Good Fit,D:\sideview_pipeline_stages\stage_1_3d_meshes\labrador\labrador_labrador_side_view_bing_00096_stage1_mesh.obj,D:\sideview_pipeline_stages\stage_2_depth_maps\labrador\labrador_labrador_side_view_bing_00096_stage2_depth.png,D:\sideview_pipeline_stages\stage_3_anatomical_masks\labrador\labrador_labrador_side_view_bing_00096_stage3_mask_XL.png,D:\sideview_pipeline_stages\stage_4_vton_renders\labrador\labrador_labrador_side_view_bing_00096_stage4_vton_XL.png
460,labrador_labrador_side_view_bing_00097,Labrador Retriever,78.6,12.9,12.1,33.0,59.4,M,1.048,Good Fit,D:\sideview_pipeline_stages\stage_1_3d_meshes\labrador\labrador_labrador_side_view_bing_00097_stage1_mesh.obj,D:\sideview_pipeline_stages\stage_2_depth_maps\labrador\labrador_labrador_side_view_bing_00097_stage2_depth.png,D:\sideview_pipeline_stages\stage_3_anatomical_masks\labrador\labrador_labrador_side_view_bing_00097_stage3_mask_M.png,D:\sideview_pipeline_stages\stage_4_vton_renders\labrador\labrador_labrador_side_view_bing_00097_stage4_vton_M.png
461,labrador_labrador_side_view_bing_00098,Labrador Retriever,167.9,28.2,25.2,53.3,69.3,XL,1.696,Tight,D:\sideview_pipeline_stages\stage_1_3d_meshes\labrador\labrador_labrador_side_view_bing_00098_stage1_mesh.obj,D:\sideview_pipeline_stages\stage_2_depth_maps\labrador\labrador_labrador_side_view_bing_00098_stage2_depth.png,D:\sideview_pipeline_stages\stage_3_anatomical_masks\labrador\labrador_labrador_side_view_bing_00098_stage3_mask_XL.png,D:\sideview_pipeline_stages\stage_4_vton_renders\labrador\labrador_labrador_side_view_bing_00098_stage4_vton_XL.png
462,labrador_labrador_side_view_bing_00099,Labrador Retriever,89.4,14.8,13.6,54.7,84.9,L,1.04,Good Fit,D:\sideview_pipeline_stages\stage_1_3d_meshes\labrador\labrador_labrador_side_view_bing_00099_stage1_mesh.obj,D:\sideview_pipeline_stages\stage_2_depth_maps\labrador\labrador_labrador_side_view_bing_00099_stage2_depth.png,D:\sideview_pipeline_stages\stage_3_anatomical_masks\labrador\labrador_labrador_side_view_bing_00099_stage3_mask_L.png,D:\sideview_pipeline_stages\stage_4_vton_renders\labrador\labrador_labrador_side_view_bing_00099_stage4_vton_L.png
463,labrador_labrador_side_view_bing_00100,Labrador Retriever,89.0,14.5,13.8,61.4,82.1,L,1.035,Good Fit,D:\sideview_pipeline_stages\stage_1_3d_meshes\labrador\labrador_labrador_side_view_bing_00100_stage1_mesh.obj,D:\sideview_pipeline_stages\stage_2_depth_maps\labrador\labrador_labrador_side_view_bing_00100_stage2_depth.png,D:\sideview_pipeline_stages\stage_3_anatomical_masks\labrador\labrador_labrador_side_view_bing_00100_stage3_mask_L.png,D:\sideview_pipeline_stages\stage_4_vton_renders\labrador\labrador_labrador_side_view_bing_00100_stage4_vton_L.png
464,labrador_labrador_side_view_bing_00101,Labrador Retriever,69.1,11.2,10.8,121.2,60.9,M,0.921,Good Fit,D:\sideview_pipeline_stages\stage_1_3d_meshes\labrador\labrador_labrador_side_view_bing_00101_stage1_mesh.obj,D:\sideview_pipeline_stages\stage_2_depth_maps\labrador\labrador_labrador_side_view_bing_00101_stage2_depth.png,D:\sideview_pipeline_stages\stage_3_anatomical_masks\labrador\labrador_labrador_side_view_bing_00101_stage3_mask_M.png,D:\sideview_pipeline_stages\stage_4_vton_renders\labrador\labrador_labrador_side_view_bing_00101_stage4_vton_M.png
465,labrador_labrador_side_view_bing_00102,Labrador Retriever,92.8,15.4,14.1,49.6,70.3,XL,0.937,Good Fit,D:\sideview_pipeline_stages\stage_1_3d_meshes\labrador\labrador_labrador_side_view_bing_00102_stage1_mesh.obj,D:\sideview_pipeline_stages\stage_2_depth_maps\labrador\labrador_labrador_side_view_bing_00102_stage2_depth.png,D:\sideview_pipeline_stages\stage_3_anatomical_masks\labrador\labrador_labrador_side_view_bing_00102_stage3_mask_XL.png,D:\sideview_pipeline_stages\stage_4_vton_renders\labrador\labrador_labrador_side_view_bing_00102_stage4_vton_XL.png
466,labrador_labrador_side_view_bing_00103,Labrador Retriever,103.7,18.1,14.8,54.2,77.9,XL,1.047,Good Fit,D:\sideview_pipeline_stages\stage_1_3d_meshes\labrador\labrador_labrador_side_view_bing_00103_stage1_mesh.obj,D:\sideview_pipeline_stages\stage_2_depth_maps\labrador\labrador_labrador_side_view_bing_00103_stage2_depth.png,D:\sideview_pipeline_stages\stage_3_anatomical_masks\labrador\labrador_labrador_side_view_bing_00103_stage3_mask_XL.png,D:\sideview_pipeline_stages\stage_4_vton_renders\labrador\labrador_labrador_side_view_bing_00103_stage4_vton_XL.png
467,labrador_labrador_side_view_bing_00104,Labrador Retriever,89.9,14.8,13.8,64.2,85.9,L,1.045,Good Fit,D:\sideview_pipeline_stages\stage_1_3d_meshes\labrador\labrador_labrador_side_view_bing_00104_stage1_mesh.obj,D:\sideview_pipeline_stages\stage_2_depth_maps\labrador\labrador_labrador_side_view_bing_00104_stage2_depth.png,D:\sideview_pipeline_stages\stage_3_anatomical_masks\labrador\labrador_labrador_side_view_bing_00104_stage3_mask_L.png,D:\sideview_pipeline_stages\stage_4_vton_renders\labrador\labrador_labrador_side_view_bing_00104_stage4_vton_L.png
468,labrador_labrador_side_view_bing_00105,Labrador Retriever,94.0,15.3,14.7,64.0,85.2,XL,0.949,Good Fit,D:\sideview_pipeline_stages\stage_1_3d_meshes\labrador\labrador_labrador_side_view_bing_00105_stage1_mesh.obj,D:\sideview_pipeline_stages\stage_2_depth_maps\labrador\labrador_labrador_side_view_bing_00105_stage2_depth.png,D:\sideview_pipeline_stages\stage_3_anatomical_masks\labrador\labrador_labrador_side_view_bing_00105_stage3_mask_XL.png,D:\sideview_pipeline_stages\stage_4_vton_renders\labrador\labrador_labrador_side_view_bing_00105_stage4_vton_XL.png
469,labrador_labrador_side_view_bing_00106,Labrador Retriever,94.5,15.7,14.4,52.0,58.6,XL,0.955,Good Fit,D:\sideview_pipeline_stages\stage_1_3d_meshes\labrador\labrador_labrador_side_view_bing_00106_stage1_mesh.obj,D:\sideview_pipeline_stages\stage_2_depth_maps\labrador\labrador_labrador_side_view_bing_00106_stage2_depth.png,D:\sideview_pipeline_stages\stage_3_anatomical_masks\labrador\labrador_labrador_side_view_bing_00106_stage3_mask_XL.png,D:\sideview_pipeline_stages\stage_4_vton_renders\labrador\labrador_labrador_side_view_bing_00106_stage4_vton_XL.png
470,labrador_labrador_side_view_bing_00107,Labrador Retriever,102.5,16.5,16.1,37.1,66.9,XL,1.035,Good Fit,D:\sideview_pipeline_stages\stage_1_3d_meshes\labrador\labrador_labrador_side_view_bing_00107_stage1_mesh.obj,D:\sideview_pipeline_stages\stage_2_depth_maps\labrador\labrador_labrador_side_view_bing_00107_stage2_depth.png,D:\sideview_pipeline_stages\stage_3_anatomical_masks\labrador\labrador_labrador_side_view_bing_00107_stage3_mask_XL.png,D:\sideview_pipeline_stages\stage_4_vton_renders\labrador\labrador_labrador_side_view_bing_00107_stage4_vton_XL.png
471,labrador_labrador_side_view_bing_00108,Labrador Retriever,99.9,16.4,15.4,54.8,81.3,XL,1.009,Good Fit,D:\sideview_pipeline_stages\stage_1_3d_meshes\labrador\labrador_labrador_side_view_bing_00108_stage1_mesh.obj,D:\sideview_pipeline_stages\stage_2_depth_maps\labrador\labrador_labrador_side_view_bing_00108_stage2_depth.png,D:\sideview_pipeline_stages\stage_3_anatomical_masks\labrador\labrador_labrador_side_view_bing_00108_stage3_mask_XL.png,D:\sideview_pipeline_stages\stage_4_vton_renders\labrador\labrador_labrador_side_view_bing_00108_stage4_vton_XL.png
472,labrador_labrador_side_view_bing_00109,Labrador Retriever,113.7,18.4,17.8,50.9,70.8,XL,1.148,Tight,D:\sideview_pipeline_stages\stage_1_3d_meshes\labrador\labrador_labrador_side_view_bing_00109_stage1_mesh.obj,D:\sideview_pipeline_stages\stage_2_depth_maps\labrador\labrador_labrador_side_view_bing_00109_stage2_depth.png,D:\sideview_pipeline_stages\stage_3_anatomical_masks\labrador\labrador_labrador_side_view_bing_00109_stage3_mask_XL.png,D:\sideview_pipeline_stages\stage_4_vton_renders\labrador\labrador_labrador_side_view_bing_00109_stage4_vton_XL.png
473,labrador_labrador_side_view_bing_00110,Labrador Retriever,92.5,15.0,14.4,62.5,70.2,L,1.076,Tight,D:\sideview_pipeline_stages\stage_1_3d_meshes\labrador\labrador_labrador_side_view_bing_00110_stage1_mesh.obj,D:\sideview_pipeline_stages\stage_2_depth_maps\labrador\labrador_labrador_side_view_bing_00110_stage2_depth.png,D:\sideview_pipeline_stages\stage_3_anatomical_masks\labrador\labrador_labrador_side_view_bing_00110_stage3_mask_L.png,D:\sideview_pipeline_stages\stage_4_vton_renders\labrador\labrador_labrador_side_view_bing_00110_stage4_vton_L.png
474,labrador_labrador_side_view_bing_00111,Labrador Retriever,85.9,14.0,13.4,89.0,57.7,L,0.999,Good Fit,D:\sideview_pipeline_stages\stage_1_3d_meshes\labrador\labrador_labrador_side_view_bing_00111_stage1_mesh.obj,D:\sideview_pipeline_stages\stage_2_depth_maps\labrador\labrador_labrador_side_view_bing_00111_stage2_depth.png,D:\sideview_pipeline_stages\stage_3_anatomical_masks\labrador\labrador_labrador_side_view_bing_00111_stage3_mask_L.png,D:\sideview_pipeline_stages\stage_4_vton_renders\labrador\labrador_labrador_side_view_bing_00111_stage4_vton_L.png
475,labrador_labrador_side_view_bing_00112,Labrador Retriever,85.2,13.9,13.2,52.1,80.0,L,0.991,Good Fit,D:\sideview_pipeline_stages\stage_1_3d_meshes\labrador\labrador_labrador_side_view_bing_00112_stage1_mesh.obj,D:\sideview_pipeline_stages\stage_2_depth_maps\labrador\labrador_labrador_side_view_bing_00112_stage2_depth.png,D:\sideview_pipeline_stages\stage_3_anatomical_masks\labrador\labrador_labrador_side_view_bing_00112_stage3_mask_L.png,D:\sideview_pipeline_stages\stage_4_vton_renders\labrador\labrador_labrador_side_view_bing_00112_stage4_vton_L.png
476,labrador_labrador_side_view_bing_00113,Labrador Retriever,93.0,16.2,13.3,46.2,80.2,XL,0.939,Good Fit,D:\sideview_pipeline_stages\stage_1_3d_meshes\labrador\labrador_labrador_side_view_bing_00113_stage1_mesh.obj,D:\sideview_pipeline_stages\stage_2_depth_maps\labrador\labrador_labrador_side_view_bing_00113_stage2_depth.png,D:\sideview_pipeline_stages\stage_3_anatomical_masks\labrador\labrador_labrador_side_view_bing_00113_stage3_mask_XL.png,D:\sideview_pipeline_stages\stage_4_vton_renders\labrador\labrador_labrador_side_view_bing_00113_stage4_vton_XL.png
477,labrador_labrador_side_view_bing_00114,Labrador Retriever,99.2,16.2,15.4,60.5,71.9,XL,1.002,Good Fit,D:\sideview_pipeline_stages\stage_1_3d_meshes\labrador\labrador_labrador_side_view_bing_00114_stage1_mesh.obj,D:\sideview_pipeline_stages\stage_2_depth_maps\labrador\labrador_labrador_side_view_bing_00114_stage2_depth.png,D:\sideview_pipeline_stages\stage_3_anatomical_masks\labrador\labrador_labrador_side_view_bing_00114_stage3_mask_XL.png,D:\sideview_pipeline_stages\stage_4_vton_renders\labrador\labrador_labrador_side_view_bing_00114_stage4_vton_XL.png
478,labrador_labrador_side_view_bing_00115,Labrador Retriever,78.4,13.4,11.6,56.3,79.5,M,1.045,Good Fit,D:\sideview_pipeline_stages\stage_1_3d_meshes\labrador\labrador_labrador_side_view_bing_00115_stage1_mesh.obj,D:\sideview_pipeline_stages\stage_2_depth_maps\labrador\labrador_labrador_side_view_bing_00115_stage2_depth.png,D:\sideview_pipeline_stages\stage_3_anatomical_masks\labrador\labrador_labrador_side_view_bing_00115_stage3_mask_M.png,D:\sideview_pipeline_stages\stage_4_vton_renders\labrador\labrador_labrador_side_view_bing_00115_stage4_vton_M.png
479,labrador_labrador_side_view_bing_00116,Labrador Retriever,97.0,15.9,15.0,51.0,68.5,XL,0.98,Good Fit,D:\sideview_pipeline_stages\stage_1_3d_meshes\labrador\labrador_labrador_side_view_bing_00116_stage1_mesh.obj,D:\sideview_pipeline_stages\stage_2_depth_maps\labrador\labrador_labrador_side_view_bing_00116_stage2_depth.png,D:\sideview_pipeline_stages\stage_3_anatomical_masks\labrador\labrador_labrador_side_view_bing_00116_stage3_mask_XL.png,D:\sideview_pipeline_stages\stage_4_vton_renders\labrador\labrador_labrador_side_view_bing_00116_stage4_vton_XL.png
480,labrador_labrador_side_view_bing_00117,Labrador Retriever,92.6,15.3,14.2,45.3,69.8,XL,0.935,Good Fit,D:\sideview_pipeline_stages\stage_1_3d_meshes\labrador\labrador_labrador_side_view_bing_00117_stage1_mesh.obj,D:\sideview_pipeline_stages\stage_2_depth_maps\labrador\labrador_labrador_side_view_bing_00117_stage2_depth.png,D:\sideview_pipeline_stages\stage_3_anatomical_masks\labrador\labrador_labrador_side_view_bing_00117_stage3_mask_XL.png,D:\sideview_pipeline_stages\stage_4_vton_renders\labrador\labrador_labrador_side_view_bing_00117_stage4_vton_XL.png
481,labrador_labrador_side_view_bing_00118,Labrador Retriever,87.9,14.1,13.9,48.7,67.7,L,1.022,Good Fit,D:\sideview_pipeline_stages\stage_1_3d_meshes\labrador\labrador_labrador_side_view_bing_00118_stage1_mesh.obj,D:\sideview_pipeline_stages\stage_2_depth_maps\labrador\labrador_labrador_side_view_bing_00118_stage2_depth.png,D:\sideview_pipeline_stages\stage_3_anatomical_masks\labrador\labrador_labrador_side_view_bing_00118_stage3_mask_L.png,D:\sideview_pipeline_stages\stage_4_vton_renders\labrador\labrador_labrador_side_view_bing_00118_stage4_vton_L.png
482,labrador_labrador_side_view_bing_00119,Labrador Retriever,84.2,13.7,13.1,58.1,56.1,L,0.979,Good Fit,D:\sideview_pipeline_stages\stage_1_3d_meshes\labrador\labrador_labrador_side_view_bing_00119_stage1_mesh.obj,D:\sideview_pipeline_stages\stage_2_depth_maps\labrador\labrador_labrador_side_view_bing_00119_stage2_depth.png,D:\sideview_pipeline_stages\stage_3_anatomical_masks\labrador\labrador_labrador_side_view_bing_00119_stage3_mask_L.png,D:\sideview_pipeline_stages\stage_4_vton_renders\labrador\labrador_labrador_side_view_bing_00119_stage4_vton_L.png
483,labrador_labrador_side_view_bing_00120,Labrador Retriever,87.4,14.0,13.8,57.4,77.0,L,1.016,Good Fit,D:\sideview_pipeline_stages\stage_1_3d_meshes\labrador\labrador_labrador_side_view_bing_00120_stage1_mesh.obj,D:\sideview_pipeline_stages\stage_2_depth_maps\labrador\labrador_labrador_side_view_bing_00120_stage2_depth.png,D:\sideview_pipeline_stages\stage_3_anatomical_masks\labrador\labrador_labrador_side_view_bing_00120_stage3_mask_L.png,D:\sideview_pipeline_stages\stage_4_vton_renders\labrador\labrador_labrador_side_view_bing_00120_stage4_vton_L.png
484,labrador_labrador_side_view_bing_00121,Labrador Retriever,90.6,14.5,14.3,59.1,77.9,L,1.053,Good Fit,D:\sideview_pipeline_stages\stage_1_3d_meshes\labrador\labrador_labrador_side_view_bing_00121_stage1_mesh.obj,D:\sideview_pipeline_stages\stage_2_depth_maps\labrador\labrador_labrador_side_view_bing_00121_stage2_depth.png,D:\sideview_pipeline_stages\stage_3_anatomical_masks\labrador\labrador_labrador_side_view_bing_00121_stage3_mask_L.png,D:\sideview_pipeline_stages\stage_4_vton_renders\labrador\labrador_labrador_side_view_bing_00121_stage4_vton_L.png
