Index,Image_ID,Breed,Chest_Girth_cm,Back_Length_cm,Withers_Height_cm,Recommended_Size,Fit_Ratio,Sizing_Verdict,3D_Mesh_OBJ_Path,VTON_Image_PNG_Path
1,golden_golden_retriever_dog_show_bing_00000,Golden Retriever,86.5,114.0,85.4,L,1.006,Good Fit,D:\barc_3d_full_dataset_outputs\golden\3d_meshes\golden_golden_retriever_dog_show_bing_00000_3d_mesh.obj,D:\barc_3d_full_dataset_outputs\golden\vton_images\golden_golden_retriever_dog_show_bing_00000_vton_L.png
2,golden_golden_retriever_dog_show_bing_00001,Golden Retriever,93.6,57.7,74.8,XL,0.945,Good Fit,D:\barc_3d_full_dataset_outputs\golden\3d_meshes\golden_golden_retriever_dog_show_bing_00001_3d_mesh.obj,D:\barc_3d_full_dataset_outputs\golden\vton_images\golden_golden_retriever_dog_show_bing_00001_vton_XL.png
3,golden_golden_retriever_dog_show_bing_00002,Golden Retriever,88.3,57.9,78.7,L,1.027,Good Fit,D:\barc_3d_full_dataset_outputs\golden\3d_meshes\golden_golden_retriever_dog_show_bing_00002_3d_mesh.obj,D:\barc_3d_full_dataset_outputs\golden\vton_images\golden_golden_retriever_dog_show_bing_00002_vton_L.png
4,golden_golden_retriever_dog_show_bing_00003,Golden Retriever,91.6,45.1,64.4,L,1.065,Tight,D:\barc_3d_full_dataset_outputs\golden\3d_meshes\golden_golden_retriever_dog_show_bing_00003_3d_mesh.obj,D:\barc_3d_full_dataset_outputs\golden\vton_images\golden_golden_retriever_dog_show_bing_00003_vton_L.png
5,golden_golden_retriever_dog_show_bing_00004,Golden Retriever,86.3,130.3,78.3,L,1.003,Good Fit,D:\barc_3d_full_dataset_outputs\golden\3d_meshes\golden_golden_retriever_dog_show_bing_00004_3d_mesh.obj,D:\barc_3d_full_dataset_outputs\golden\vton_images\golden_golden_retriever_dog_show_bing_00004_vton_L.png
6,golden_golden_retriever_dog_show_bing_00005,Golden Retriever,76.0,113.2,61.2,M,1.013,Good Fit,D:\barc_3d_full_dataset_outputs\golden\3d_meshes\golden_golden_retriever_dog_show_bing_00005_3d_mesh.obj,D:\barc_3d_full_dataset_outputs\golden\vton_images\golden_golden_retriever_dog_show_bing_00005_vton_M.png
7,golden_golden_retriever_dog_show_bing_00006,Golden Retriever,131.2,36.3,50.1,XL,1.325,Tight,D:\barc_3d_full_dataset_outputs\golden\3d_meshes\golden_golden_retriever_dog_show_bing_00006_3d_mesh.obj,D:\barc_3d_full_dataset_outputs\golden\vton_images\golden_golden_retriever_dog_show_bing_00006_vton_XL.png
8,golden_golden_retriever_dog_show_bing_00007,Golden Retriever,92.1,44.9,68.4,L,1.071,Tight,D:\barc_3d_full_dataset_outputs\golden\3d_meshes\golden_golden_retriever_dog_show_bing_00007_3d_mesh.obj,D:\barc_3d_full_dataset_outputs\golden\vton_images\golden_golden_retriever_dog_show_bing_00007_vton_L.png
9,golden_golden_retriever_dog_show_bing_00008,Golden Retriever,87.2,50.7,76.3,L,1.014,Good Fit,D:\barc_3d_full_dataset_outputs\golden\3d_meshes\golden_golden_retriever_dog_show_bing_00008_3d_mesh.obj,D:\barc_3d_full_dataset_outputs\golden\vton_images\golden_golden_retriever_dog_show_bing_00008_vton_L.png
10,golden_golden_retriever_dog_show_bing_00009,Golden Retriever,76.4,97.6,62.9,M,1.019,Good Fit,D:\barc_3d_full_dataset_outputs\golden\3d_meshes\golden_golden_retriever_dog_show_bing_00009_3d_mesh.obj,D:\barc_3d_full_dataset_outputs\golden\vton_images\golden_golden_retriever_dog_show_bing_00009_vton_M.png
11,golden_golden_retriever_dog_show_bing_00010,Golden Retriever,125.3,48.8,58.0,XL,1.266,Tight,D:\barc_3d_full_dataset_outputs\golden\3d_meshes\golden_golden_retriever_dog_show_bing_00010_3d_mesh.obj,D:\barc_3d_full_dataset_outputs\golden\vton_images\golden_golden_retriever_dog_show_bing_00010_vton_XL.png
12,golden_golden_retriever_dog_show_bing_00011,Golden Retriever,86.4,42.6,62.2,L,1.005,Good Fit,D:\barc_3d_full_dataset_outputs\golden\3d_meshes\golden_golden_retriever_dog_show_bing_00011_3d_mesh.obj,D:\barc_3d_full_dataset_outputs\golden\vton_images\golden_golden_retriever_dog_show_bing_00011_vton_L.png
13,golden_golden_retriever_dog_show_bing_00012,Golden Retriever,88.8,30.7,51.6,L,1.033,Good Fit,D:\barc_3d_full_dataset_outputs\golden\3d_meshes\golden_golden_retriever_dog_show_bing_00012_3d_mesh.obj,D:\barc_3d_full_dataset_outputs\golden\vton_images\golden_golden_retriever_dog_show_bing_00012_vton_L.png
14,golden_golden_retriever_dog_show_bing_00013,Golden Retriever,93.3,95.8,69.9,XL,0.942,Good Fit,D:\barc_3d_full_dataset_outputs\golden\3d_meshes\golden_golden_retriever_dog_show_bing_00013_3d_mesh.obj,D:\barc_3d_full_dataset_outputs\golden\vton_images\golden_golden_retriever_dog_show_bing_00013_vton_XL.png
15,golden_golden_retriever_dog_show_bing_00014,Golden Retriever,94.0,141.3,49.0,XL,0.949,Good Fit,D:\barc_3d_full_dataset_outputs\golden\3d_meshes\golden_golden_retriever_dog_show_bing_00014_3d_mesh.obj,D:\barc_3d_full_dataset_outputs\golden\vton_images\golden_golden_retriever_dog_show_bing_00014_vton_XL.png
16,golden_golden_retriever_dog_show_bing_00015,Golden Retriever,83.7,38.2,42.6,L,0.973,Good Fit,D:\barc_3d_full_dataset_outputs\golden\3d_meshes\golden_golden_retriever_dog_show_bing_00015_3d_mesh.obj,D:\barc_3d_full_dataset_outputs\golden\vton_images\golden_golden_retriever_dog_show_bing_00015_vton_L.png
17,golden_golden_retriever_dog_show_bing_00016,Golden Retriever,92.8,60.9,77.6,XL,0.937,Good Fit,D:\barc_3d_full_dataset_outputs\golden\3d_meshes\golden_golden_retriever_dog_show_bing_00016_3d_mesh.obj,D:\barc_3d_full_dataset_outputs\golden\vton_images\golden_golden_retriever_dog_show_bing_00016_vton_XL.png
18,golden_golden_retriever_dog_show_bing_00017,Golden Retriever,86.8,47.6,65.6,L,1.009,Good Fit,D:\barc_3d_full_dataset_outputs\golden\3d_meshes\golden_golden_retriever_dog_show_bing_00017_3d_mesh.obj,D:\barc_3d_full_dataset_outputs\golden\vton_images\golden_golden_retriever_dog_show_bing_00017_vton_L.png
19,golden_golden_retriever_dog_show_bing_00018,Golden Retriever,95.4,53.2,74.4,XL,0.964,Good Fit,D:\barc_3d_full_dataset_outputs\golden\3d_meshes\golden_golden_retriever_dog_show_bing_00018_3d_mesh.obj,D:\barc_3d_full_dataset_outputs\golden\vton_images\golden_golden_retriever_dog_show_bing_00018_vton_XL.png
20,golden_golden_retriever_dog_show_bing_00019,Golden Retriever,88.1,16.0,95.2,L,1.024,Good Fit,D:\barc_3d_full_dataset_outputs\golden\3d_meshes\golden_golden_retriever_dog_show_bing_00019_3d_mesh.obj,D:\barc_3d_full_dataset_outputs\golden\vton_images\golden_golden_retriever_dog_show_bing_00019_vton_L.png
21,golden_golden_retriever_dog_show_bing_00020,Golden Retriever,81.6,106.3,61.9,L,0.949,Good Fit,D:\barc_3d_full_dataset_outputs\golden\3d_meshes\golden_golden_retriever_dog_show_bing_00020_3d_mesh.obj,D:\barc_3d_full_dataset_outputs\golden\vton_images\golden_golden_retriever_dog_show_bing_00020_vton_L.png
22,golden_golden_retriever_dog_show_bing_00021,Golden Retriever,85.4,126.7,67.1,L,0.993,Good Fit,D:\barc_3d_full_dataset_outputs\golden\3d_meshes\golden_golden_retriever_dog_show_bing_00021_3d_mesh.obj,D:\barc_3d_full_dataset_outputs\golden\vton_images\golden_golden_retriever_dog_show_bing_00021_vton_L.png
23,golden_golden_retriever_dog_show_bing_00022,Golden Retriever,85.5,115.7,57.0,L,0.994,Good Fit,D:\barc_3d_full_dataset_outputs\golden\3d_meshes\golden_golden_retriever_dog_show_bing_00022_3d_mesh.obj,D:\barc_3d_full_dataset_outputs\golden\vton_images\golden_golden_retriever_dog_show_bing_00022_vton_L.png
24,golden_golden_retriever_dog_show_bing_00023,Golden Retriever,95.4,6.5,64.6,XL,0.964,Good Fit,D:\barc_3d_full_dataset_outputs\golden\3d_meshes\golden_golden_retriever_dog_show_bing_00023_3d_mesh.obj,D:\barc_3d_full_dataset_outputs\golden\vton_images\golden_golden_retriever_dog_show_bing_00023_vton_XL.png
25,golden_golden_retriever_dog_show_bing_00024,Golden Retriever,80.7,126.9,67.0,L,0.938,Loose,D:\barc_3d_full_dataset_outputs\golden\3d_meshes\golden_golden_retriever_dog_show_bing_00024_3d_mesh.obj,D:\barc_3d_full_dataset_outputs\golden\vton_images\golden_golden_retriever_dog_show_bing_00024_vton_L.png
26,golden_golden_retriever_dog_show_bing_00025,Golden Retriever,105.9,39.7,52.7,XL,1.07,Good Fit,D:\barc_3d_full_dataset_outputs\golden\3d_meshes\golden_golden_retriever_dog_show_bing_00025_3d_mesh.obj,D:\barc_3d_full_dataset_outputs\golden\vton_images\golden_golden_retriever_dog_show_bing_00025_vton_XL.png
27,golden_golden_retriever_dog_show_bing_00026,Golden Retriever,108.1,37.7,61.6,XL,1.092,Tight,D:\barc_3d_full_dataset_outputs\golden\3d_meshes\golden_golden_retriever_dog_show_bing_00026_3d_mesh.obj,D:\barc_3d_full_dataset_outputs\golden\vton_images\golden_golden_retriever_dog_show_bing_00026_vton_XL.png
28,golden_golden_retriever_dog_show_bing_00027,Golden Retriever,93.9,50.8,65.6,XL,0.948,Good Fit,D:\barc_3d_full_dataset_outputs\golden\3d_meshes\golden_golden_retriever_dog_show_bing_00027_3d_mesh.obj,D:\barc_3d_full_dataset_outputs\golden\vton_images\golden_golden_retriever_dog_show_bing_00027_vton_XL.png
29,golden_golden_retriever_dog_show_bing_00028,Golden Retriever,81.1,53.4,70.9,L,0.943,Good Fit,D:\barc_3d_full_dataset_outputs\golden\3d_meshes\golden_golden_retriever_dog_show_bing_00028_3d_mesh.obj,D:\barc_3d_full_dataset_outputs\golden\vton_images\golden_golden_retriever_dog_show_bing_00028_vton_L.png
30,golden_golden_retriever_dog_show_bing_00029,Golden Retriever,75.6,123.2,56.0,M,1.008,Good Fit,D:\barc_3d_full_dataset_outputs\golden\3d_meshes\golden_golden_retriever_dog_show_bing_00029_3d_mesh.obj,D:\barc_3d_full_dataset_outputs\golden\vton_images\golden_golden_retriever_dog_show_bing_00029_vton_M.png
31,golden_golden_retriever_dog_show_bing_00030,Golden Retriever,73.8,53.2,57.4,M,0.984,Good Fit,D:\barc_3d_full_dataset_outputs\golden\3d_meshes\golden_golden_retriever_dog_show_bing_00030_3d_mesh.obj,D:\barc_3d_full_dataset_outputs\golden\vton_images\golden_golden_retriever_dog_show_bing_00030_vton_M.png
32,golden_golden_retriever_dog_show_bing_00031,Golden Retriever,76.7,55.4,66.1,M,1.023,Good Fit,D:\barc_3d_full_dataset_outputs\golden\3d_meshes\golden_golden_retriever_dog_show_bing_00031_3d_mesh.obj,D:\barc_3d_full_dataset_outputs\golden\vton_images\golden_golden_retriever_dog_show_bing_00031_vton_M.png
33,golden_golden_retriever_dog_show_bing_00032,Golden Retriever,88.3,45.1,60.6,L,1.027,Good Fit,D:\barc_3d_full_dataset_outputs\golden\3d_meshes\golden_golden_retriever_dog_show_bing_00032_3d_mesh.obj,D:\barc_3d_full_dataset_outputs\golden\vton_images\golden_golden_retriever_dog_show_bing_00032_vton_L.png
34,golden_golden_retriever_dog_show_bing_00033,Golden Retriever,104.4,53.8,64.8,XL,1.055,Good Fit,D:\barc_3d_full_dataset_outputs\golden\3d_meshes\golden_golden_retriever_dog_show_bing_00033_3d_mesh.obj,D:\barc_3d_full_dataset_outputs\golden\vton_images\golden_golden_retriever_dog_show_bing_00033_vton_XL.png
35,golden_golden_retriever_dog_show_bing_00034,Golden Retriever,79.6,32.0,53.4,M,1.061,Good Fit,D:\barc_3d_full_dataset_outputs\golden\3d_meshes\golden_golden_retriever_dog_show_bing_00034_3d_mesh.obj,D:\barc_3d_full_dataset_outputs\golden\vton_images\golden_golden_retriever_dog_show_bing_00034_vton_M.png
36,golden_golden_retriever_dog_show_bing_00035,Golden Retriever,78.2,47.8,70.9,M,1.043,Good Fit,D:\barc_3d_full_dataset_outputs\golden\3d_meshes\golden_golden_retriever_dog_show_bing_00035_3d_mesh.obj,D:\barc_3d_full_dataset_outputs\golden\vton_images\golden_golden_retriever_dog_show_bing_00035_vton_M.png
37,golden_golden_retriever_dog_show_bing_00036,Golden Retriever,100.7,53.9,71.5,XL,1.017,Good Fit,D:\barc_3d_full_dataset_outputs\golden\3d_meshes\golden_golden_retriever_dog_show_bing_00036_3d_mesh.obj,D:\barc_3d_full_dataset_outputs\golden\vton_images\golden_golden_retriever_dog_show_bing_00036_vton_XL.png
38,golden_golden_retriever_dog_show_bing_00037,Golden Retriever,92.4,64.8,78.9,L,1.074,Tight,D:\barc_3d_full_dataset_outputs\golden\3d_meshes\golden_golden_retriever_dog_show_bing_00037_3d_mesh.obj,D:\barc_3d_full_dataset_outputs\golden\vton_images\golden_golden_retriever_dog_show_bing_00037_vton_L.png
39,golden_golden_retriever_dog_show_bing_00038,Golden Retriever,74.1,55.9,76.9,M,0.988,Good Fit,D:\barc_3d_full_dataset_outputs\golden\3d_meshes\golden_golden_retriever_dog_show_bing_00038_3d_mesh.obj,D:\barc_3d_full_dataset_outputs\golden\vton_images\golden_golden_retriever_dog_show_bing_00038_vton_M.png
40,golden_golden_retriever_dog_show_bing_00039,Golden Retriever,74.5,59.5,63.4,M,0.993,Good Fit,D:\barc_3d_full_dataset_outputs\golden\3d_meshes\golden_golden_retriever_dog_show_bing_00039_3d_mesh.obj,D:\barc_3d_full_dataset_outputs\golden\vton_images\golden_golden_retriever_dog_show_bing_00039_vton_M.png
41,golden_golden_retriever_dog_show_bing_00040,Golden Retriever,87.7,46.6,73.7,L,1.02,Good Fit,D:\barc_3d_full_dataset_outputs\golden\3d_meshes\golden_golden_retriever_dog_show_bing_00040_3d_mesh.obj,D:\barc_3d_full_dataset_outputs\golden\vton_images\golden_golden_retriever_dog_show_bing_00040_vton_L.png
42,golden_golden_retriever_dog_show_bing_00041,Golden Retriever,90.0,53.1,74.1,L,1.047,Good Fit,D:\barc_3d_full_dataset_outputs\golden\3d_meshes\golden_golden_retriever_dog_show_bing_00041_3d_mesh.obj,D:\barc_3d_full_dataset_outputs\golden\vton_images\golden_golden_retriever_dog_show_bing_00041_vton_L.png
43,golden_golden_retriever_dog_show_bing_00042,Golden Retriever,108.0,54.8,69.2,XL,1.091,Tight,D:\barc_3d_full_dataset_outputs\golden\3d_meshes\golden_golden_retriever_dog_show_bing_00042_3d_mesh.obj,D:\barc_3d_full_dataset_outputs\golden\vton_images\golden_golden_retriever_dog_show_bing_00042_vton_XL.png
44,golden_golden_retriever_dog_show_bing_00043,Golden Retriever,73.1,53.9,61.4,M,0.975,Good Fit,D:\barc_3d_full_dataset_outputs\golden\3d_meshes\golden_golden_retriever_dog_show_bing_00043_3d_mesh.obj,D:\barc_3d_full_dataset_outputs\golden\vton_images\golden_golden_retriever_dog_show_bing_00043_vton_M.png
45,golden_golden_retriever_dog_show_bing_00044,Golden Retriever,84.5,37.6,52.5,L,0.983,Good Fit,D:\barc_3d_full_dataset_outputs\golden\3d_meshes\golden_golden_retriever_dog_show_bing_00044_3d_mesh.obj,D:\barc_3d_full_dataset_outputs\golden\vton_images\golden_golden_retriever_dog_show_bing_00044_vton_L.png
46,golden_golden_retriever_dog_show_bing_00045,Golden Retriever,91.2,37.8,74.4,L,1.06,Tight,D:\barc_3d_full_dataset_outputs\golden\3d_meshes\golden_golden_retriever_dog_show_bing_00045_3d_mesh.obj,D:\barc_3d_full_dataset_outputs\golden\vton_images\golden_golden_retriever_dog_show_bing_00045_vton_L.png
47,golden_golden_retriever_dog_show_bing_00046,Golden Retriever,77.4,51.6,70.1,M,1.032,Good Fit,D:\barc_3d_full_dataset_outputs\golden\3d_meshes\golden_golden_retriever_dog_show_bing_00046_3d_mesh.obj,D:\barc_3d_full_dataset_outputs\golden\vton_images\golden_golden_retriever_dog_show_bing_00046_vton_M.png
48,golden_golden_retriever_dog_show_bing_00047,Golden Retriever,154.2,40.4,46.2,XL,1.558,Tight,D:\barc_3d_full_dataset_outputs\golden\3d_meshes\golden_golden_retriever_dog_show_bing_00047_3d_mesh.obj,D:\barc_3d_full_dataset_outputs\golden\vton_images\golden_golden_retriever_dog_show_bing_00047_vton_XL.png
49,golden_golden_retriever_dog_show_bing_00048,Golden Retriever,83.4,57.3,67.5,L,0.97,Good Fit,D:\barc_3d_full_dataset_outputs\golden\3d_meshes\golden_golden_retriever_dog_show_bing_00048_3d_mesh.obj,D:\barc_3d_full_dataset_outputs\golden\vton_images\golden_golden_retriever_dog_show_bing_00048_vton_L.png
50,golden_golden_retriever_dog_show_bing_00049,Golden Retriever,92.0,62.7,71.7,L,1.07,Tight,D:\barc_3d_full_dataset_outputs\golden\3d_meshes\golden_golden_retriever_dog_show_bing_00049_3d_mesh.obj,D:\barc_3d_full_dataset_outputs\golden\vton_images\golden_golden_retriever_dog_show_bing_00049_vton_L.png
51,golden_golden_retriever_dog_show_bing_00050,Golden Retriever,85.3,80.5,44.3,L,0.992,Good Fit,D:\barc_3d_full_dataset_outputs\golden\3d_meshes\golden_golden_retriever_dog_show_bing_00050_3d_mesh.obj,D:\barc_3d_full_dataset_outputs\golden\vton_images\golden_golden_retriever_dog_show_bing_00050_vton_L.png
52,golden_golden_retriever_dog_show_bing_00051,Golden Retriever,113.6,24.2,80.0,XL,1.147,Tight,D:\barc_3d_full_dataset_outputs\golden\3d_meshes\golden_golden_retriever_dog_show_bing_00051_3d_mesh.obj,D:\barc_3d_full_dataset_outputs\golden\vton_images\golden_golden_retriever_dog_show_bing_00051_vton_XL.png
53,golden_golden_retriever_dog_show_bing_00052,Golden Retriever,90.9,56.2,76.6,L,1.057,Good Fit,D:\barc_3d_full_dataset_outputs\golden\3d_meshes\golden_golden_retriever_dog_show_bing_00052_3d_mesh.obj,D:\barc_3d_full_dataset_outputs\golden\vton_images\golden_golden_retriever_dog_show_bing_00052_vton_L.png
54,golden_golden_retriever_dog_show_bing_00053,Golden Retriever,83.8,49.5,66.2,L,0.974,Good Fit,D:\barc_3d_full_dataset_outputs\golden\3d_meshes\golden_golden_retriever_dog_show_bing_00053_3d_mesh.obj,D:\barc_3d_full_dataset_outputs\golden\vton_images\golden_golden_retriever_dog_show_bing_00053_vton_L.png
55,golden_golden_retriever_dog_show_bing_00054,Golden Retriever,86.2,42.4,62.1,L,1.002,Good Fit,D:\barc_3d_full_dataset_outputs\golden\3d_meshes\golden_golden_retriever_dog_show_bing_00054_3d_mesh.obj,D:\barc_3d_full_dataset_outputs\golden\vton_images\golden_golden_retriever_dog_show_bing_00054_vton_L.png
56,golden_golden_retriever_dog_show_bing_00055,Golden Retriever,83.9,42.5,65.9,L,0.976,Good Fit,D:\barc_3d_full_dataset_outputs\golden\3d_meshes\golden_golden_retriever_dog_show_bing_00055_3d_mesh.obj,D:\barc_3d_full_dataset_outputs\golden\vton_images\golden_golden_retriever_dog_show_bing_00055_vton_L.png
57,golden_golden_retriever_dog_show_bing_00056,Golden Retriever,103.8,33.0,61.8,XL,1.048,Good Fit,D:\barc_3d_full_dataset_outputs\golden\3d_meshes\golden_golden_retriever_dog_show_bing_00056_3d_mesh.obj,D:\barc_3d_full_dataset_outputs\golden\vton_images\golden_golden_retriever_dog_show_bing_00056_vton_XL.png
58,golden_golden_retriever_dog_show_bing_00057,Golden Retriever,84.4,62.0,84.2,L,0.981,Good Fit,D:\barc_3d_full_dataset_outputs\golden\3d_meshes\golden_golden_retriever_dog_show_bing_00057_3d_mesh.obj,D:\barc_3d_full_dataset_outputs\golden\vton_images\golden_golden_retriever_dog_show_bing_00057_vton_L.png
59,golden_golden_retriever_dog_show_bing_00058,Golden Retriever,101.9,55.1,67.5,XL,1.029,Good Fit,D:\barc_3d_full_dataset_outputs\golden\3d_meshes\golden_golden_retriever_dog_show_bing_00058_3d_mesh.obj,D:\barc_3d_full_dataset_outputs\golden\vton_images\golden_golden_retriever_dog_show_bing_00058_vton_XL.png
60,golden_golden_retriever_dog_show_bing_00059,Golden Retriever,96.2,39.3,63.8,XL,0.972,Good Fit,D:\barc_3d_full_dataset_outputs\golden\3d_meshes\golden_golden_retriever_dog_show_bing_00059_3d_mesh.obj,D:\barc_3d_full_dataset_outputs\golden\vton_images\golden_golden_retriever_dog_show_bing_00059_vton_XL.png
61,golden_golden_retriever_dog_show_bing_00060,Golden Retriever,86.5,59.6,80.2,L,1.006,Good Fit,D:\barc_3d_full_dataset_outputs\golden\3d_meshes\golden_golden_retriever_dog_show_bing_00060_3d_mesh.obj,D:\barc_3d_full_dataset_outputs\golden\vton_images\golden_golden_retriever_dog_show_bing_00060_vton_L.png
62,golden_golden_retriever_dog_show_bing_00061,Golden Retriever,140.6,51.8,69.5,XL,1.42,Tight,D:\barc_3d_full_dataset_outputs\golden\3d_meshes\golden_golden_retriever_dog_show_bing_00061_3d_mesh.obj,D:\barc_3d_full_dataset_outputs\golden\vton_images\golden_golden_retriever_dog_show_bing_00061_vton_XL.png
63,golden_golden_retriever_dog_show_bing_00062,Golden Retriever,77.2,34.0,58.3,M,1.029,Good Fit,D:\barc_3d_full_dataset_outputs\golden\3d_meshes\golden_golden_retriever_dog_show_bing_00062_3d_mesh.obj,D:\barc_3d_full_dataset_outputs\golden\vton_images\golden_golden_retriever_dog_show_bing_00062_vton_M.png
64,golden_golden_retriever_dog_show_bing_00063,Golden Retriever,115.9,37.1,73.4,XL,1.171,Tight,D:\barc_3d_full_dataset_outputs\golden\3d_meshes\golden_golden_retriever_dog_show_bing_00063_3d_mesh.obj,D:\barc_3d_full_dataset_outputs\golden\vton_images\golden_golden_retriever_dog_show_bing_00063_vton_XL.png
65,golden_golden_retriever_dog_show_bing_00064,Golden Retriever,92.0,60.2,72.3,L,1.07,Tight,D:\barc_3d_full_dataset_outputs\golden\3d_meshes\golden_golden_retriever_dog_show_bing_00064_3d_mesh.obj,D:\barc_3d_full_dataset_outputs\golden\vton_images\golden_golden_retriever_dog_show_bing_00064_vton_L.png
66,golden_golden_retriever_dog_show_bing_00065,Golden Retriever,81.4,51.1,67.1,L,0.947,Good Fit,D:\barc_3d_full_dataset_outputs\golden\3d_meshes\golden_golden_retriever_dog_show_bing_00065_3d_mesh.obj,D:\barc_3d_full_dataset_outputs\golden\vton_images\golden_golden_retriever_dog_show_bing_00065_vton_L.png
67,golden_golden_retriever_dog_show_bing_00066,Golden Retriever,71.3,53.4,64.3,M,0.951,Good Fit,D:\barc_3d_full_dataset_outputs\golden\3d_meshes\golden_golden_retriever_dog_show_bing_00066_3d_mesh.obj,D:\barc_3d_full_dataset_outputs\golden\vton_images\golden_golden_retriever_dog_show_bing_00066_vton_M.png
68,golden_golden_retriever_dog_show_bing_00067,Golden Retriever,91.8,6.7,54.0,L,1.067,Tight,D:\barc_3d_full_dataset_outputs\golden\3d_meshes\golden_golden_retriever_dog_show_bing_00067_3d_mesh.obj,D:\barc_3d_full_dataset_outputs\golden\vton_images\golden_golden_retriever_dog_show_bing_00067_vton_L.png
69,golden_golden_retriever_dog_show_bing_00068,Golden Retriever,88.0,50.2,68.4,L,1.023,Good Fit,D:\barc_3d_full_dataset_outputs\golden\3d_meshes\golden_golden_retriever_dog_show_bing_00068_3d_mesh.obj,D:\barc_3d_full_dataset_outputs\golden\vton_images\golden_golden_retriever_dog_show_bing_00068_vton_L.png
70,golden_golden_retriever_dog_show_bing_00069,Golden Retriever,75.0,47.9,70.1,M,1.0,Good Fit,D:\barc_3d_full_dataset_outputs\golden\3d_meshes\golden_golden_retriever_dog_show_bing_00069_3d_mesh.obj,D:\barc_3d_full_dataset_outputs\golden\vton_images\golden_golden_retriever_dog_show_bing_00069_vton_M.png
71,golden_golden_retriever_dog_show_bing_00070,Golden Retriever,98.3,54.7,71.1,XL,0.993,Good Fit,D:\barc_3d_full_dataset_outputs\golden\3d_meshes\golden_golden_retriever_dog_show_bing_00070_3d_mesh.obj,D:\barc_3d_full_dataset_outputs\golden\vton_images\golden_golden_retriever_dog_show_bing_00070_vton_XL.png
72,golden_golden_retriever_dog_show_bing_00071,Golden Retriever,100.6,45.1,50.8,XL,1.016,Good Fit,D:\barc_3d_full_dataset_outputs\golden\3d_meshes\golden_golden_retriever_dog_show_bing_00071_3d_mesh.obj,D:\barc_3d_full_dataset_outputs\golden\vton_images\golden_golden_retriever_dog_show_bing_00071_vton_XL.png
73,golden_golden_retriever_dog_show_bing_00072,Golden Retriever,87.0,50.2,68.4,L,1.012,Good Fit,D:\barc_3d_full_dataset_outputs\golden\3d_meshes\golden_golden_retriever_dog_show_bing_00072_3d_mesh.obj,D:\barc_3d_full_dataset_outputs\golden\vton_images\golden_golden_retriever_dog_show_bing_00072_vton_L.png
74,golden_golden_retriever_dog_show_bing_00073,Golden Retriever,75.6,97.4,55.3,M,1.008,Good Fit,D:\barc_3d_full_dataset_outputs\golden\3d_meshes\golden_golden_retriever_dog_show_bing_00073_3d_mesh.obj,D:\barc_3d_full_dataset_outputs\golden\vton_images\golden_golden_retriever_dog_show_bing_00073_vton_M.png
75,golden_golden_retriever_dog_show_bing_00074,Golden Retriever,73.8,53.1,57.3,M,0.984,Good Fit,D:\barc_3d_full_dataset_outputs\golden\3d_meshes\golden_golden_retriever_dog_show_bing_00074_3d_mesh.obj,D:\barc_3d_full_dataset_outputs\golden\vton_images\golden_golden_retriever_dog_show_bing_00074_vton_M.png
76,golden_golden_retriever_dog_show_bing_00075,Golden Retriever,77.3,48.0,81.3,M,1.031,Good Fit,D:\barc_3d_full_dataset_outputs\golden\3d_meshes\golden_golden_retriever_dog_show_bing_00075_3d_mesh.obj,D:\barc_3d_full_dataset_outputs\golden\vton_images\golden_golden_retriever_dog_show_bing_00075_vton_M.png
77,golden_golden_retriever_dog_show_bing_00076,Golden Retriever,100.4,54.6,78.4,XL,1.014,Good Fit,D:\barc_3d_full_dataset_outputs\golden\3d_meshes\golden_golden_retriever_dog_show_bing_00076_3d_mesh.obj,D:\barc_3d_full_dataset_outputs\golden\vton_images\golden_golden_retriever_dog_show_bing_00076_vton_XL.png
78,golden_golden_retriever_dog_show_bing_00077,Golden Retriever,117.6,28.2,75.7,XL,1.188,Tight,D:\barc_3d_full_dataset_outputs\golden\3d_meshes\golden_golden_retriever_dog_show_bing_00077_3d_mesh.obj,D:\barc_3d_full_dataset_outputs\golden\vton_images\golden_golden_retriever_dog_show_bing_00077_vton_XL.png
79,golden_golden_retriever_dog_show_bing_00078,Golden Retriever,125.7,51.4,66.4,XL,1.27,Tight,D:\barc_3d_full_dataset_outputs\golden\3d_meshes\golden_golden_retriever_dog_show_bing_00078_3d_mesh.obj,D:\barc_3d_full_dataset_outputs\golden\vton_images\golden_golden_retriever_dog_show_bing_00078_vton_XL.png
80,golden_golden_retriever_dog_show_bing_00079,Golden Retriever,76.5,58.4,73.3,M,1.02,Good Fit,D:\barc_3d_full_dataset_outputs\golden\3d_meshes\golden_golden_retriever_dog_show_bing_00079_3d_mesh.obj,D:\barc_3d_full_dataset_outputs\golden\vton_images\golden_golden_retriever_dog_show_bing_00079_vton_M.png
81,golden_golden_retriever_dog_show_bing_00080,Golden Retriever,85.0,99.7,78.3,L,0.988,Good Fit,D:\barc_3d_full_dataset_outputs\golden\3d_meshes\golden_golden_retriever_dog_show_bing_00080_3d_mesh.obj,D:\barc_3d_full_dataset_outputs\golden\vton_images\golden_golden_retriever_dog_show_bing_00080_vton_L.png
82,golden_golden_retriever_dog_show_bing_00081,Golden Retriever,78.1,123.1,74.6,M,1.041,Good Fit,D:\barc_3d_full_dataset_outputs\golden\3d_meshes\golden_golden_retriever_dog_show_bing_00081_3d_mesh.obj,D:\barc_3d_full_dataset_outputs\golden\vton_images\golden_golden_retriever_dog_show_bing_00081_vton_M.png
83,golden_golden_retriever_dog_show_bing_00082,Golden Retriever,80.4,80.5,67.6,M,1.072,Good Fit,D:\barc_3d_full_dataset_outputs\golden\3d_meshes\golden_golden_retriever_dog_show_bing_00082_3d_mesh.obj,D:\barc_3d_full_dataset_outputs\golden\vton_images\golden_golden_retriever_dog_show_bing_00082_vton_M.png
84,golden_golden_retriever_dog_show_bing_00083,Golden Retriever,85.0,104.3,67.1,L,0.988,Good Fit,D:\barc_3d_full_dataset_outputs\golden\3d_meshes\golden_golden_retriever_dog_show_bing_00083_3d_mesh.obj,D:\barc_3d_full_dataset_outputs\golden\vton_images\golden_golden_retriever_dog_show_bing_00083_vton_L.png
85,golden_golden_retriever_dog_show_bing_00084,Golden Retriever,95.1,53.3,75.7,XL,0.961,Good Fit,D:\barc_3d_full_dataset_outputs\golden\3d_meshes\golden_golden_retriever_dog_show_bing_00084_3d_mesh.obj,D:\barc_3d_full_dataset_outputs\golden\vton_images\golden_golden_retriever_dog_show_bing_00084_vton_XL.png
86,golden_golden_retriever_dog_show_bing_00085,Golden Retriever,90.5,50.8,83.1,L,1.052,Good Fit,D:\barc_3d_full_dataset_outputs\golden\3d_meshes\golden_golden_retriever_dog_show_bing_00085_3d_mesh.obj,D:\barc_3d_full_dataset_outputs\golden\vton_images\golden_golden_retriever_dog_show_bing_00085_vton_L.png
87,golden_golden_retriever_dog_show_bing_00086,Golden Retriever,106.7,49.2,67.6,XL,1.078,Good Fit,D:\barc_3d_full_dataset_outputs\golden\3d_meshes\golden_golden_retriever_dog_show_bing_00086_3d_mesh.obj,D:\barc_3d_full_dataset_outputs\golden\vton_images\golden_golden_retriever_dog_show_bing_00086_vton_XL.png
88,golden_golden_retriever_dog_show_bing_00087,Golden Retriever,88.5,58.7,77.5,L,1.029,Good Fit,D:\barc_3d_full_dataset_outputs\golden\3d_meshes\golden_golden_retriever_dog_show_bing_00087_3d_mesh.obj,D:\barc_3d_full_dataset_outputs\golden\vton_images\golden_golden_retriever_dog_show_bing_00087_vton_L.png
89,golden_golden_retriever_dog_show_bing_00088,Golden Retriever,115.5,60.4,55.5,XL,1.167,Tight,D:\barc_3d_full_dataset_outputs\golden\3d_meshes\golden_golden_retriever_dog_show_bing_00088_3d_mesh.obj,D:\barc_3d_full_dataset_outputs\golden\vton_images\golden_golden_retriever_dog_show_bing_00088_vton_XL.png
90,golden_golden_retriever_dog_show_bing_00089,Golden Retriever,118.8,96.1,72.0,XL,1.2,Tight,D:\barc_3d_full_dataset_outputs\golden\3d_meshes\golden_golden_retriever_dog_show_bing_00089_3d_mesh.obj,D:\barc_3d_full_dataset_outputs\golden\vton_images\golden_golden_retriever_dog_show_bing_00089_vton_XL.png
91,golden_golden_retriever_dog_show_bing_00090,Golden Retriever,87.3,47.2,73.5,L,1.015,Good Fit,D:\barc_3d_full_dataset_outputs\golden\3d_meshes\golden_golden_retriever_dog_show_bing_00090_3d_mesh.obj,D:\barc_3d_full_dataset_outputs\golden\vton_images\golden_golden_retriever_dog_show_bing_00090_vton_L.png
92,golden_golden_retriever_dog_show_bing_00091,Golden Retriever,84.5,47.9,66.7,L,0.983,Good Fit,D:\barc_3d_full_dataset_outputs\golden\3d_meshes\golden_golden_retriever_dog_show_bing_00091_3d_mesh.obj,D:\barc_3d_full_dataset_outputs\golden\vton_images\golden_golden_retriever_dog_show_bing_00091_vton_L.png
93,golden_golden_retriever_dog_show_bing_00092,Golden Retriever,87.2,50.9,69.3,L,1.014,Good Fit,D:\barc_3d_full_dataset_outputs\golden\3d_meshes\golden_golden_retriever_dog_show_bing_00092_3d_mesh.obj,D:\barc_3d_full_dataset_outputs\golden\vton_images\golden_golden_retriever_dog_show_bing_00092_vton_L.png
94,golden_golden_retriever_dog_show_bing_00093,Golden Retriever,99.3,39.6,54.4,XL,1.003,Good Fit,D:\barc_3d_full_dataset_outputs\golden\3d_meshes\golden_golden_retriever_dog_show_bing_00093_3d_mesh.obj,D:\barc_3d_full_dataset_outputs\golden\vton_images\golden_golden_retriever_dog_show_bing_00093_vton_XL.png
95,golden_golden_retriever_dog_show_bing_00094,Golden Retriever,79.5,41.4,60.9,M,1.06,Good Fit,D:\barc_3d_full_dataset_outputs\golden\3d_meshes\golden_golden_retriever_dog_show_bing_00094_3d_mesh.obj,D:\barc_3d_full_dataset_outputs\golden\vton_images\golden_golden_retriever_dog_show_bing_00094_vton_M.png
96,golden_golden_retriever_dog_show_bing_00095,Golden Retriever,84.6,52.5,64.6,L,0.984,Good Fit,D:\barc_3d_full_dataset_outputs\golden\3d_meshes\golden_golden_retriever_dog_show_bing_00095_3d_mesh.obj,D:\barc_3d_full_dataset_outputs\golden\vton_images\golden_golden_retriever_dog_show_bing_00095_vton_L.png
97,golden_golden_retriever_dog_show_bing_00096,Golden Retriever,81.2,26.6,70.1,L,0.944,Good Fit,D:\barc_3d_full_dataset_outputs\golden\3d_meshes\golden_golden_retriever_dog_show_bing_00096_3d_mesh.obj,D:\barc_3d_full_dataset_outputs\golden\vton_images\golden_golden_retriever_dog_show_bing_00096_vton_L.png
98,golden_golden_retriever_dog_show_bing_00097,Golden Retriever,90.9,54.7,71.0,L,1.057,Good Fit,D:\barc_3d_full_dataset_outputs\golden\3d_meshes\golden_golden_retriever_dog_show_bing_00097_3d_mesh.obj,D:\barc_3d_full_dataset_outputs\golden\vton_images\golden_golden_retriever_dog_show_bing_00097_vton_L.png
99,golden_golden_retriever_dog_show_bing_00098,Golden Retriever,77.6,59.2,67.9,M,1.035,Good Fit,D:\barc_3d_full_dataset_outputs\golden\3d_meshes\golden_golden_retriever_dog_show_bing_00098_3d_mesh.obj,D:\barc_3d_full_dataset_outputs\golden\vton_images\golden_golden_retriever_dog_show_bing_00098_vton_M.png
100,golden_golden_retriever_dog_show_bing_00099,Golden Retriever,93.4,112.3,86.8,XL,0.943,Good Fit,D:\barc_3d_full_dataset_outputs\golden\3d_meshes\golden_golden_retriever_dog_show_bing_00099_3d_mesh.obj,D:\barc_3d_full_dataset_outputs\golden\vton_images\golden_golden_retriever_dog_show_bing_00099_vton_XL.png
101,golden_golden_retriever_dog_show_bing_00100,Golden Retriever,83.9,50.3,61.9,L,0.976,Good Fit,D:\barc_3d_full_dataset_outputs\golden\3d_meshes\golden_golden_retriever_dog_show_bing_00100_3d_mesh.obj,D:\barc_3d_full_dataset_outputs\golden\vton_images\golden_golden_retriever_dog_show_bing_00100_vton_L.png
102,golden_golden_retriever_dog_show_bing_00101,Golden Retriever,117.6,60.7,65.1,XL,1.188,Tight,D:\barc_3d_full_dataset_outputs\golden\3d_meshes\golden_golden_retriever_dog_show_bing_00101_3d_mesh.obj,D:\barc_3d_full_dataset_outputs\golden\vton_images\golden_golden_retriever_dog_show_bing_00101_vton_XL.png
103,golden_golden_retriever_dog_show_bing_00102,Golden Retriever,86.6,59.8,79.8,L,1.007,Good Fit,D:\barc_3d_full_dataset_outputs\golden\3d_meshes\golden_golden_retriever_dog_show_bing_00102_3d_mesh.obj,D:\barc_3d_full_dataset_outputs\golden\vton_images\golden_golden_retriever_dog_show_bing_00102_vton_L.png
104,golden_golden_retriever_side_view_bing_00000,Golden Retriever,82.5,58.7,78.2,L,0.959,Good Fit,D:\barc_3d_full_dataset_outputs\golden\3d_meshes\golden_golden_retriever_side_view_bing_00000_3d_mesh.obj,D:\barc_3d_full_dataset_outputs\golden\vton_images\golden_golden_retriever_side_view_bing_00000_vton_L.png
105,golden_golden_retriever_side_view_bing_00001,Golden Retriever,86.2,60.6,80.1,L,1.002,Good Fit,D:\barc_3d_full_dataset_outputs\golden\3d_meshes\golden_golden_retriever_side_view_bing_00001_3d_mesh.obj,D:\barc_3d_full_dataset_outputs\golden\vton_images\golden_golden_retriever_side_view_bing_00001_vton_L.png
106,golden_golden_retriever_side_view_bing_00002,Golden Retriever,106.5,44.3,82.8,XL,1.076,Good Fit,D:\barc_3d_full_dataset_outputs\golden\3d_meshes\golden_golden_retriever_side_view_bing_00002_3d_mesh.obj,D:\barc_3d_full_dataset_outputs\golden\vton_images\golden_golden_retriever_side_view_bing_00002_vton_XL.png
107,golden_golden_retriever_side_view_bing_00003,Golden Retriever,91.3,56.7,73.1,L,1.062,Tight,D:\barc_3d_full_dataset_outputs\golden\3d_meshes\golden_golden_retriever_side_view_bing_00003_3d_mesh.obj,D:\barc_3d_full_dataset_outputs\golden\vton_images\golden_golden_retriever_side_view_bing_00003_vton_L.png
108,golden_golden_retriever_side_view_bing_00004,Golden Retriever,85.9,58.2,77.5,L,0.999,Good Fit,D:\barc_3d_full_dataset_outputs\golden\3d_meshes\golden_golden_retriever_side_view_bing_00004_3d_mesh.obj,D:\barc_3d_full_dataset_outputs\golden\vton_images\golden_golden_retriever_side_view_bing_00004_vton_L.png
109,golden_golden_retriever_side_view_bing_00005,Golden Retriever,83.6,59.3,76.7,L,0.972,Good Fit,D:\barc_3d_full_dataset_outputs\golden\3d_meshes\golden_golden_retriever_side_view_bing_00005_3d_mesh.obj,D:\barc_3d_full_dataset_outputs\golden\vton_images\golden_golden_retriever_side_view_bing_00005_vton_L.png
110,golden_golden_retriever_side_view_bing_00006,Golden Retriever,105.5,123.1,72.0,XL,1.066,Good Fit,D:\barc_3d_full_dataset_outputs\golden\3d_meshes\golden_golden_retriever_side_view_bing_00006_3d_mesh.obj,D:\barc_3d_full_dataset_outputs\golden\vton_images\golden_golden_retriever_side_view_bing_00006_vton_XL.png
111,golden_golden_retriever_side_view_bing_00007,Golden Retriever,80.3,48.7,73.7,M,1.071,Good Fit,D:\barc_3d_full_dataset_outputs\golden\3d_meshes\golden_golden_retriever_side_view_bing_00007_3d_mesh.obj,D:\barc_3d_full_dataset_outputs\golden\vton_images\golden_golden_retriever_side_view_bing_00007_vton_M.png
112,golden_golden_retriever_side_view_bing_00008,Golden Retriever,110.1,48.4,65.9,XL,1.112,Tight,D:\barc_3d_full_dataset_outputs\golden\3d_meshes\golden_golden_retriever_side_view_bing_00008_3d_mesh.obj,D:\barc_3d_full_dataset_outputs\golden\vton_images\golden_golden_retriever_side_view_bing_00008_vton_XL.png
113,golden_golden_retriever_side_view_bing_00009,Golden Retriever,86.2,55.9,72.0,L,1.002,Good Fit,D:\barc_3d_full_dataset_outputs\golden\3d_meshes\golden_golden_retriever_side_view_bing_00009_3d_mesh.obj,D:\barc_3d_full_dataset_outputs\golden\vton_images\golden_golden_retriever_side_view_bing_00009_vton_L.png
114,golden_golden_retriever_side_view_bing_00010,Golden Retriever,90.0,47.0,69.2,L,1.047,Good Fit,D:\barc_3d_full_dataset_outputs\golden\3d_meshes\golden_golden_retriever_side_view_bing_00010_3d_mesh.obj,D:\barc_3d_full_dataset_outputs\golden\vton_images\golden_golden_retriever_side_view_bing_00010_vton_L.png
115,golden_golden_retriever_side_view_bing_00011,Golden Retriever,105.7,24.4,61.0,XL,1.068,Good Fit,D:\barc_3d_full_dataset_outputs\golden\3d_meshes\golden_golden_retriever_side_view_bing_00011_3d_mesh.obj,D:\barc_3d_full_dataset_outputs\golden\vton_images\golden_golden_retriever_side_view_bing_00011_vton_XL.png
116,golden_golden_retriever_side_view_bing_00012,Golden Retriever,98.4,31.1,59.6,XL,0.994,Good Fit,D:\barc_3d_full_dataset_outputs\golden\3d_meshes\golden_golden_retriever_side_view_bing_00012_3d_mesh.obj,D:\barc_3d_full_dataset_outputs\golden\vton_images\golden_golden_retriever_side_view_bing_00012_vton_XL.png
117,golden_golden_retriever_side_view_bing_00013,Golden Retriever,83.3,51.1,64.9,L,0.969,Good Fit,D:\barc_3d_full_dataset_outputs\golden\3d_meshes\golden_golden_retriever_side_view_bing_00013_3d_mesh.obj,D:\barc_3d_full_dataset_outputs\golden\vton_images\golden_golden_retriever_side_view_bing_00013_vton_L.png
118,golden_golden_retriever_side_view_bing_00014,Golden Retriever,88.8,60.5,69.4,L,1.033,Good Fit,D:\barc_3d_full_dataset_outputs\golden\3d_meshes\golden_golden_retriever_side_view_bing_00014_3d_mesh.obj,D:\barc_3d_full_dataset_outputs\golden\vton_images\golden_golden_retriever_side_view_bing_00014_vton_L.png
119,golden_golden_retriever_side_view_bing_00015,Golden Retriever,103.5,44.3,73.2,XL,1.045,Good Fit,D:\barc_3d_full_dataset_outputs\golden\3d_meshes\golden_golden_retriever_side_view_bing_00015_3d_mesh.obj,D:\barc_3d_full_dataset_outputs\golden\vton_images\golden_golden_retriever_side_view_bing_00015_vton_XL.png
120,golden_golden_retriever_side_view_bing_00016,Golden Retriever,81.3,59.1,81.5,L,0.945,Good Fit,D:\barc_3d_full_dataset_outputs\golden\3d_meshes\golden_golden_retriever_side_view_bing_00016_3d_mesh.obj,D:\barc_3d_full_dataset_outputs\golden\vton_images\golden_golden_retriever_side_view_bing_00016_vton_L.png
121,golden_golden_retriever_side_view_bing_00017,Golden Retriever,206.8,95.0,80.9,XL,2.089,Tight,D:\barc_3d_full_dataset_outputs\golden\3d_meshes\golden_golden_retriever_side_view_bing_00017_3d_mesh.obj,D:\barc_3d_full_dataset_outputs\golden\vton_images\golden_golden_retriever_side_view_bing_00017_vton_XL.png
122,golden_golden_retriever_side_view_bing_00018,Golden Retriever,85.7,55.3,84.8,L,0.997,Good Fit,D:\barc_3d_full_dataset_outputs\golden\3d_meshes\golden_golden_retriever_side_view_bing_00018_3d_mesh.obj,D:\barc_3d_full_dataset_outputs\golden\vton_images\golden_golden_retriever_side_view_bing_00018_vton_L.png
123,golden_golden_retriever_side_view_bing_00019,Golden Retriever,89.0,51.7,70.7,L,1.035,Good Fit,D:\barc_3d_full_dataset_outputs\golden\3d_meshes\golden_golden_retriever_side_view_bing_00019_3d_mesh.obj,D:\barc_3d_full_dataset_outputs\golden\vton_images\golden_golden_retriever_side_view_bing_00019_vton_L.png
124,golden_golden_retriever_side_view_bing_00020,Golden Retriever,83.3,55.2,74.5,L,0.969,Good Fit,D:\barc_3d_full_dataset_outputs\golden\3d_meshes\golden_golden_retriever_side_view_bing_00020_3d_mesh.obj,D:\barc_3d_full_dataset_outputs\golden\vton_images\golden_golden_retriever_side_view_bing_00020_vton_L.png
125,golden_golden_retriever_side_view_bing_00021,Golden Retriever,85.8,58.5,82.4,L,0.998,Good Fit,D:\barc_3d_full_dataset_outputs\golden\3d_meshes\golden_golden_retriever_side_view_bing_00021_3d_mesh.obj,D:\barc_3d_full_dataset_outputs\golden\vton_images\golden_golden_retriever_side_view_bing_00021_vton_L.png
126,golden_golden_retriever_side_view_bing_00022,Golden Retriever,112.1,49.0,60.6,XL,1.132,Tight,D:\barc_3d_full_dataset_outputs\golden\3d_meshes\golden_golden_retriever_side_view_bing_00022_3d_mesh.obj,D:\barc_3d_full_dataset_outputs\golden\vton_images\golden_golden_retriever_side_view_bing_00022_vton_XL.png
127,golden_golden_retriever_side_view_bing_00023,Golden Retriever,89.1,54.6,74.5,L,1.036,Good Fit,D:\barc_3d_full_dataset_outputs\golden\3d_meshes\golden_golden_retriever_side_view_bing_00023_3d_mesh.obj,D:\barc_3d_full_dataset_outputs\golden\vton_images\golden_golden_retriever_side_view_bing_00023_vton_L.png
128,golden_golden_retriever_side_view_bing_00024,Golden Retriever,144.6,55.5,74.8,XL,1.461,Tight,D:\barc_3d_full_dataset_outputs\golden\3d_meshes\golden_golden_retriever_side_view_bing_00024_3d_mesh.obj,D:\barc_3d_full_dataset_outputs\golden\vton_images\golden_golden_retriever_side_view_bing_00024_vton_XL.png
129,golden_golden_retriever_side_view_bing_00025,Golden Retriever,78.4,52.8,61.4,M,1.045,Good Fit,D:\barc_3d_full_dataset_outputs\golden\3d_meshes\golden_golden_retriever_side_view_bing_00025_3d_mesh.obj,D:\barc_3d_full_dataset_outputs\golden\vton_images\golden_golden_retriever_side_view_bing_00025_vton_M.png
130,golden_golden_retriever_side_view_bing_00026,Golden Retriever,85.3,64.2,88.8,L,0.992,Good Fit,D:\barc_3d_full_dataset_outputs\golden\3d_meshes\golden_golden_retriever_side_view_bing_00026_3d_mesh.obj,D:\barc_3d_full_dataset_outputs\golden\vton_images\golden_golden_retriever_side_view_bing_00026_vton_L.png
131,golden_golden_retriever_side_view_bing_00027,Golden Retriever,92.3,38.1,63.0,L,1.073,Tight,D:\barc_3d_full_dataset_outputs\golden\3d_meshes\golden_golden_retriever_side_view_bing_00027_3d_mesh.obj,D:\barc_3d_full_dataset_outputs\golden\vton_images\golden_golden_retriever_side_view_bing_00027_vton_L.png
132,golden_golden_retriever_side_view_bing_00028,Golden Retriever,94.6,62.5,84.0,XL,0.956,Good Fit,D:\barc_3d_full_dataset_outputs\golden\3d_meshes\golden_golden_retriever_side_view_bing_00028_3d_mesh.obj,D:\barc_3d_full_dataset_outputs\golden\vton_images\golden_golden_retriever_side_view_bing_00028_vton_XL.png
133,golden_golden_retriever_side_view_bing_00029,Golden Retriever,85.7,56.0,77.2,L,0.997,Good Fit,D:\barc_3d_full_dataset_outputs\golden\3d_meshes\golden_golden_retriever_side_view_bing_00029_3d_mesh.obj,D:\barc_3d_full_dataset_outputs\golden\vton_images\golden_golden_retriever_side_view_bing_00029_vton_L.png
134,golden_golden_retriever_side_view_bing_00030,Golden Retriever,83.7,8.1,58.7,L,0.973,Good Fit,D:\barc_3d_full_dataset_outputs\golden\3d_meshes\golden_golden_retriever_side_view_bing_00030_3d_mesh.obj,D:\barc_3d_full_dataset_outputs\golden\vton_images\golden_golden_retriever_side_view_bing_00030_vton_L.png
135,golden_golden_retriever_side_view_bing_00031,Golden Retriever,105.7,46.5,70.0,XL,1.068,Good Fit,D:\barc_3d_full_dataset_outputs\golden\3d_meshes\golden_golden_retriever_side_view_bing_00031_3d_mesh.obj,D:\barc_3d_full_dataset_outputs\golden\vton_images\golden_golden_retriever_side_view_bing_00031_vton_XL.png
136,golden_golden_retriever_side_view_bing_00032,Golden Retriever,91.2,59.2,78.9,L,1.06,Tight,D:\barc_3d_full_dataset_outputs\golden\3d_meshes\golden_golden_retriever_side_view_bing_00032_3d_mesh.obj,D:\barc_3d_full_dataset_outputs\golden\vton_images\golden_golden_retriever_side_view_bing_00032_vton_L.png
137,golden_golden_retriever_side_view_bing_00033,Golden Retriever,119.4,82.7,67.6,XL,1.206,Tight,D:\barc_3d_full_dataset_outputs\golden\3d_meshes\golden_golden_retriever_side_view_bing_00033_3d_mesh.obj,D:\barc_3d_full_dataset_outputs\golden\vton_images\golden_golden_retriever_side_view_bing_00033_vton_XL.png
138,golden_golden_retriever_side_view_bing_00034,Golden Retriever,99.5,24.3,62.1,XL,1.005,Good Fit,D:\barc_3d_full_dataset_outputs\golden\3d_meshes\golden_golden_retriever_side_view_bing_00034_3d_mesh.obj,D:\barc_3d_full_dataset_outputs\golden\vton_images\golden_golden_retriever_side_view_bing_00034_vton_XL.png
139,golden_golden_retriever_side_view_bing_00035,Golden Retriever,115.6,59.7,67.2,XL,1.168,Tight,D:\barc_3d_full_dataset_outputs\golden\3d_meshes\golden_golden_retriever_side_view_bing_00035_3d_mesh.obj,D:\barc_3d_full_dataset_outputs\golden\vton_images\golden_golden_retriever_side_view_bing_00035_vton_XL.png
140,golden_golden_retriever_side_view_bing_00036,Golden Retriever,91.3,44.8,65.1,L,1.062,Tight,D:\barc_3d_full_dataset_outputs\golden\3d_meshes\golden_golden_retriever_side_view_bing_00036_3d_mesh.obj,D:\barc_3d_full_dataset_outputs\golden\vton_images\golden_golden_retriever_side_view_bing_00036_vton_L.png
141,golden_golden_retriever_side_view_bing_00037,Golden Retriever,92.1,60.2,79.3,L,1.071,Tight,D:\barc_3d_full_dataset_outputs\golden\3d_meshes\golden_golden_retriever_side_view_bing_00037_3d_mesh.obj,D:\barc_3d_full_dataset_outputs\golden\vton_images\golden_golden_retriever_side_view_bing_00037_vton_L.png
142,golden_golden_retriever_side_view_bing_00038,Golden Retriever,100.5,48.0,81.6,XL,1.015,Good Fit,D:\barc_3d_full_dataset_outputs\golden\3d_meshes\golden_golden_retriever_side_view_bing_00038_3d_mesh.obj,D:\barc_3d_full_dataset_outputs\golden\vton_images\golden_golden_retriever_side_view_bing_00038_vton_XL.png
143,golden_golden_retriever_side_view_bing_00039,Golden Retriever,83.3,57.6,76.0,L,0.969,Good Fit,D:\barc_3d_full_dataset_outputs\golden\3d_meshes\golden_golden_retriever_side_view_bing_00039_3d_mesh.obj,D:\barc_3d_full_dataset_outputs\golden\vton_images\golden_golden_retriever_side_view_bing_00039_vton_L.png
144,golden_golden_retriever_side_view_bing_00040,Golden Retriever,99.0,61.5,67.4,XL,1.0,Good Fit,D:\barc_3d_full_dataset_outputs\golden\3d_meshes\golden_golden_retriever_side_view_bing_00040_3d_mesh.obj,D:\barc_3d_full_dataset_outputs\golden\vton_images\golden_golden_retriever_side_view_bing_00040_vton_XL.png
145,golden_golden_retriever_side_view_bing_00041,Golden Retriever,100.7,41.7,75.9,XL,1.017,Good Fit,D:\barc_3d_full_dataset_outputs\golden\3d_meshes\golden_golden_retriever_side_view_bing_00041_3d_mesh.obj,D:\barc_3d_full_dataset_outputs\golden\vton_images\golden_golden_retriever_side_view_bing_00041_vton_XL.png
146,golden_golden_retriever_side_view_bing_00042,Golden Retriever,94.8,48.6,57.3,XL,0.958,Good Fit,D:\barc_3d_full_dataset_outputs\golden\3d_meshes\golden_golden_retriever_side_view_bing_00042_3d_mesh.obj,D:\barc_3d_full_dataset_outputs\golden\vton_images\golden_golden_retriever_side_view_bing_00042_vton_XL.png
147,golden_golden_retriever_side_view_bing_00043,Golden Retriever,98.0,52.4,67.4,XL,0.99,Good Fit,D:\barc_3d_full_dataset_outputs\golden\3d_meshes\golden_golden_retriever_side_view_bing_00043_3d_mesh.obj,D:\barc_3d_full_dataset_outputs\golden\vton_images\golden_golden_retriever_side_view_bing_00043_vton_XL.png
148,golden_golden_retriever_side_view_bing_00044,Golden Retriever,111.3,44.6,64.1,XL,1.124,Tight,D:\barc_3d_full_dataset_outputs\golden\3d_meshes\golden_golden_retriever_side_view_bing_00044_3d_mesh.obj,D:\barc_3d_full_dataset_outputs\golden\vton_images\golden_golden_retriever_side_view_bing_00044_vton_XL.png
149,golden_golden_retriever_side_view_bing_00045,Golden Retriever,92.3,56.9,78.0,L,1.073,Tight,D:\barc_3d_full_dataset_outputs\golden\3d_meshes\golden_golden_retriever_side_view_bing_00045_3d_mesh.obj,D:\barc_3d_full_dataset_outputs\golden\vton_images\golden_golden_retriever_side_view_bing_00045_vton_L.png
150,golden_golden_retriever_side_view_bing_00046,Golden Retriever,93.1,60.1,80.1,XL,0.94,Good Fit,D:\barc_3d_full_dataset_outputs\golden\3d_meshes\golden_golden_retriever_side_view_bing_00046_3d_mesh.obj,D:\barc_3d_full_dataset_outputs\golden\vton_images\golden_golden_retriever_side_view_bing_00046_vton_XL.png
151,golden_golden_retriever_side_view_bing_00047,Golden Retriever,87.1,60.5,79.6,L,1.013,Good Fit,D:\barc_3d_full_dataset_outputs\golden\3d_meshes\golden_golden_retriever_side_view_bing_00047_3d_mesh.obj,D:\barc_3d_full_dataset_outputs\golden\vton_images\golden_golden_retriever_side_view_bing_00047_vton_L.png
152,golden_golden_retriever_side_view_bing_00048,Golden Retriever,85.2,57.9,76.3,L,0.991,Good Fit,D:\barc_3d_full_dataset_outputs\golden\3d_meshes\golden_golden_retriever_side_view_bing_00048_3d_mesh.obj,D:\barc_3d_full_dataset_outputs\golden\vton_images\golden_golden_retriever_side_view_bing_00048_vton_L.png
153,golden_golden_retriever_side_view_bing_00049,Golden Retriever,93.2,61.3,84.0,XL,0.941,Good Fit,D:\barc_3d_full_dataset_outputs\golden\3d_meshes\golden_golden_retriever_side_view_bing_00049_3d_mesh.obj,D:\barc_3d_full_dataset_outputs\golden\vton_images\golden_golden_retriever_side_view_bing_00049_vton_XL.png
154,golden_golden_retriever_side_view_bing_00050,Golden Retriever,86.1,57.5,75.9,L,1.001,Good Fit,D:\barc_3d_full_dataset_outputs\golden\3d_meshes\golden_golden_retriever_side_view_bing_00050_3d_mesh.obj,D:\barc_3d_full_dataset_outputs\golden\vton_images\golden_golden_retriever_side_view_bing_00050_vton_L.png
155,golden_golden_retriever_side_view_bing_00051,Golden Retriever,131.6,51.1,71.1,XL,1.329,Tight,D:\barc_3d_full_dataset_outputs\golden\3d_meshes\golden_golden_retriever_side_view_bing_00051_3d_mesh.obj,D:\barc_3d_full_dataset_outputs\golden\vton_images\golden_golden_retriever_side_view_bing_00051_vton_XL.png
156,golden_golden_retriever_side_view_bing_00052,Golden Retriever,87.5,58.8,76.9,L,1.017,Good Fit,D:\barc_3d_full_dataset_outputs\golden\3d_meshes\golden_golden_retriever_side_view_bing_00052_3d_mesh.obj,D:\barc_3d_full_dataset_outputs\golden\vton_images\golden_golden_retriever_side_view_bing_00052_vton_L.png
157,golden_golden_retriever_side_view_bing_00053,Golden Retriever,129.4,52.3,70.6,XL,1.307,Tight,D:\barc_3d_full_dataset_outputs\golden\3d_meshes\golden_golden_retriever_side_view_bing_00053_3d_mesh.obj,D:\barc_3d_full_dataset_outputs\golden\vton_images\golden_golden_retriever_side_view_bing_00053_vton_XL.png
158,golden_golden_retriever_side_view_bing_00054,Golden Retriever,87.1,115.5,73.8,L,1.013,Good Fit,D:\barc_3d_full_dataset_outputs\golden\3d_meshes\golden_golden_retriever_side_view_bing_00054_3d_mesh.obj,D:\barc_3d_full_dataset_outputs\golden\vton_images\golden_golden_retriever_side_view_bing_00054_vton_L.png
159,golden_golden_retriever_side_view_bing_00055,Golden Retriever,100.2,57.1,63.8,XL,1.012,Good Fit,D:\barc_3d_full_dataset_outputs\golden\3d_meshes\golden_golden_retriever_side_view_bing_00055_3d_mesh.obj,D:\barc_3d_full_dataset_outputs\golden\vton_images\golden_golden_retriever_side_view_bing_00055_vton_XL.png
160,golden_golden_retriever_side_view_bing_00056,Golden Retriever,111.1,38.1,53.5,XL,1.122,Tight,D:\barc_3d_full_dataset_outputs\golden\3d_meshes\golden_golden_retriever_side_view_bing_00056_3d_mesh.obj,D:\barc_3d_full_dataset_outputs\golden\vton_images\golden_golden_retriever_side_view_bing_00056_vton_XL.png
161,golden_golden_retriever_side_view_bing_00057,Golden Retriever,96.7,45.1,88.1,XL,0.977,Good Fit,D:\barc_3d_full_dataset_outputs\golden\3d_meshes\golden_golden_retriever_side_view_bing_00057_3d_mesh.obj,D:\barc_3d_full_dataset_outputs\golden\vton_images\golden_golden_retriever_side_view_bing_00057_vton_XL.png
162,golden_golden_retriever_side_view_bing_00058,Golden Retriever,108.0,60.3,77.0,XL,1.091,Tight,D:\barc_3d_full_dataset_outputs\golden\3d_meshes\golden_golden_retriever_side_view_bing_00058_3d_mesh.obj,D:\barc_3d_full_dataset_outputs\golden\vton_images\golden_golden_retriever_side_view_bing_00058_vton_XL.png
163,golden_golden_retriever_side_view_bing_00059,Golden Retriever,90.4,55.1,81.0,L,1.051,Good Fit,D:\barc_3d_full_dataset_outputs\golden\3d_meshes\golden_golden_retriever_side_view_bing_00059_3d_mesh.obj,D:\barc_3d_full_dataset_outputs\golden\vton_images\golden_golden_retriever_side_view_bing_00059_vton_L.png
164,golden_golden_retriever_side_view_bing_00060,Golden Retriever,86.1,48.1,66.5,L,1.001,Good Fit,D:\barc_3d_full_dataset_outputs\golden\3d_meshes\golden_golden_retriever_side_view_bing_00060_3d_mesh.obj,D:\barc_3d_full_dataset_outputs\golden\vton_images\golden_golden_retriever_side_view_bing_00060_vton_L.png
165,golden_golden_retriever_side_view_bing_00061,Golden Retriever,92.0,64.1,86.0,L,1.07,Tight,D:\barc_3d_full_dataset_outputs\golden\3d_meshes\golden_golden_retriever_side_view_bing_00061_3d_mesh.obj,D:\barc_3d_full_dataset_outputs\golden\vton_images\golden_golden_retriever_side_view_bing_00061_vton_L.png
166,golden_golden_retriever_side_view_bing_00062,Golden Retriever,94.2,58.9,81.4,XL,0.952,Good Fit,D:\barc_3d_full_dataset_outputs\golden\3d_meshes\golden_golden_retriever_side_view_bing_00062_3d_mesh.obj,D:\barc_3d_full_dataset_outputs\golden\vton_images\golden_golden_retriever_side_view_bing_00062_vton_XL.png
167,golden_golden_retriever_side_view_bing_00063,Golden Retriever,89.1,57.2,77.5,L,1.036,Good Fit,D:\barc_3d_full_dataset_outputs\golden\3d_meshes\golden_golden_retriever_side_view_bing_00063_3d_mesh.obj,D:\barc_3d_full_dataset_outputs\golden\vton_images\golden_golden_retriever_side_view_bing_00063_vton_L.png
168,golden_golden_retriever_side_view_bing_00064,Golden Retriever,143.7,56.7,75.6,XL,1.452,Tight,D:\barc_3d_full_dataset_outputs\golden\3d_meshes\golden_golden_retriever_side_view_bing_00064_3d_mesh.obj,D:\barc_3d_full_dataset_outputs\golden\vton_images\golden_golden_retriever_side_view_bing_00064_vton_XL.png
169,golden_golden_retriever_side_view_bing_00065,Golden Retriever,165.2,121.5,61.0,XL,1.669,Tight,D:\barc_3d_full_dataset_outputs\golden\3d_meshes\golden_golden_retriever_side_view_bing_00065_3d_mesh.obj,D:\barc_3d_full_dataset_outputs\golden\vton_images\golden_golden_retriever_side_view_bing_00065_vton_XL.png
170,golden_golden_retriever_side_view_bing_00066,Golden Retriever,137.7,59.9,68.0,XL,1.391,Tight,D:\barc_3d_full_dataset_outputs\golden\3d_meshes\golden_golden_retriever_side_view_bing_00066_3d_mesh.obj,D:\barc_3d_full_dataset_outputs\golden\vton_images\golden_golden_retriever_side_view_bing_00066_vton_XL.png
171,golden_golden_retriever_side_view_bing_00067,Golden Retriever,91.9,53.6,71.2,L,1.069,Tight,D:\barc_3d_full_dataset_outputs\golden\3d_meshes\golden_golden_retriever_side_view_bing_00067_3d_mesh.obj,D:\barc_3d_full_dataset_outputs\golden\vton_images\golden_golden_retriever_side_view_bing_00067_vton_L.png
172,golden_golden_retriever_side_view_bing_00068,Golden Retriever,110.9,69.8,66.0,XL,1.12,Tight,D:\barc_3d_full_dataset_outputs\golden\3d_meshes\golden_golden_retriever_side_view_bing_00068_3d_mesh.obj,D:\barc_3d_full_dataset_outputs\golden\vton_images\golden_golden_retriever_side_view_bing_00068_vton_XL.png
173,golden_golden_retriever_side_view_bing_00069,Golden Retriever,89.7,62.0,86.0,L,1.043,Good Fit,D:\barc_3d_full_dataset_outputs\golden\3d_meshes\golden_golden_retriever_side_view_bing_00069_3d_mesh.obj,D:\barc_3d_full_dataset_outputs\golden\vton_images\golden_golden_retriever_side_view_bing_00069_vton_L.png
174,golden_golden_retriever_side_view_bing_00070,Golden Retriever,86.3,48.4,67.7,L,1.003,Good Fit,D:\barc_3d_full_dataset_outputs\golden\3d_meshes\golden_golden_retriever_side_view_bing_00070_3d_mesh.obj,D:\barc_3d_full_dataset_outputs\golden\vton_images\golden_golden_retriever_side_view_bing_00070_vton_L.png
175,golden_golden_retriever_side_view_bing_00071,Golden Retriever,86.5,47.6,67.3,L,1.006,Good Fit,D:\barc_3d_full_dataset_outputs\golden\3d_meshes\golden_golden_retriever_side_view_bing_00071_3d_mesh.obj,D:\barc_3d_full_dataset_outputs\golden\vton_images\golden_golden_retriever_side_view_bing_00071_vton_L.png
176,golden_golden_retriever_side_view_bing_00072,Golden Retriever,91.2,60.1,82.6,L,1.06,Tight,D:\barc_3d_full_dataset_outputs\golden\3d_meshes\golden_golden_retriever_side_view_bing_00072_3d_mesh.obj,D:\barc_3d_full_dataset_outputs\golden\vton_images\golden_golden_retriever_side_view_bing_00072_vton_L.png
177,golden_golden_retriever_side_view_bing_00073,Golden Retriever,89.7,56.9,73.6,L,1.043,Good Fit,D:\barc_3d_full_dataset_outputs\golden\3d_meshes\golden_golden_retriever_side_view_bing_00073_3d_mesh.obj,D:\barc_3d_full_dataset_outputs\golden\vton_images\golden_golden_retriever_side_view_bing_00073_vton_L.png
178,golden_golden_retriever_side_view_bing_00074,Golden Retriever,91.0,54.6,70.8,L,1.058,Good Fit,D:\barc_3d_full_dataset_outputs\golden\3d_meshes\golden_golden_retriever_side_view_bing_00074_3d_mesh.obj,D:\barc_3d_full_dataset_outputs\golden\vton_images\golden_golden_retriever_side_view_bing_00074_vton_L.png
179,golden_golden_retriever_side_view_bing_00075,Golden Retriever,88.0,115.8,72.6,L,1.023,Good Fit,D:\barc_3d_full_dataset_outputs\golden\3d_meshes\golden_golden_retriever_side_view_bing_00075_3d_mesh.obj,D:\barc_3d_full_dataset_outputs\golden\vton_images\golden_golden_retriever_side_view_bing_00075_vton_L.png
180,golden_golden_retriever_side_view_bing_00076,Golden Retriever,87.0,47.2,59.2,L,1.012,Good Fit,D:\barc_3d_full_dataset_outputs\golden\3d_meshes\golden_golden_retriever_side_view_bing_00076_3d_mesh.obj,D:\barc_3d_full_dataset_outputs\golden\vton_images\golden_golden_retriever_side_view_bing_00076_vton_L.png
181,golden_golden_retriever_side_view_bing_00077,Golden Retriever,80.4,46.1,61.8,M,1.072,Good Fit,D:\barc_3d_full_dataset_outputs\golden\3d_meshes\golden_golden_retriever_side_view_bing_00077_3d_mesh.obj,D:\barc_3d_full_dataset_outputs\golden\vton_images\golden_golden_retriever_side_view_bing_00077_vton_M.png
182,golden_golden_retriever_side_view_bing_00078,Golden Retriever,90.9,60.3,81.4,L,1.057,Good Fit,D:\barc_3d_full_dataset_outputs\golden\3d_meshes\golden_golden_retriever_side_view_bing_00078_3d_mesh.obj,D:\barc_3d_full_dataset_outputs\golden\vton_images\golden_golden_retriever_side_view_bing_00078_vton_L.png
183,golden_golden_retriever_side_view_bing_00079,Golden Retriever,95.1,59.0,77.2,XL,0.961,Good Fit,D:\barc_3d_full_dataset_outputs\golden\3d_meshes\golden_golden_retriever_side_view_bing_00079_3d_mesh.obj,D:\barc_3d_full_dataset_outputs\golden\vton_images\golden_golden_retriever_side_view_bing_00079_vton_XL.png
184,golden_golden_retriever_side_view_bing_00080,Golden Retriever,103.9,45.3,73.0,XL,1.049,Good Fit,D:\barc_3d_full_dataset_outputs\golden\3d_meshes\golden_golden_retriever_side_view_bing_00080_3d_mesh.obj,D:\barc_3d_full_dataset_outputs\golden\vton_images\golden_golden_retriever_side_view_bing_00080_vton_XL.png
185,golden_golden_retriever_side_view_bing_00081,Golden Retriever,88.8,7.0,54.9,L,1.033,Good Fit,D:\barc_3d_full_dataset_outputs\golden\3d_meshes\golden_golden_retriever_side_view_bing_00081_3d_mesh.obj,D:\barc_3d_full_dataset_outputs\golden\vton_images\golden_golden_retriever_side_view_bing_00081_vton_L.png
186,golden_golden_retriever_side_view_bing_00082,Golden Retriever,95.1,60.0,80.2,XL,0.961,Good Fit,D:\barc_3d_full_dataset_outputs\golden\3d_meshes\golden_golden_retriever_side_view_bing_00082_3d_mesh.obj,D:\barc_3d_full_dataset_outputs\golden\vton_images\golden_golden_retriever_side_view_bing_00082_vton_XL.png
187,golden_golden_retriever_side_view_bing_00083,Golden Retriever,94.8,46.4,68.0,XL,0.958,Good Fit,D:\barc_3d_full_dataset_outputs\golden\3d_meshes\golden_golden_retriever_side_view_bing_00083_3d_mesh.obj,D:\barc_3d_full_dataset_outputs\golden\vton_images\golden_golden_retriever_side_view_bing_00083_vton_XL.png
188,golden_golden_retriever_side_view_bing_00084,Golden Retriever,85.8,54.7,72.1,L,0.998,Good Fit,D:\barc_3d_full_dataset_outputs\golden\3d_meshes\golden_golden_retriever_side_view_bing_00084_3d_mesh.obj,D:\barc_3d_full_dataset_outputs\golden\vton_images\golden_golden_retriever_side_view_bing_00084_vton_L.png
189,golden_golden_retriever_side_view_bing_00085,Golden Retriever,89.7,60.5,79.6,L,1.043,Good Fit,D:\barc_3d_full_dataset_outputs\golden\3d_meshes\golden_golden_retriever_side_view_bing_00085_3d_mesh.obj,D:\barc_3d_full_dataset_outputs\golden\vton_images\golden_golden_retriever_side_view_bing_00085_vton_L.png
190,golden_golden_retriever_side_view_bing_00086,Golden Retriever,86.9,56.0,75.7,L,1.01,Good Fit,D:\barc_3d_full_dataset_outputs\golden\3d_meshes\golden_golden_retriever_side_view_bing_00086_3d_mesh.obj,D:\barc_3d_full_dataset_outputs\golden\vton_images\golden_golden_retriever_side_view_bing_00086_vton_L.png
191,golden_golden_retriever_side_view_bing_00087,Golden Retriever,155.7,55.1,63.5,XL,1.573,Tight,D:\barc_3d_full_dataset_outputs\golden\3d_meshes\golden_golden_retriever_side_view_bing_00087_3d_mesh.obj,D:\barc_3d_full_dataset_outputs\golden\vton_images\golden_golden_retriever_side_view_bing_00087_vton_XL.png
192,golden_golden_retriever_side_view_bing_00088,Golden Retriever,97.7,48.0,53.3,XL,0.987,Good Fit,D:\barc_3d_full_dataset_outputs\golden\3d_meshes\golden_golden_retriever_side_view_bing_00088_3d_mesh.obj,D:\barc_3d_full_dataset_outputs\golden\vton_images\golden_golden_retriever_side_view_bing_00088_vton_XL.png
193,golden_golden_retriever_side_view_bing_00089,Golden Retriever,81.3,57.8,74.5,L,0.945,Good Fit,D:\barc_3d_full_dataset_outputs\golden\3d_meshes\golden_golden_retriever_side_view_bing_00089_3d_mesh.obj,D:\barc_3d_full_dataset_outputs\golden\vton_images\golden_golden_retriever_side_view_bing_00089_vton_L.png
194,golden_golden_retriever_side_view_bing_00090,Golden Retriever,112.2,57.7,66.2,XL,1.133,Tight,D:\barc_3d_full_dataset_outputs\golden\3d_meshes\golden_golden_retriever_side_view_bing_00090_3d_mesh.obj,D:\barc_3d_full_dataset_outputs\golden\vton_images\golden_golden_retriever_side_view_bing_00090_vton_XL.png
195,golden_golden_retriever_side_view_bing_00091,Golden Retriever,92.6,60.8,81.7,XL,0.935,Good Fit,D:\barc_3d_full_dataset_outputs\golden\3d_meshes\golden_golden_retriever_side_view_bing_00091_3d_mesh.obj,D:\barc_3d_full_dataset_outputs\golden\vton_images\golden_golden_retriever_side_view_bing_00091_vton_XL.png
196,golden_golden_retriever_side_view_bing_00092,Golden Retriever,92.8,43.8,67.0,XL,0.937,Good Fit,D:\barc_3d_full_dataset_outputs\golden\3d_meshes\golden_golden_retriever_side_view_bing_00092_3d_mesh.obj,D:\barc_3d_full_dataset_outputs\golden\vton_images\golden_golden_retriever_side_view_bing_00092_vton_XL.png
197,golden_golden_retriever_side_view_bing_00093,Golden Retriever,104.9,129.9,68.8,XL,1.06,Good Fit,D:\barc_3d_full_dataset_outputs\golden\3d_meshes\golden_golden_retriever_side_view_bing_00093_3d_mesh.obj,D:\barc_3d_full_dataset_outputs\golden\vton_images\golden_golden_retriever_side_view_bing_00093_vton_XL.png
198,golden_golden_retriever_side_view_bing_00094,Golden Retriever,92.0,61.1,77.3,L,1.07,Tight,D:\barc_3d_full_dataset_outputs\golden\3d_meshes\golden_golden_retriever_side_view_bing_00094_3d_mesh.obj,D:\barc_3d_full_dataset_outputs\golden\vton_images\golden_golden_retriever_side_view_bing_00094_vton_L.png
199,golden_golden_retriever_side_view_bing_00095,Golden Retriever,96.9,83.9,65.9,XL,0.979,Good Fit,D:\barc_3d_full_dataset_outputs\golden\3d_meshes\golden_golden_retriever_side_view_bing_00095_3d_mesh.obj,D:\barc_3d_full_dataset_outputs\golden\vton_images\golden_golden_retriever_side_view_bing_00095_vton_XL.png
200,golden_golden_retriever_side_view_bing_00096,Golden Retriever,103.7,60.6,87.1,XL,1.047,Good Fit,D:\barc_3d_full_dataset_outputs\golden\3d_meshes\golden_golden_retriever_side_view_bing_00096_3d_mesh.obj,D:\barc_3d_full_dataset_outputs\golden\vton_images\golden_golden_retriever_side_view_bing_00096_vton_XL.png
201,golden_golden_retriever_side_view_bing_00097,Golden Retriever,87.9,55.4,65.8,L,1.022,Good Fit,D:\barc_3d_full_dataset_outputs\golden\3d_meshes\golden_golden_retriever_side_view_bing_00097_3d_mesh.obj,D:\barc_3d_full_dataset_outputs\golden\vton_images\golden_golden_retriever_side_view_bing_00097_vton_L.png
202,golden_golden_retriever_side_view_bing_00098,Golden Retriever,90.1,62.9,83.6,L,1.048,Good Fit,D:\barc_3d_full_dataset_outputs\golden\3d_meshes\golden_golden_retriever_side_view_bing_00098_3d_mesh.obj,D:\barc_3d_full_dataset_outputs\golden\vton_images\golden_golden_retriever_side_view_bing_00098_vton_L.png
203,golden_golden_retriever_side_view_bing_00099,Golden Retriever,99.1,50.9,78.4,XL,1.001,Good Fit,D:\barc_3d_full_dataset_outputs\golden\3d_meshes\golden_golden_retriever_side_view_bing_00099_3d_mesh.obj,D:\barc_3d_full_dataset_outputs\golden\vton_images\golden_golden_retriever_side_view_bing_00099_vton_XL.png
204,golden_golden_retriever_side_view_bing_00100,Golden Retriever,128.9,65.6,70.9,XL,1.302,Tight,D:\barc_3d_full_dataset_outputs\golden\3d_meshes\golden_golden_retriever_side_view_bing_00100_3d_mesh.obj,D:\barc_3d_full_dataset_outputs\golden\vton_images\golden_golden_retriever_side_view_bing_00100_vton_XL.png
205,golden_golden_retriever_side_view_bing_00101,Golden Retriever,92.1,51.1,71.7,L,1.071,Tight,D:\barc_3d_full_dataset_outputs\golden\3d_meshes\golden_golden_retriever_side_view_bing_00101_3d_mesh.obj,D:\barc_3d_full_dataset_outputs\golden\vton_images\golden_golden_retriever_side_view_bing_00101_vton_L.png
206,golden_golden_retriever_side_view_bing_00102,Golden Retriever,87.3,48.1,64.9,L,1.015,Good Fit,D:\barc_3d_full_dataset_outputs\golden\3d_meshes\golden_golden_retriever_side_view_bing_00102_3d_mesh.obj,D:\barc_3d_full_dataset_outputs\golden\vton_images\golden_golden_retriever_side_view_bing_00102_vton_L.png
207,golden_golden_retriever_side_view_bing_00103,Golden Retriever,84.5,51.7,62.9,L,0.983,Good Fit,D:\barc_3d_full_dataset_outputs\golden\3d_meshes\golden_golden_retriever_side_view_bing_00103_3d_mesh.obj,D:\barc_3d_full_dataset_outputs\golden\vton_images\golden_golden_retriever_side_view_bing_00103_vton_L.png
208,golden_golden_retriever_side_view_bing_00104,Golden Retriever,95.3,63.5,81.1,XL,0.963,Good Fit,D:\barc_3d_full_dataset_outputs\golden\3d_meshes\golden_golden_retriever_side_view_bing_00104_3d_mesh.obj,D:\barc_3d_full_dataset_outputs\golden\vton_images\golden_golden_retriever_side_view_bing_00104_vton_XL.png
209,golden_golden_retriever_side_view_bing_00105,Golden Retriever,92.0,45.9,67.3,L,1.07,Tight,D:\barc_3d_full_dataset_outputs\golden\3d_meshes\golden_golden_retriever_side_view_bing_00105_3d_mesh.obj,D:\barc_3d_full_dataset_outputs\golden\vton_images\golden_golden_retriever_side_view_bing_00105_vton_L.png
210,golden_golden_retriever_side_view_bing_00106,Golden Retriever,80.5,118.4,75.2,M,1.073,Good Fit,D:\barc_3d_full_dataset_outputs\golden\3d_meshes\golden_golden_retriever_side_view_bing_00106_3d_mesh.obj,D:\barc_3d_full_dataset_outputs\golden\vton_images\golden_golden_retriever_side_view_bing_00106_vton_M.png
211,golden_golden_retriever_side_view_bing_00107,Golden Retriever,104.3,53.9,69.9,XL,1.054,Good Fit,D:\barc_3d_full_dataset_outputs\golden\3d_meshes\golden_golden_retriever_side_view_bing_00107_3d_mesh.obj,D:\barc_3d_full_dataset_outputs\golden\vton_images\golden_golden_retriever_side_view_bing_00107_vton_XL.png
212,golden_golden_retriever_side_view_bing_00108,Golden Retriever,110.0,52.1,68.0,XL,1.111,Tight,D:\barc_3d_full_dataset_outputs\golden\3d_meshes\golden_golden_retriever_side_view_bing_00108_3d_mesh.obj,D:\barc_3d_full_dataset_outputs\golden\vton_images\golden_golden_retriever_side_view_bing_00108_vton_XL.png
213,golden_golden_retriever_side_view_bing_00109,Golden Retriever,186.4,94.5,76.8,XL,1.883,Tight,D:\barc_3d_full_dataset_outputs\golden\3d_meshes\golden_golden_retriever_side_view_bing_00109_3d_mesh.obj,D:\barc_3d_full_dataset_outputs\golden\vton_images\golden_golden_retriever_side_view_bing_00109_vton_XL.png
214,golden_golden_retriever_side_view_bing_00110,Golden Retriever,94.4,57.7,77.5,XL,0.954,Good Fit,D:\barc_3d_full_dataset_outputs\golden\3d_meshes\golden_golden_retriever_side_view_bing_00110_3d_mesh.obj,D:\barc_3d_full_dataset_outputs\golden\vton_images\golden_golden_retriever_side_view_bing_00110_vton_XL.png
215,golden_golden_retriever_side_view_bing_00111,Golden Retriever,99.5,48.5,73.4,XL,1.005,Good Fit,D:\barc_3d_full_dataset_outputs\golden\3d_meshes\golden_golden_retriever_side_view_bing_00111_3d_mesh.obj,D:\barc_3d_full_dataset_outputs\golden\vton_images\golden_golden_retriever_side_view_bing_00111_vton_XL.png
216,golden_golden_retriever_side_view_bing_00112,Golden Retriever,92.2,62.0,84.2,L,1.072,Tight,D:\barc_3d_full_dataset_outputs\golden\3d_meshes\golden_golden_retriever_side_view_bing_00112_3d_mesh.obj,D:\barc_3d_full_dataset_outputs\golden\vton_images\golden_golden_retriever_side_view_bing_00112_vton_L.png
217,golden_golden_retriever_side_view_bing_00113,Golden Retriever,82.3,48.0,71.9,L,0.957,Good Fit,D:\barc_3d_full_dataset_outputs\golden\3d_meshes\golden_golden_retriever_side_view_bing_00113_3d_mesh.obj,D:\barc_3d_full_dataset_outputs\golden\vton_images\golden_golden_retriever_side_view_bing_00113_vton_L.png
218,golden_golden_retriever_side_view_bing_00114,Golden Retriever,85.7,59.0,75.5,L,0.997,Good Fit,D:\barc_3d_full_dataset_outputs\golden\3d_meshes\golden_golden_retriever_side_view_bing_00114_3d_mesh.obj,D:\barc_3d_full_dataset_outputs\golden\vton_images\golden_golden_retriever_side_view_bing_00114_vton_L.png
219,golden_golden_retriever_side_view_bing_00115,Golden Retriever,93.8,59.5,81.2,XL,0.947,Good Fit,D:\barc_3d_full_dataset_outputs\golden\3d_meshes\golden_golden_retriever_side_view_bing_00115_3d_mesh.obj,D:\barc_3d_full_dataset_outputs\golden\vton_images\golden_golden_retriever_side_view_bing_00115_vton_XL.png
220,golden_golden_retriever_side_view_bing_00116,Golden Retriever,78.5,55.9,75.1,M,1.047,Good Fit,D:\barc_3d_full_dataset_outputs\golden\3d_meshes\golden_golden_retriever_side_view_bing_00116_3d_mesh.obj,D:\barc_3d_full_dataset_outputs\golden\vton_images\golden_golden_retriever_side_view_bing_00116_vton_M.png
221,golden_golden_retriever_side_view_bing_00117,Golden Retriever,126.1,87.5,62.1,XL,1.274,Tight,D:\barc_3d_full_dataset_outputs\golden\3d_meshes\golden_golden_retriever_side_view_bing_00117_3d_mesh.obj,D:\barc_3d_full_dataset_outputs\golden\vton_images\golden_golden_retriever_side_view_bing_00117_vton_XL.png
222,golden_golden_retriever_side_view_bing_00118,Golden Retriever,76.1,56.1,85.6,M,1.015,Good Fit,D:\barc_3d_full_dataset_outputs\golden\3d_meshes\golden_golden_retriever_side_view_bing_00118_3d_mesh.obj,D:\barc_3d_full_dataset_outputs\golden\vton_images\golden_golden_retriever_side_view_bing_00118_vton_M.png
223,golden_golden_retriever_side_view_bing_00119,Golden Retriever,87.2,52.3,72.3,L,1.014,Good Fit,D:\barc_3d_full_dataset_outputs\golden\3d_meshes\golden_golden_retriever_side_view_bing_00119_3d_mesh.obj,D:\barc_3d_full_dataset_outputs\golden\vton_images\golden_golden_retriever_side_view_bing_00119_vton_L.png
224,golden_golden_retriever_side_view_bing_00120,Golden Retriever,181.4,93.7,72.2,XL,1.832,Tight,D:\barc_3d_full_dataset_outputs\golden\3d_meshes\golden_golden_retriever_side_view_bing_00120_3d_mesh.obj,D:\barc_3d_full_dataset_outputs\golden\vton_images\golden_golden_retriever_side_view_bing_00120_vton_XL.png
225,golden_golden_retriever_side_view_bing_00121,Golden Retriever,80.9,5.2,83.5,L,0.941,Loose,D:\barc_3d_full_dataset_outputs\golden\3d_meshes\golden_golden_retriever_side_view_bing_00121_3d_mesh.obj,D:\barc_3d_full_dataset_outputs\golden\vton_images\golden_golden_retriever_side_view_bing_00121_vton_L.png
226,golden_golden_retriever_side_view_bing_00122,Golden Retriever,84.2,57.4,77.5,L,0.979,Good Fit,D:\barc_3d_full_dataset_outputs\golden\3d_meshes\golden_golden_retriever_side_view_bing_00122_3d_mesh.obj,D:\barc_3d_full_dataset_outputs\golden\vton_images\golden_golden_retriever_side_view_bing_00122_vton_L.png
227,golden_golden_retriever_side_view_bing_00123,Golden Retriever,89.6,42.9,59.2,L,1.042,Good Fit,D:\barc_3d_full_dataset_outputs\golden\3d_meshes\golden_golden_retriever_side_view_bing_00123_3d_mesh.obj,D:\barc_3d_full_dataset_outputs\golden\vton_images\golden_golden_retriever_side_view_bing_00123_vton_L.png
228,golden_golden_retriever_side_view_bing_00124,Golden Retriever,86.8,61.0,80.5,L,1.009,Good Fit,D:\barc_3d_full_dataset_outputs\golden\3d_meshes\golden_golden_retriever_side_view_bing_00124_3d_mesh.obj,D:\barc_3d_full_dataset_outputs\golden\vton_images\golden_golden_retriever_side_view_bing_00124_vton_L.png
229,golden_golden_retriever_standing_bing_00000,Golden Retriever,103.6,18.3,75.1,XL,1.046,Good Fit,D:\barc_3d_full_dataset_outputs\golden\3d_meshes\golden_golden_retriever_standing_bing_00000_3d_mesh.obj,D:\barc_3d_full_dataset_outputs\golden\vton_images\golden_golden_retriever_standing_bing_00000_vton_XL.png
230,golden_golden_retriever_standing_bing_00001,Golden Retriever,95.1,52.9,67.7,XL,0.961,Good Fit,D:\barc_3d_full_dataset_outputs\golden\3d_meshes\golden_golden_retriever_standing_bing_00001_3d_mesh.obj,D:\barc_3d_full_dataset_outputs\golden\vton_images\golden_golden_retriever_standing_bing_00001_vton_XL.png
231,golden_golden_retriever_standing_bing_00002,Golden Retriever,192.7,54.7,74.3,XL,1.946,Tight,D:\barc_3d_full_dataset_outputs\golden\3d_meshes\golden_golden_retriever_standing_bing_00002_3d_mesh.obj,D:\barc_3d_full_dataset_outputs\golden\vton_images\golden_golden_retriever_standing_bing_00002_vton_XL.png
232,golden_golden_retriever_standing_bing_00003,Golden Retriever,94.5,62.6,81.6,XL,0.955,Good Fit,D:\barc_3d_full_dataset_outputs\golden\3d_meshes\golden_golden_retriever_standing_bing_00003_3d_mesh.obj,D:\barc_3d_full_dataset_outputs\golden\vton_images\golden_golden_retriever_standing_bing_00003_vton_XL.png
233,golden_golden_retriever_standing_bing_00004,Golden Retriever,77.6,43.6,57.4,M,1.035,Good Fit,D:\barc_3d_full_dataset_outputs\golden\3d_meshes\golden_golden_retriever_standing_bing_00004_3d_mesh.obj,D:\barc_3d_full_dataset_outputs\golden\vton_images\golden_golden_retriever_standing_bing_00004_vton_M.png
234,golden_golden_retriever_standing_bing_00005,Golden Retriever,101.1,56.3,80.5,XL,1.021,Good Fit,D:\barc_3d_full_dataset_outputs\golden\3d_meshes\golden_golden_retriever_standing_bing_00005_3d_mesh.obj,D:\barc_3d_full_dataset_outputs\golden\vton_images\golden_golden_retriever_standing_bing_00005_vton_XL.png
235,golden_golden_retriever_standing_bing_00006,Golden Retriever,226.2,54.3,67.0,XL,2.285,Tight,D:\barc_3d_full_dataset_outputs\golden\3d_meshes\golden_golden_retriever_standing_bing_00006_3d_mesh.obj,D:\barc_3d_full_dataset_outputs\golden\vton_images\golden_golden_retriever_standing_bing_00006_vton_XL.png
236,golden_golden_retriever_standing_bing_00007,Golden Retriever,92.6,74.1,52.9,XL,0.935,Good Fit,D:\barc_3d_full_dataset_outputs\golden\3d_meshes\golden_golden_retriever_standing_bing_00007_3d_mesh.obj,D:\barc_3d_full_dataset_outputs\golden\vton_images\golden_golden_retriever_standing_bing_00007_vton_XL.png
237,golden_golden_retriever_standing_bing_00008,Golden Retriever,100.9,104.0,64.9,XL,1.019,Good Fit,D:\barc_3d_full_dataset_outputs\golden\3d_meshes\golden_golden_retriever_standing_bing_00008_3d_mesh.obj,D:\barc_3d_full_dataset_outputs\golden\vton_images\golden_golden_retriever_standing_bing_00008_vton_XL.png
238,golden_golden_retriever_standing_bing_00009,Golden Retriever,94.0,98.5,55.4,XL,0.949,Good Fit,D:\barc_3d_full_dataset_outputs\golden\3d_meshes\golden_golden_retriever_standing_bing_00009_3d_mesh.obj,D:\barc_3d_full_dataset_outputs\golden\vton_images\golden_golden_retriever_standing_bing_00009_vton_XL.png
239,golden_golden_retriever_standing_bing_00010,Golden Retriever,152.2,54.2,65.3,XL,1.537,Tight,D:\barc_3d_full_dataset_outputs\golden\3d_meshes\golden_golden_retriever_standing_bing_00010_3d_mesh.obj,D:\barc_3d_full_dataset_outputs\golden\vton_images\golden_golden_retriever_standing_bing_00010_vton_XL.png
240,golden_golden_retriever_standing_bing_00011,Golden Retriever,91.3,56.7,73.1,L,1.062,Tight,D:\barc_3d_full_dataset_outputs\golden\3d_meshes\golden_golden_retriever_standing_bing_00011_3d_mesh.obj,D:\barc_3d_full_dataset_outputs\golden\vton_images\golden_golden_retriever_standing_bing_00011_vton_L.png
241,golden_golden_retriever_standing_bing_00012,Golden Retriever,217.3,58.3,76.5,XL,2.195,Tight,D:\barc_3d_full_dataset_outputs\golden\3d_meshes\golden_golden_retriever_standing_bing_00012_3d_mesh.obj,D:\barc_3d_full_dataset_outputs\golden\vton_images\golden_golden_retriever_standing_bing_00012_vton_XL.png
242,golden_golden_retriever_standing_bing_00013,Golden Retriever,95.1,59.7,88.9,XL,0.961,Good Fit,D:\barc_3d_full_dataset_outputs\golden\3d_meshes\golden_golden_retriever_standing_bing_00013_3d_mesh.obj,D:\barc_3d_full_dataset_outputs\golden\vton_images\golden_golden_retriever_standing_bing_00013_vton_XL.png
243,golden_golden_retriever_standing_bing_00014,Golden Retriever,91.3,61.0,80.3,L,1.062,Tight,D:\barc_3d_full_dataset_outputs\golden\3d_meshes\golden_golden_retriever_standing_bing_00014_3d_mesh.obj,D:\barc_3d_full_dataset_outputs\golden\vton_images\golden_golden_retriever_standing_bing_00014_vton_L.png
244,golden_golden_retriever_standing_bing_00015,Golden Retriever,87.3,53.5,80.1,L,1.015,Good Fit,D:\barc_3d_full_dataset_outputs\golden\3d_meshes\golden_golden_retriever_standing_bing_00015_3d_mesh.obj,D:\barc_3d_full_dataset_outputs\golden\vton_images\golden_golden_retriever_standing_bing_00015_vton_L.png
245,golden_golden_retriever_standing_bing_00016,Golden Retriever,85.1,46.9,71.4,L,0.99,Good Fit,D:\barc_3d_full_dataset_outputs\golden\3d_meshes\golden_golden_retriever_standing_bing_00016_3d_mesh.obj,D:\barc_3d_full_dataset_outputs\golden\vton_images\golden_golden_retriever_standing_bing_00016_vton_L.png
246,golden_golden_retriever_standing_bing_00017,Golden Retriever,92.9,47.2,70.1,XL,0.938,Good Fit,D:\barc_3d_full_dataset_outputs\golden\3d_meshes\golden_golden_retriever_standing_bing_00017_3d_mesh.obj,D:\barc_3d_full_dataset_outputs\golden\vton_images\golden_golden_retriever_standing_bing_00017_vton_XL.png
247,golden_golden_retriever_standing_bing_00018,Golden Retriever,97.4,60.3,78.0,XL,0.984,Good Fit,D:\barc_3d_full_dataset_outputs\golden\3d_meshes\golden_golden_retriever_standing_bing_00018_3d_mesh.obj,D:\barc_3d_full_dataset_outputs\golden\vton_images\golden_golden_retriever_standing_bing_00018_vton_XL.png
248,golden_golden_retriever_standing_bing_00019,Golden Retriever,102.2,32.2,44.9,XL,1.032,Good Fit,D:\barc_3d_full_dataset_outputs\golden\3d_meshes\golden_golden_retriever_standing_bing_00019_3d_mesh.obj,D:\barc_3d_full_dataset_outputs\golden\vton_images\golden_golden_retriever_standing_bing_00019_vton_XL.png
249,golden_golden_retriever_standing_bing_00020,Golden Retriever,80.1,26.8,67.9,M,1.068,Good Fit,D:\barc_3d_full_dataset_outputs\golden\3d_meshes\golden_golden_retriever_standing_bing_00020_3d_mesh.obj,D:\barc_3d_full_dataset_outputs\golden\vton_images\golden_golden_retriever_standing_bing_00020_vton_M.png
250,golden_golden_retriever_standing_bing_00021,Golden Retriever,177.8,55.2,69.5,XL,1.796,Tight,D:\barc_3d_full_dataset_outputs\golden\3d_meshes\golden_golden_retriever_standing_bing_00021_3d_mesh.obj,D:\barc_3d_full_dataset_outputs\golden\vton_images\golden_golden_retriever_standing_bing_00021_vton_XL.png
251,golden_golden_retriever_standing_bing_00022,Golden Retriever,133.2,60.7,78.8,XL,1.345,Tight,D:\barc_3d_full_dataset_outputs\golden\3d_meshes\golden_golden_retriever_standing_bing_00022_3d_mesh.obj,D:\barc_3d_full_dataset_outputs\golden\vton_images\golden_golden_retriever_standing_bing_00022_vton_XL.png
252,golden_golden_retriever_standing_bing_00023,Golden Retriever,84.9,46.3,64.9,L,0.987,Good Fit,D:\barc_3d_full_dataset_outputs\golden\3d_meshes\golden_golden_retriever_standing_bing_00023_3d_mesh.obj,D:\barc_3d_full_dataset_outputs\golden\vton_images\golden_golden_retriever_standing_bing_00023_vton_L.png
253,golden_golden_retriever_standing_bing_00024,Golden Retriever,94.7,59.9,82.5,XL,0.957,Good Fit,D:\barc_3d_full_dataset_outputs\golden\3d_meshes\golden_golden_retriever_standing_bing_00024_3d_mesh.obj,D:\barc_3d_full_dataset_outputs\golden\vton_images\golden_golden_retriever_standing_bing_00024_vton_XL.png
254,golden_golden_retriever_standing_bing_00025,Golden Retriever,88.4,56.4,85.5,L,1.028,Good Fit,D:\barc_3d_full_dataset_outputs\golden\3d_meshes\golden_golden_retriever_standing_bing_00025_3d_mesh.obj,D:\barc_3d_full_dataset_outputs\golden\vton_images\golden_golden_retriever_standing_bing_00025_vton_L.png
255,golden_golden_retriever_standing_bing_00026,Golden Retriever,96.9,53.4,87.4,XL,0.979,Good Fit,D:\barc_3d_full_dataset_outputs\golden\3d_meshes\golden_golden_retriever_standing_bing_00026_3d_mesh.obj,D:\barc_3d_full_dataset_outputs\golden\vton_images\golden_golden_retriever_standing_bing_00026_vton_XL.png
256,golden_golden_retriever_standing_bing_00027,Golden Retriever,93.9,55.3,72.4,XL,0.948,Good Fit,D:\barc_3d_full_dataset_outputs\golden\3d_meshes\golden_golden_retriever_standing_bing_00027_3d_mesh.obj,D:\barc_3d_full_dataset_outputs\golden\vton_images\golden_golden_retriever_standing_bing_00027_vton_XL.png
257,golden_golden_retriever_standing_bing_00028,Golden Retriever,99.3,60.7,79.3,XL,1.003,Good Fit,D:\barc_3d_full_dataset_outputs\golden\3d_meshes\golden_golden_retriever_standing_bing_00028_3d_mesh.obj,D:\barc_3d_full_dataset_outputs\golden\vton_images\golden_golden_retriever_standing_bing_00028_vton_XL.png
258,golden_golden_retriever_standing_bing_00029,Golden Retriever,123.8,49.4,78.7,XL,1.251,Tight,D:\barc_3d_full_dataset_outputs\golden\3d_meshes\golden_golden_retriever_standing_bing_00029_3d_mesh.obj,D:\barc_3d_full_dataset_outputs\golden\vton_images\golden_golden_retriever_standing_bing_00029_vton_XL.png
259,golden_golden_retriever_standing_bing_00030,Golden Retriever,86.9,59.4,79.6,L,1.01,Good Fit,D:\barc_3d_full_dataset_outputs\golden\3d_meshes\golden_golden_retriever_standing_bing_00030_3d_mesh.obj,D:\barc_3d_full_dataset_outputs\golden\vton_images\golden_golden_retriever_standing_bing_00030_vton_L.png
260,golden_golden_retriever_standing_bing_00031,Golden Retriever,91.7,116.9,59.9,L,1.066,Tight,D:\barc_3d_full_dataset_outputs\golden\3d_meshes\golden_golden_retriever_standing_bing_00031_3d_mesh.obj,D:\barc_3d_full_dataset_outputs\golden\vton_images\golden_golden_retriever_standing_bing_00031_vton_L.png
261,golden_golden_retriever_standing_bing_00032,Golden Retriever,93.5,59.2,82.1,XL,0.944,Good Fit,D:\barc_3d_full_dataset_outputs\golden\3d_meshes\golden_golden_retriever_standing_bing_00032_3d_mesh.obj,D:\barc_3d_full_dataset_outputs\golden\vton_images\golden_golden_retriever_standing_bing_00032_vton_XL.png
262,golden_golden_retriever_standing_bing_00033,Golden Retriever,118.8,50.6,80.0,XL,1.2,Tight,D:\barc_3d_full_dataset_outputs\golden\3d_meshes\golden_golden_retriever_standing_bing_00033_3d_mesh.obj,D:\barc_3d_full_dataset_outputs\golden\vton_images\golden_golden_retriever_standing_bing_00033_vton_XL.png
263,golden_golden_retriever_standing_bing_00034,Golden Retriever,92.5,54.2,72.5,L,1.076,Tight,D:\barc_3d_full_dataset_outputs\golden\3d_meshes\golden_golden_retriever_standing_bing_00034_3d_mesh.obj,D:\barc_3d_full_dataset_outputs\golden\vton_images\golden_golden_retriever_standing_bing_00034_vton_L.png
264,golden_golden_retriever_standing_bing_00035,Golden Retriever,164.9,57.2,71.5,XL,1.666,Tight,D:\barc_3d_full_dataset_outputs\golden\3d_meshes\golden_golden_retriever_standing_bing_00035_3d_mesh.obj,D:\barc_3d_full_dataset_outputs\golden\vton_images\golden_golden_retriever_standing_bing_00035_vton_XL.png
265,golden_golden_retriever_standing_bing_00036,Golden Retriever,112.9,63.9,69.1,XL,1.14,Tight,D:\barc_3d_full_dataset_outputs\golden\3d_meshes\golden_golden_retriever_standing_bing_00036_3d_mesh.obj,D:\barc_3d_full_dataset_outputs\golden\vton_images\golden_golden_retriever_standing_bing_00036_vton_XL.png
266,golden_golden_retriever_standing_bing_00037,Golden Retriever,87.2,51.2,67.3,L,1.014,Good Fit,D:\barc_3d_full_dataset_outputs\golden\3d_meshes\golden_golden_retriever_standing_bing_00037_3d_mesh.obj,D:\barc_3d_full_dataset_outputs\golden\vton_images\golden_golden_retriever_standing_bing_00037_vton_L.png
267,golden_golden_retriever_standing_bing_00038,Golden Retriever,83.8,82.8,63.4,L,0.974,Good Fit,D:\barc_3d_full_dataset_outputs\golden\3d_meshes\golden_golden_retriever_standing_bing_00038_3d_mesh.obj,D:\barc_3d_full_dataset_outputs\golden\vton_images\golden_golden_retriever_standing_bing_00038_vton_L.png
268,golden_golden_retriever_standing_bing_00040,Golden Retriever,138.3,56.6,65.8,XL,1.397,Tight,D:\barc_3d_full_dataset_outputs\golden\3d_meshes\golden_golden_retriever_standing_bing_00040_3d_mesh.obj,D:\barc_3d_full_dataset_outputs\golden\vton_images\golden_golden_retriever_standing_bing_00040_vton_XL.png
269,golden_golden_retriever_standing_bing_00041,Golden Retriever,101.6,55.8,77.2,XL,1.026,Good Fit,D:\barc_3d_full_dataset_outputs\golden\3d_meshes\golden_golden_retriever_standing_bing_00041_3d_mesh.obj,D:\barc_3d_full_dataset_outputs\golden\vton_images\golden_golden_retriever_standing_bing_00041_vton_XL.png
270,golden_golden_retriever_standing_bing_00042,Golden Retriever,97.7,114.8,87.5,XL,0.987,Good Fit,D:\barc_3d_full_dataset_outputs\golden\3d_meshes\golden_golden_retriever_standing_bing_00042_3d_mesh.obj,D:\barc_3d_full_dataset_outputs\golden\vton_images\golden_golden_retriever_standing_bing_00042_vton_XL.png
271,golden_golden_retriever_standing_bing_00043,Golden Retriever,125.8,59.9,88.8,XL,1.271,Tight,D:\barc_3d_full_dataset_outputs\golden\3d_meshes\golden_golden_retriever_standing_bing_00043_3d_mesh.obj,D:\barc_3d_full_dataset_outputs\golden\vton_images\golden_golden_retriever_standing_bing_00043_vton_XL.png
272,golden_golden_retriever_standing_bing_00044,Golden Retriever,80.8,50.2,68.1,L,0.94,Loose,D:\barc_3d_full_dataset_outputs\golden\3d_meshes\golden_golden_retriever_standing_bing_00044_3d_mesh.obj,D:\barc_3d_full_dataset_outputs\golden\vton_images\golden_golden_retriever_standing_bing_00044_vton_L.png
273,golden_golden_retriever_standing_bing_00045,Golden Retriever,93.7,8.3,50.6,XL,0.946,Good Fit,D:\barc_3d_full_dataset_outputs\golden\3d_meshes\golden_golden_retriever_standing_bing_00045_3d_mesh.obj,D:\barc_3d_full_dataset_outputs\golden\vton_images\golden_golden_retriever_standing_bing_00045_vton_XL.png
274,golden_golden_retriever_standing_bing_00046,Golden Retriever,83.1,52.2,81.2,L,0.966,Good Fit,D:\barc_3d_full_dataset_outputs\golden\3d_meshes\golden_golden_retriever_standing_bing_00046_3d_mesh.obj,D:\barc_3d_full_dataset_outputs\golden\vton_images\golden_golden_retriever_standing_bing_00046_vton_L.png
275,golden_golden_retriever_standing_bing_00047,Golden Retriever,125.2,34.0,78.3,XL,1.265,Tight,D:\barc_3d_full_dataset_outputs\golden\3d_meshes\golden_golden_retriever_standing_bing_00047_3d_mesh.obj,D:\barc_3d_full_dataset_outputs\golden\vton_images\golden_golden_retriever_standing_bing_00047_vton_XL.png
276,golden_golden_retriever_standing_bing_00048,Golden Retriever,85.6,51.3,80.1,L,0.995,Good Fit,D:\barc_3d_full_dataset_outputs\golden\3d_meshes\golden_golden_retriever_standing_bing_00048_3d_mesh.obj,D:\barc_3d_full_dataset_outputs\golden\vton_images\golden_golden_retriever_standing_bing_00048_vton_L.png
277,golden_golden_retriever_standing_bing_00049,Golden Retriever,111.8,45.3,75.6,XL,1.129,Tight,D:\barc_3d_full_dataset_outputs\golden\3d_meshes\golden_golden_retriever_standing_bing_00049_3d_mesh.obj,D:\barc_3d_full_dataset_outputs\golden\vton_images\golden_golden_retriever_standing_bing_00049_vton_XL.png
278,golden_golden_retriever_standing_bing_00050,Golden Retriever,81.1,40.9,67.9,L,0.943,Good Fit,D:\barc_3d_full_dataset_outputs\golden\3d_meshes\golden_golden_retriever_standing_bing_00050_3d_mesh.obj,D:\barc_3d_full_dataset_outputs\golden\vton_images\golden_golden_retriever_standing_bing_00050_vton_L.png
279,golden_golden_retriever_standing_bing_00051,Golden Retriever,104.3,57.9,59.4,XL,1.054,Good Fit,D:\barc_3d_full_dataset_outputs\golden\3d_meshes\golden_golden_retriever_standing_bing_00051_3d_mesh.obj,D:\barc_3d_full_dataset_outputs\golden\vton_images\golden_golden_retriever_standing_bing_00051_vton_XL.png
280,golden_golden_retriever_standing_bing_00052,Golden Retriever,121.4,53.4,77.1,XL,1.226,Tight,D:\barc_3d_full_dataset_outputs\golden\3d_meshes\golden_golden_retriever_standing_bing_00052_3d_mesh.obj,D:\barc_3d_full_dataset_outputs\golden\vton_images\golden_golden_retriever_standing_bing_00052_vton_XL.png
281,golden_golden_retriever_standing_bing_00053,Golden Retriever,198.6,60.3,74.6,XL,2.006,Tight,D:\barc_3d_full_dataset_outputs\golden\3d_meshes\golden_golden_retriever_standing_bing_00053_3d_mesh.obj,D:\barc_3d_full_dataset_outputs\golden\vton_images\golden_golden_retriever_standing_bing_00053_vton_XL.png
282,golden_golden_retriever_standing_bing_00054,Golden Retriever,89.4,38.8,64.2,L,1.04,Good Fit,D:\barc_3d_full_dataset_outputs\golden\3d_meshes\golden_golden_retriever_standing_bing_00054_3d_mesh.obj,D:\barc_3d_full_dataset_outputs\golden\vton_images\golden_golden_retriever_standing_bing_00054_vton_L.png
283,golden_golden_retriever_standing_bing_00055,Golden Retriever,189.6,65.5,74.5,XL,1.915,Tight,D:\barc_3d_full_dataset_outputs\golden\3d_meshes\golden_golden_retriever_standing_bing_00055_3d_mesh.obj,D:\barc_3d_full_dataset_outputs\golden\vton_images\golden_golden_retriever_standing_bing_00055_vton_XL.png
284,golden_golden_retriever_standing_bing_00056,Golden Retriever,118.1,66.0,70.8,XL,1.193,Tight,D:\barc_3d_full_dataset_outputs\golden\3d_meshes\golden_golden_retriever_standing_bing_00056_3d_mesh.obj,D:\barc_3d_full_dataset_outputs\golden\vton_images\golden_golden_retriever_standing_bing_00056_vton_XL.png
285,golden_golden_retriever_standing_bing_00057,Golden Retriever,148.3,57.0,70.7,XL,1.498,Tight,D:\barc_3d_full_dataset_outputs\golden\3d_meshes\golden_golden_retriever_standing_bing_00057_3d_mesh.obj,D:\barc_3d_full_dataset_outputs\golden\vton_images\golden_golden_retriever_standing_bing_00057_vton_XL.png
286,golden_golden_retriever_standing_bing_00058,Golden Retriever,93.3,61.1,83.4,XL,0.942,Good Fit,D:\barc_3d_full_dataset_outputs\golden\3d_meshes\golden_golden_retriever_standing_bing_00058_3d_mesh.obj,D:\barc_3d_full_dataset_outputs\golden\vton_images\golden_golden_retriever_standing_bing_00058_vton_XL.png
287,golden_golden_retriever_standing_bing_00059,Golden Retriever,93.0,52.4,70.8,XL,0.939,Good Fit,D:\barc_3d_full_dataset_outputs\golden\3d_meshes\golden_golden_retriever_standing_bing_00059_3d_mesh.obj,D:\barc_3d_full_dataset_outputs\golden\vton_images\golden_golden_retriever_standing_bing_00059_vton_XL.png
288,golden_golden_retriever_standing_bing_00060,Golden Retriever,127.4,28.3,73.3,XL,1.287,Tight,D:\barc_3d_full_dataset_outputs\golden\3d_meshes\golden_golden_retriever_standing_bing_00060_3d_mesh.obj,D:\barc_3d_full_dataset_outputs\golden\vton_images\golden_golden_retriever_standing_bing_00060_vton_XL.png
289,golden_golden_retriever_standing_bing_00061,Golden Retriever,132.2,109.4,83.3,XL,1.335,Tight,D:\barc_3d_full_dataset_outputs\golden\3d_meshes\golden_golden_retriever_standing_bing_00061_3d_mesh.obj,D:\barc_3d_full_dataset_outputs\golden\vton_images\golden_golden_retriever_standing_bing_00061_vton_XL.png
290,golden_golden_retriever_standing_bing_00062,Golden Retriever,77.2,44.1,73.1,M,1.029,Good Fit,D:\barc_3d_full_dataset_outputs\golden\3d_meshes\golden_golden_retriever_standing_bing_00062_3d_mesh.obj,D:\barc_3d_full_dataset_outputs\golden\vton_images\golden_golden_retriever_standing_bing_00062_vton_M.png
291,golden_golden_retriever_standing_bing_00063,Golden Retriever,134.1,54.5,68.0,XL,1.355,Tight,D:\barc_3d_full_dataset_outputs\golden\3d_meshes\golden_golden_retriever_standing_bing_00063_3d_mesh.obj,D:\barc_3d_full_dataset_outputs\golden\vton_images\golden_golden_retriever_standing_bing_00063_vton_XL.png
292,golden_golden_retriever_standing_bing_00064,Golden Retriever,98.9,83.6,56.8,XL,0.999,Good Fit,D:\barc_3d_full_dataset_outputs\golden\3d_meshes\golden_golden_retriever_standing_bing_00064_3d_mesh.obj,D:\barc_3d_full_dataset_outputs\golden\vton_images\golden_golden_retriever_standing_bing_00064_vton_XL.png
293,golden_golden_retriever_standing_bing_00065,Golden Retriever,108.6,121.2,74.0,XL,1.097,Tight,D:\barc_3d_full_dataset_outputs\golden\3d_meshes\golden_golden_retriever_standing_bing_00065_3d_mesh.obj,D:\barc_3d_full_dataset_outputs\golden\vton_images\golden_golden_retriever_standing_bing_00065_vton_XL.png
294,golden_golden_retriever_standing_bing_00066,Golden Retriever,114.5,22.6,74.5,XL,1.157,Tight,D:\barc_3d_full_dataset_outputs\golden\3d_meshes\golden_golden_retriever_standing_bing_00066_3d_mesh.obj,D:\barc_3d_full_dataset_outputs\golden\vton_images\golden_golden_retriever_standing_bing_00066_vton_XL.png
295,golden_golden_retriever_standing_bing_00067,Golden Retriever,85.0,43.9,67.1,L,0.988,Good Fit,D:\barc_3d_full_dataset_outputs\golden\3d_meshes\golden_golden_retriever_standing_bing_00067_3d_mesh.obj,D:\barc_3d_full_dataset_outputs\golden\vton_images\golden_golden_retriever_standing_bing_00067_vton_L.png
296,golden_golden_retriever_standing_bing_00068,Golden Retriever,150.0,52.1,73.0,XL,1.515,Tight,D:\barc_3d_full_dataset_outputs\golden\3d_meshes\golden_golden_retriever_standing_bing_00068_3d_mesh.obj,D:\barc_3d_full_dataset_outputs\golden\vton_images\golden_golden_retriever_standing_bing_00068_vton_XL.png
297,golden_golden_retriever_standing_bing_00069,Golden Retriever,95.9,49.7,92.9,XL,0.969,Good Fit,D:\barc_3d_full_dataset_outputs\golden\3d_meshes\golden_golden_retriever_standing_bing_00069_3d_mesh.obj,D:\barc_3d_full_dataset_outputs\golden\vton_images\golden_golden_retriever_standing_bing_00069_vton_XL.png
298,golden_golden_retriever_standing_bing_00070,Golden Retriever,96.2,121.1,64.9,XL,0.972,Good Fit,D:\barc_3d_full_dataset_outputs\golden\3d_meshes\golden_golden_retriever_standing_bing_00070_3d_mesh.obj,D:\barc_3d_full_dataset_outputs\golden\vton_images\golden_golden_retriever_standing_bing_00070_vton_XL.png
299,golden_golden_retriever_standing_bing_00071,Golden Retriever,86.2,57.2,76.7,L,1.002,Good Fit,D:\barc_3d_full_dataset_outputs\golden\3d_meshes\golden_golden_retriever_standing_bing_00071_3d_mesh.obj,D:\barc_3d_full_dataset_outputs\golden\vton_images\golden_golden_retriever_standing_bing_00071_vton_L.png
300,golden_golden_retriever_standing_bing_00072,Golden Retriever,133.4,61.2,79.3,XL,1.347,Tight,D:\barc_3d_full_dataset_outputs\golden\3d_meshes\golden_golden_retriever_standing_bing_00072_3d_mesh.obj,D:\barc_3d_full_dataset_outputs\golden\vton_images\golden_golden_retriever_standing_bing_00072_vton_XL.png
301,golden_golden_retriever_standing_bing_00073,Golden Retriever,112.6,51.8,77.6,XL,1.137,Tight,D:\barc_3d_full_dataset_outputs\golden\3d_meshes\golden_golden_retriever_standing_bing_00073_3d_mesh.obj,D:\barc_3d_full_dataset_outputs\golden\vton_images\golden_golden_retriever_standing_bing_00073_vton_XL.png
302,golden_golden_retriever_standing_bing_00074,Golden Retriever,137.1,52.0,66.5,XL,1.385,Tight,D:\barc_3d_full_dataset_outputs\golden\3d_meshes\golden_golden_retriever_standing_bing_00074_3d_mesh.obj,D:\barc_3d_full_dataset_outputs\golden\vton_images\golden_golden_retriever_standing_bing_00074_vton_XL.png
303,golden_golden_retriever_standing_bing_00075,Golden Retriever,115.9,58.2,68.7,XL,1.171,Tight,D:\barc_3d_full_dataset_outputs\golden\3d_meshes\golden_golden_retriever_standing_bing_00075_3d_mesh.obj,D:\barc_3d_full_dataset_outputs\golden\vton_images\golden_golden_retriever_standing_bing_00075_vton_XL.png
304,golden_golden_retriever_standing_bing_00076,Golden Retriever,95.7,55.7,72.1,XL,0.967,Good Fit,D:\barc_3d_full_dataset_outputs\golden\3d_meshes\golden_golden_retriever_standing_bing_00076_3d_mesh.obj,D:\barc_3d_full_dataset_outputs\golden\vton_images\golden_golden_retriever_standing_bing_00076_vton_XL.png
305,golden_golden_retriever_standing_bing_00077,Golden Retriever,89.9,52.6,73.7,L,1.045,Good Fit,D:\barc_3d_full_dataset_outputs\golden\3d_meshes\golden_golden_retriever_standing_bing_00077_3d_mesh.obj,D:\barc_3d_full_dataset_outputs\golden\vton_images\golden_golden_retriever_standing_bing_00077_vton_L.png
306,golden_golden_retriever_standing_bing_00078,Golden Retriever,95.9,127.3,51.9,XL,0.969,Good Fit,D:\barc_3d_full_dataset_outputs\golden\3d_meshes\golden_golden_retriever_standing_bing_00078_3d_mesh.obj,D:\barc_3d_full_dataset_outputs\golden\vton_images\golden_golden_retriever_standing_bing_00078_vton_XL.png
307,golden_golden_retriever_standing_bing_00079,Golden Retriever,112.6,52.4,69.9,XL,1.137,Tight,D:\barc_3d_full_dataset_outputs\golden\3d_meshes\golden_golden_retriever_standing_bing_00079_3d_mesh.obj,D:\barc_3d_full_dataset_outputs\golden\vton_images\golden_golden_retriever_standing_bing_00079_vton_XL.png
308,golden_golden_retriever_standing_bing_00080,Golden Retriever,109.2,35.2,62.1,XL,1.103,Tight,D:\barc_3d_full_dataset_outputs\golden\3d_meshes\golden_golden_retriever_standing_bing_00080_3d_mesh.obj,D:\barc_3d_full_dataset_outputs\golden\vton_images\golden_golden_retriever_standing_bing_00080_vton_XL.png
309,golden_golden_retriever_standing_bing_00081,Golden Retriever,122.3,56.7,65.7,XL,1.235,Tight,D:\barc_3d_full_dataset_outputs\golden\3d_meshes\golden_golden_retriever_standing_bing_00081_3d_mesh.obj,D:\barc_3d_full_dataset_outputs\golden\vton_images\golden_golden_retriever_standing_bing_00081_vton_XL.png
310,golden_golden_retriever_standing_bing_00082,Golden Retriever,94.0,96.6,67.2,XL,0.949,Good Fit,D:\barc_3d_full_dataset_outputs\golden\3d_meshes\golden_golden_retriever_standing_bing_00082_3d_mesh.obj,D:\barc_3d_full_dataset_outputs\golden\vton_images\golden_golden_retriever_standing_bing_00082_vton_XL.png
311,golden_golden_retriever_standing_bing_00083,Golden Retriever,94.9,50.9,68.1,XL,0.959,Good Fit,D:\barc_3d_full_dataset_outputs\golden\3d_meshes\golden_golden_retriever_standing_bing_00083_3d_mesh.obj,D:\barc_3d_full_dataset_outputs\golden\vton_images\golden_golden_retriever_standing_bing_00083_vton_XL.png
312,golden_golden_retriever_standing_bing_00084,Golden Retriever,97.4,114.4,60.0,XL,0.984,Good Fit,D:\barc_3d_full_dataset_outputs\golden\3d_meshes\golden_golden_retriever_standing_bing_00084_3d_mesh.obj,D:\barc_3d_full_dataset_outputs\golden\vton_images\golden_golden_retriever_standing_bing_00084_vton_XL.png
313,golden_golden_retriever_standing_bing_00085,Golden Retriever,78.3,55.6,69.3,M,1.044,Good Fit,D:\barc_3d_full_dataset_outputs\golden\3d_meshes\golden_golden_retriever_standing_bing_00085_3d_mesh.obj,D:\barc_3d_full_dataset_outputs\golden\vton_images\golden_golden_retriever_standing_bing_00085_vton_M.png
314,golden_golden_retriever_standing_bing_00086,Golden Retriever,76.0,56.1,66.6,M,1.013,Good Fit,D:\barc_3d_full_dataset_outputs\golden\3d_meshes\golden_golden_retriever_standing_bing_00086_3d_mesh.obj,D:\barc_3d_full_dataset_outputs\golden\vton_images\golden_golden_retriever_standing_bing_00086_vton_M.png
315,golden_golden_retriever_standing_bing_00087,Golden Retriever,92.2,99.1,70.4,L,1.072,Tight,D:\barc_3d_full_dataset_outputs\golden\3d_meshes\golden_golden_retriever_standing_bing_00087_3d_mesh.obj,D:\barc_3d_full_dataset_outputs\golden\vton_images\golden_golden_retriever_standing_bing_00087_vton_L.png
316,golden_golden_retriever_standing_bing_00088,Golden Retriever,90.3,58.9,82.6,L,1.05,Good Fit,D:\barc_3d_full_dataset_outputs\golden\3d_meshes\golden_golden_retriever_standing_bing_00088_3d_mesh.obj,D:\barc_3d_full_dataset_outputs\golden\vton_images\golden_golden_retriever_standing_bing_00088_vton_L.png
317,golden_golden_retriever_standing_bing_00089,Golden Retriever,83.1,45.5,61.7,L,0.966,Good Fit,D:\barc_3d_full_dataset_outputs\golden\3d_meshes\golden_golden_retriever_standing_bing_00089_3d_mesh.obj,D:\barc_3d_full_dataset_outputs\golden\vton_images\golden_golden_retriever_standing_bing_00089_vton_L.png
318,golden_golden_retriever_standing_bing_00090,Golden Retriever,106.9,39.1,64.9,XL,1.08,Good Fit,D:\barc_3d_full_dataset_outputs\golden\3d_meshes\golden_golden_retriever_standing_bing_00090_3d_mesh.obj,D:\barc_3d_full_dataset_outputs\golden\vton_images\golden_golden_retriever_standing_bing_00090_vton_XL.png
319,golden_golden_retriever_standing_bing_00091,Golden Retriever,79.9,47.4,75.6,M,1.065,Good Fit,D:\barc_3d_full_dataset_outputs\golden\3d_meshes\golden_golden_retriever_standing_bing_00091_3d_mesh.obj,D:\barc_3d_full_dataset_outputs\golden\vton_images\golden_golden_retriever_standing_bing_00091_vton_M.png
320,golden_golden_retriever_standing_bing_00092,Golden Retriever,75.6,61.7,72.8,M,1.008,Good Fit,D:\barc_3d_full_dataset_outputs\golden\3d_meshes\golden_golden_retriever_standing_bing_00092_3d_mesh.obj,D:\barc_3d_full_dataset_outputs\golden\vton_images\golden_golden_retriever_standing_bing_00092_vton_M.png
321,golden_golden_retriever_standing_bing_00093,Golden Retriever,109.2,50.8,67.8,XL,1.103,Tight,D:\barc_3d_full_dataset_outputs\golden\3d_meshes\golden_golden_retriever_standing_bing_00093_3d_mesh.obj,D:\barc_3d_full_dataset_outputs\golden\vton_images\golden_golden_retriever_standing_bing_00093_vton_XL.png
322,golden_golden_retriever_standing_bing_00094,Golden Retriever,111.1,35.3,61.9,XL,1.122,Tight,D:\barc_3d_full_dataset_outputs\golden\3d_meshes\golden_golden_retriever_standing_bing_00094_3d_mesh.obj,D:\barc_3d_full_dataset_outputs\golden\vton_images\golden_golden_retriever_standing_bing_00094_vton_XL.png
323,golden_golden_retriever_standing_bing_00095,Golden Retriever,117.4,49.9,94.7,XL,1.186,Tight,D:\barc_3d_full_dataset_outputs\golden\3d_meshes\golden_golden_retriever_standing_bing_00095_3d_mesh.obj,D:\barc_3d_full_dataset_outputs\golden\vton_images\golden_golden_retriever_standing_bing_00095_vton_XL.png
324,golden_golden_retriever_standing_bing_00096,Golden Retriever,95.9,117.6,79.2,XL,0.969,Good Fit,D:\barc_3d_full_dataset_outputs\golden\3d_meshes\golden_golden_retriever_standing_bing_00096_3d_mesh.obj,D:\barc_3d_full_dataset_outputs\golden\vton_images\golden_golden_retriever_standing_bing_00096_vton_XL.png
325,golden_golden_retriever_standing_bing_00097,Golden Retriever,94.8,55.4,69.6,XL,0.958,Good Fit,D:\barc_3d_full_dataset_outputs\golden\3d_meshes\golden_golden_retriever_standing_bing_00097_3d_mesh.obj,D:\barc_3d_full_dataset_outputs\golden\vton_images\golden_golden_retriever_standing_bing_00097_vton_XL.png
326,golden_golden_retriever_standing_bing_00098,Golden Retriever,77.7,52.0,57.3,M,1.036,Good Fit,D:\barc_3d_full_dataset_outputs\golden\3d_meshes\golden_golden_retriever_standing_bing_00098_3d_mesh.obj,D:\barc_3d_full_dataset_outputs\golden\vton_images\golden_golden_retriever_standing_bing_00098_vton_M.png
327,golden_golden_retriever_standing_bing_00099,Golden Retriever,118.6,44.6,72.6,XL,1.198,Tight,D:\barc_3d_full_dataset_outputs\golden\3d_meshes\golden_golden_retriever_standing_bing_00099_3d_mesh.obj,D:\barc_3d_full_dataset_outputs\golden\vton_images\golden_golden_retriever_standing_bing_00099_vton_XL.png
328,golden_golden_retriever_standing_bing_00100,Golden Retriever,84.2,65.2,77.9,L,0.979,Good Fit,D:\barc_3d_full_dataset_outputs\golden\3d_meshes\golden_golden_retriever_standing_bing_00100_3d_mesh.obj,D:\barc_3d_full_dataset_outputs\golden\vton_images\golden_golden_retriever_standing_bing_00100_vton_L.png
329,golden_golden_retriever_standing_bing_00101,Golden Retriever,94.3,55.8,83.5,XL,0.953,Good Fit,D:\barc_3d_full_dataset_outputs\golden\3d_meshes\golden_golden_retriever_standing_bing_00101_3d_mesh.obj,D:\barc_3d_full_dataset_outputs\golden\vton_images\golden_golden_retriever_standing_bing_00101_vton_XL.png
330,golden_golden_retriever_standing_bing_00102,Golden Retriever,90.2,43.2,62.9,L,1.049,Good Fit,D:\barc_3d_full_dataset_outputs\golden\3d_meshes\golden_golden_retriever_standing_bing_00102_3d_mesh.obj,D:\barc_3d_full_dataset_outputs\golden\vton_images\golden_golden_retriever_standing_bing_00102_vton_L.png
331,golden_golden_retriever_standing_bing_00103,Golden Retriever,89.5,39.7,76.8,L,1.041,Good Fit,D:\barc_3d_full_dataset_outputs\golden\3d_meshes\golden_golden_retriever_standing_bing_00103_3d_mesh.obj,D:\barc_3d_full_dataset_outputs\golden\vton_images\golden_golden_retriever_standing_bing_00103_vton_L.png
332,golden_golden_retriever_standing_bing_00104,Golden Retriever,170.7,54.2,74.0,XL,1.724,Tight,D:\barc_3d_full_dataset_outputs\golden\3d_meshes\golden_golden_retriever_standing_bing_00104_3d_mesh.obj,D:\barc_3d_full_dataset_outputs\golden\vton_images\golden_golden_retriever_standing_bing_00104_vton_XL.png
333,golden_golden_retriever_standing_bing_00105,Golden Retriever,93.1,43.4,59.2,XL,0.94,Good Fit,D:\barc_3d_full_dataset_outputs\golden\3d_meshes\golden_golden_retriever_standing_bing_00105_3d_mesh.obj,D:\barc_3d_full_dataset_outputs\golden\vton_images\golden_golden_retriever_standing_bing_00105_vton_XL.png
334,golden_golden_retriever_standing_bing_00106,Golden Retriever,86.7,103.5,67.8,L,1.008,Good Fit,D:\barc_3d_full_dataset_outputs\golden\3d_meshes\golden_golden_retriever_standing_bing_00106_3d_mesh.obj,D:\barc_3d_full_dataset_outputs\golden\vton_images\golden_golden_retriever_standing_bing_00106_vton_L.png
335,golden_golden_retriever_standing_bing_00107,Golden Retriever,91.0,54.6,70.8,L,1.058,Good Fit,D:\barc_3d_full_dataset_outputs\golden\3d_meshes\golden_golden_retriever_standing_bing_00107_3d_mesh.obj,D:\barc_3d_full_dataset_outputs\golden\vton_images\golden_golden_retriever_standing_bing_00107_vton_L.png
336,golden_golden_retriever_standing_bing_00108,Golden Retriever,86.1,35.6,59.9,L,1.001,Good Fit,D:\barc_3d_full_dataset_outputs\golden\3d_meshes\golden_golden_retriever_standing_bing_00108_3d_mesh.obj,D:\barc_3d_full_dataset_outputs\golden\vton_images\golden_golden_retriever_standing_bing_00108_vton_L.png
337,golden_golden_retriever_standing_bing_00109,Golden Retriever,137.0,50.5,70.0,XL,1.384,Tight,D:\barc_3d_full_dataset_outputs\golden\3d_meshes\golden_golden_retriever_standing_bing_00109_3d_mesh.obj,D:\barc_3d_full_dataset_outputs\golden\vton_images\golden_golden_retriever_standing_bing_00109_vton_XL.png
338,golden_golden_retriever_standing_bing_00110,Golden Retriever,121.4,50.4,78.2,XL,1.226,Tight,D:\barc_3d_full_dataset_outputs\golden\3d_meshes\golden_golden_retriever_standing_bing_00110_3d_mesh.obj,D:\barc_3d_full_dataset_outputs\golden\vton_images\golden_golden_retriever_standing_bing_00110_vton_XL.png
339,golden_golden_retriever_standing_bing_00111,Golden Retriever,83.7,114.2,58.3,L,0.973,Good Fit,D:\barc_3d_full_dataset_outputs\golden\3d_meshes\golden_golden_retriever_standing_bing_00111_3d_mesh.obj,D:\barc_3d_full_dataset_outputs\golden\vton_images\golden_golden_retriever_standing_bing_00111_vton_L.png
340,golden_golden_retriever_standing_bing_00112,Golden Retriever,147.4,52.2,67.7,XL,1.489,Tight,D:\barc_3d_full_dataset_outputs\golden\3d_meshes\golden_golden_retriever_standing_bing_00112_3d_mesh.obj,D:\barc_3d_full_dataset_outputs\golden\vton_images\golden_golden_retriever_standing_bing_00112_vton_XL.png
341,golden_golden_retriever_standing_bing_00113,Golden Retriever,89.1,102.5,53.2,L,1.036,Good Fit,D:\barc_3d_full_dataset_outputs\golden\3d_meshes\golden_golden_retriever_standing_bing_00113_3d_mesh.obj,D:\barc_3d_full_dataset_outputs\golden\vton_images\golden_golden_retriever_standing_bing_00113_vton_L.png
342,golden_golden_retriever_standing_bing_00114,Golden Retriever,81.8,50.7,74.0,L,0.951,Good Fit,D:\barc_3d_full_dataset_outputs\golden\3d_meshes\golden_golden_retriever_standing_bing_00114_3d_mesh.obj,D:\barc_3d_full_dataset_outputs\golden\vton_images\golden_golden_retriever_standing_bing_00114_vton_L.png
343,golden_golden_retriever_standing_bing_00115,Golden Retriever,121.0,52.2,71.7,XL,1.222,Tight,D:\barc_3d_full_dataset_outputs\golden\3d_meshes\golden_golden_retriever_standing_bing_00115_3d_mesh.obj,D:\barc_3d_full_dataset_outputs\golden\vton_images\golden_golden_retriever_standing_bing_00115_vton_XL.png
344,golden_golden_retriever_standing_bing_00116,Golden Retriever,82.0,113.2,71.8,L,0.953,Good Fit,D:\barc_3d_full_dataset_outputs\golden\3d_meshes\golden_golden_retriever_standing_bing_00116_3d_mesh.obj,D:\barc_3d_full_dataset_outputs\golden\vton_images\golden_golden_retriever_standing_bing_00116_vton_L.png
345,golden_golden_retriever_standing_bing_00117,Golden Retriever,90.9,121.6,69.0,L,1.057,Good Fit,D:\barc_3d_full_dataset_outputs\golden\3d_meshes\golden_golden_retriever_standing_bing_00117_3d_mesh.obj,D:\barc_3d_full_dataset_outputs\golden\vton_images\golden_golden_retriever_standing_bing_00117_vton_L.png
346,golden_golden_retriever_standing_bing_00118,Golden Retriever,115.5,122.0,70.5,XL,1.167,Tight,D:\barc_3d_full_dataset_outputs\golden\3d_meshes\golden_golden_retriever_standing_bing_00118_3d_mesh.obj,D:\barc_3d_full_dataset_outputs\golden\vton_images\golden_golden_retriever_standing_bing_00118_vton_XL.png
347,golden_golden_retriever_standing_bing_00119,Golden Retriever,92.3,63.4,84.6,L,1.073,Tight,D:\barc_3d_full_dataset_outputs\golden\3d_meshes\golden_golden_retriever_standing_bing_00119_3d_mesh.obj,D:\barc_3d_full_dataset_outputs\golden\vton_images\golden_golden_retriever_standing_bing_00119_vton_L.png
348,golden_golden_retriever_standing_bing_00120,Golden Retriever,86.4,56.1,68.7,L,1.005,Good Fit,D:\barc_3d_full_dataset_outputs\golden\3d_meshes\golden_golden_retriever_standing_bing_00120_3d_mesh.obj,D:\barc_3d_full_dataset_outputs\golden\vton_images\golden_golden_retriever_standing_bing_00120_vton_L.png
349,golden_golden_retriever_standing_bing_00121,Golden Retriever,144.3,46.0,66.5,XL,1.458,Tight,D:\barc_3d_full_dataset_outputs\golden\3d_meshes\golden_golden_retriever_standing_bing_00121_3d_mesh.obj,D:\barc_3d_full_dataset_outputs\golden\vton_images\golden_golden_retriever_standing_bing_00121_vton_XL.png
350,golden_golden_retriever_standing_bing_00122,Golden Retriever,123.5,47.4,72.6,XL,1.247,Tight,D:\barc_3d_full_dataset_outputs\golden\3d_meshes\golden_golden_retriever_standing_bing_00122_3d_mesh.obj,D:\barc_3d_full_dataset_outputs\golden\vton_images\golden_golden_retriever_standing_bing_00122_vton_XL.png
351,golden_golden_retriever_standing_bing_00123,Golden Retriever,86.1,49.4,68.7,L,1.001,Good Fit,D:\barc_3d_full_dataset_outputs\golden\3d_meshes\golden_golden_retriever_standing_bing_00123_3d_mesh.obj,D:\barc_3d_full_dataset_outputs\golden\vton_images\golden_golden_retriever_standing_bing_00123_vton_L.png
352,golden_golden_retriever_standing_bing_00124,Golden Retriever,138.2,54.2,66.8,XL,1.396,Tight,D:\barc_3d_full_dataset_outputs\golden\3d_meshes\golden_golden_retriever_standing_bing_00124_3d_mesh.obj,D:\barc_3d_full_dataset_outputs\golden\vton_images\golden_golden_retriever_standing_bing_00124_vton_XL.png
353,golden_golden_retriever_standing_side_profile_bing_00000,Golden Retriever,91.2,44.9,73.3,L,1.06,Tight,D:\barc_3d_full_dataset_outputs\golden\3d_meshes\golden_golden_retriever_standing_side_profile_bing_00000_3d_mesh.obj,D:\barc_3d_full_dataset_outputs\golden\vton_images\golden_golden_retriever_standing_side_profile_bing_00000_vton_L.png
354,golden_golden_retriever_standing_side_profile_bing_00001,Golden Retriever,100.7,41.7,75.9,XL,1.017,Good Fit,D:\barc_3d_full_dataset_outputs\golden\3d_meshes\golden_golden_retriever_standing_side_profile_bing_00001_3d_mesh.obj,D:\barc_3d_full_dataset_outputs\golden\vton_images\golden_golden_retriever_standing_side_profile_bing_00001_vton_XL.png
355,golden_golden_retriever_standing_side_profile_bing_00002,Golden Retriever,155.7,55.1,63.5,XL,1.573,Tight,D:\barc_3d_full_dataset_outputs\golden\3d_meshes\golden_golden_retriever_standing_side_profile_bing_00002_3d_mesh.obj,D:\barc_3d_full_dataset_outputs\golden\vton_images\golden_golden_retriever_standing_side_profile_bing_00002_vton_XL.png
356,golden_golden_retriever_standing_side_profile_bing_00003,Golden Retriever,88.8,60.5,69.4,L,1.033,Good Fit,D:\barc_3d_full_dataset_outputs\golden\3d_meshes\golden_golden_retriever_standing_side_profile_bing_00003_3d_mesh.obj,D:\barc_3d_full_dataset_outputs\golden\vton_images\golden_golden_retriever_standing_side_profile_bing_00003_vton_L.png
357,golden_golden_retriever_standing_side_profile_bing_00004,Golden Retriever,165.2,121.5,61.0,XL,1.669,Tight,D:\barc_3d_full_dataset_outputs\golden\3d_meshes\golden_golden_retriever_standing_side_profile_bing_00004_3d_mesh.obj,D:\barc_3d_full_dataset_outputs\golden\vton_images\golden_golden_retriever_standing_side_profile_bing_00004_vton_XL.png
358,golden_golden_retriever_standing_side_profile_bing_00005,Golden Retriever,93.5,60.2,82.0,XL,0.944,Good Fit,D:\barc_3d_full_dataset_outputs\golden\3d_meshes\golden_golden_retriever_standing_side_profile_bing_00005_3d_mesh.obj,D:\barc_3d_full_dataset_outputs\golden\vton_images\golden_golden_retriever_standing_side_profile_bing_00005_vton_XL.png
359,golden_golden_retriever_standing_side_profile_bing_00006,Golden Retriever,87.9,55.4,65.8,L,1.022,Good Fit,D:\barc_3d_full_dataset_outputs\golden\3d_meshes\golden_golden_retriever_standing_side_profile_bing_00006_3d_mesh.obj,D:\barc_3d_full_dataset_outputs\golden\vton_images\golden_golden_retriever_standing_side_profile_bing_00006_vton_L.png
360,golden_golden_retriever_standing_side_profile_bing_00007,Golden Retriever,111.1,35.3,61.9,XL,1.122,Tight,D:\barc_3d_full_dataset_outputs\golden\3d_meshes\golden_golden_retriever_standing_side_profile_bing_00007_3d_mesh.obj,D:\barc_3d_full_dataset_outputs\golden\vton_images\golden_golden_retriever_standing_side_profile_bing_00007_vton_XL.png
361,golden_golden_retriever_standing_side_profile_bing_00008,Golden Retriever,95.1,59.7,88.9,XL,0.961,Good Fit,D:\barc_3d_full_dataset_outputs\golden\3d_meshes\golden_golden_retriever_standing_side_profile_bing_00008_3d_mesh.obj,D:\barc_3d_full_dataset_outputs\golden\vton_images\golden_golden_retriever_standing_side_profile_bing_00008_vton_XL.png
362,golden_golden_retriever_standing_side_profile_bing_00009,Golden Retriever,87.5,48.0,66.1,L,1.017,Good Fit,D:\barc_3d_full_dataset_outputs\golden\3d_meshes\golden_golden_retriever_standing_side_profile_bing_00009_3d_mesh.obj,D:\barc_3d_full_dataset_outputs\golden\vton_images\golden_golden_retriever_standing_side_profile_bing_00009_vton_L.png
363,golden_golden_retriever_standing_side_profile_bing_00010,Golden Retriever,83.3,57.6,76.0,L,0.969,Good Fit,D:\barc_3d_full_dataset_outputs\golden\3d_meshes\golden_golden_retriever_standing_side_profile_bing_00010_3d_mesh.obj,D:\barc_3d_full_dataset_outputs\golden\vton_images\golden_golden_retriever_standing_side_profile_bing_00010_vton_L.png
364,golden_golden_retriever_standing_side_profile_bing_00011,Golden Retriever,96.0,96.0,75.8,XL,0.97,Good Fit,D:\barc_3d_full_dataset_outputs\golden\3d_meshes\golden_golden_retriever_standing_side_profile_bing_00011_3d_mesh.obj,D:\barc_3d_full_dataset_outputs\golden\vton_images\golden_golden_retriever_standing_side_profile_bing_00011_vton_XL.png
365,golden_golden_retriever_standing_side_profile_bing_00012,Golden Retriever,88.5,41.8,64.0,L,1.029,Good Fit,D:\barc_3d_full_dataset_outputs\golden\3d_meshes\golden_golden_retriever_standing_side_profile_bing_00012_3d_mesh.obj,D:\barc_3d_full_dataset_outputs\golden\vton_images\golden_golden_retriever_standing_side_profile_bing_00012_vton_L.png
366,golden_golden_retriever_standing_side_profile_bing_00013,Golden Retriever,98.4,31.1,59.6,XL,0.994,Good Fit,D:\barc_3d_full_dataset_outputs\golden\3d_meshes\golden_golden_retriever_standing_side_profile_bing_00013_3d_mesh.obj,D:\barc_3d_full_dataset_outputs\golden\vton_images\golden_golden_retriever_standing_side_profile_bing_00013_vton_XL.png
367,golden_golden_retriever_standing_side_profile_bing_00014,Golden Retriever,93.9,56.1,72.5,XL,0.948,Good Fit,D:\barc_3d_full_dataset_outputs\golden\3d_meshes\golden_golden_retriever_standing_side_profile_bing_00014_3d_mesh.obj,D:\barc_3d_full_dataset_outputs\golden\vton_images\golden_golden_retriever_standing_side_profile_bing_00014_vton_XL.png
368,golden_golden_retriever_standing_side_profile_bing_00015,Golden Retriever,89.4,91.0,49.6,L,1.04,Good Fit,D:\barc_3d_full_dataset_outputs\golden\3d_meshes\golden_golden_retriever_standing_side_profile_bing_00015_3d_mesh.obj,D:\barc_3d_full_dataset_outputs\golden\vton_images\golden_golden_retriever_standing_side_profile_bing_00015_vton_L.png
369,golden_golden_retriever_standing_side_profile_bing_00016,Golden Retriever,148.7,64.4,75.5,XL,1.502,Tight,D:\barc_3d_full_dataset_outputs\golden\3d_meshes\golden_golden_retriever_standing_side_profile_bing_00016_3d_mesh.obj,D:\barc_3d_full_dataset_outputs\golden\vton_images\golden_golden_retriever_standing_side_profile_bing_00016_vton_XL.png
370,golden_golden_retriever_standing_side_profile_bing_00017,Golden Retriever,85.6,60.2,80.6,L,0.995,Good Fit,D:\barc_3d_full_dataset_outputs\golden\3d_meshes\golden_golden_retriever_standing_side_profile_bing_00017_3d_mesh.obj,D:\barc_3d_full_dataset_outputs\golden\vton_images\golden_golden_retriever_standing_side_profile_bing_00017_vton_L.png
371,golden_golden_retriever_standing_side_profile_bing_00018,Golden Retriever,109.2,35.2,62.1,XL,1.103,Tight,D:\barc_3d_full_dataset_outputs\golden\3d_meshes\golden_golden_retriever_standing_side_profile_bing_00018_3d_mesh.obj,D:\barc_3d_full_dataset_outputs\golden\vton_images\golden_golden_retriever_standing_side_profile_bing_00018_vton_XL.png
372,golden_golden_retriever_standing_side_profile_bing_00019,Golden Retriever,77.0,45.2,56.3,M,1.027,Good Fit,D:\barc_3d_full_dataset_outputs\golden\3d_meshes\golden_golden_retriever_standing_side_profile_bing_00019_3d_mesh.obj,D:\barc_3d_full_dataset_outputs\golden\vton_images\golden_golden_retriever_standing_side_profile_bing_00019_vton_M.png
373,golden_golden_retriever_standing_side_profile_bing_00020,Golden Retriever,88.2,53.3,73.8,L,1.026,Good Fit,D:\barc_3d_full_dataset_outputs\golden\3d_meshes\golden_golden_retriever_standing_side_profile_bing_00020_3d_mesh.obj,D:\barc_3d_full_dataset_outputs\golden\vton_images\golden_golden_retriever_standing_side_profile_bing_00020_vton_L.png
374,golden_golden_retriever_standing_side_profile_bing_00021,Golden Retriever,87.0,50.5,79.8,L,1.012,Good Fit,D:\barc_3d_full_dataset_outputs\golden\3d_meshes\golden_golden_retriever_standing_side_profile_bing_00021_3d_mesh.obj,D:\barc_3d_full_dataset_outputs\golden\vton_images\golden_golden_retriever_standing_side_profile_bing_00021_vton_L.png
375,golden_golden_retriever_standing_side_profile_bing_00022,Golden Retriever,92.3,38.1,63.0,L,1.073,Tight,D:\barc_3d_full_dataset_outputs\golden\3d_meshes\golden_golden_retriever_standing_side_profile_bing_00022_3d_mesh.obj,D:\barc_3d_full_dataset_outputs\golden\vton_images\golden_golden_retriever_standing_side_profile_bing_00022_vton_L.png
376,golden_golden_retriever_standing_side_profile_bing_00023,Golden Retriever,93.9,55.3,72.4,XL,0.948,Good Fit,D:\barc_3d_full_dataset_outputs\golden\3d_meshes\golden_golden_retriever_standing_side_profile_bing_00023_3d_mesh.obj,D:\barc_3d_full_dataset_outputs\golden\vton_images\golden_golden_retriever_standing_side_profile_bing_00023_vton_XL.png
377,golden_golden_retriever_standing_side_profile_bing_00024,Golden Retriever,94.5,61.6,82.0,XL,0.955,Good Fit,D:\barc_3d_full_dataset_outputs\golden\3d_meshes\golden_golden_retriever_standing_side_profile_bing_00024_3d_mesh.obj,D:\barc_3d_full_dataset_outputs\golden\vton_images\golden_golden_retriever_standing_side_profile_bing_00024_vton_XL.png
378,golden_golden_retriever_standing_side_profile_bing_00025,Golden Retriever,83.2,112.4,77.1,L,0.967,Good Fit,D:\barc_3d_full_dataset_outputs\golden\3d_meshes\golden_golden_retriever_standing_side_profile_bing_00025_3d_mesh.obj,D:\barc_3d_full_dataset_outputs\golden\vton_images\golden_golden_retriever_standing_side_profile_bing_00025_vton_L.png
379,golden_golden_retriever_standing_side_profile_bing_00026,Golden Retriever,85.3,64.2,88.8,L,0.992,Good Fit,D:\barc_3d_full_dataset_outputs\golden\3d_meshes\golden_golden_retriever_standing_side_profile_bing_00026_3d_mesh.obj,D:\barc_3d_full_dataset_outputs\golden\vton_images\golden_golden_retriever_standing_side_profile_bing_00026_vton_L.png
380,golden_golden_retriever_standing_side_profile_bing_00027,Golden Retriever,120.6,51.2,56.4,XL,1.218,Tight,D:\barc_3d_full_dataset_outputs\golden\3d_meshes\golden_golden_retriever_standing_side_profile_bing_00027_3d_mesh.obj,D:\barc_3d_full_dataset_outputs\golden\vton_images\golden_golden_retriever_standing_side_profile_bing_00027_vton_XL.png
381,golden_golden_retriever_standing_side_profile_bing_00028,Golden Retriever,91.3,58.6,87.2,L,1.062,Tight,D:\barc_3d_full_dataset_outputs\golden\3d_meshes\golden_golden_retriever_standing_side_profile_bing_00028_3d_mesh.obj,D:\barc_3d_full_dataset_outputs\golden\vton_images\golden_golden_retriever_standing_side_profile_bing_00028_vton_L.png
382,golden_golden_retriever_standing_side_profile_bing_00029,Golden Retriever,93.5,59.2,82.1,XL,0.944,Good Fit,D:\barc_3d_full_dataset_outputs\golden\3d_meshes\golden_golden_retriever_standing_side_profile_bing_00029_3d_mesh.obj,D:\barc_3d_full_dataset_outputs\golden\vton_images\golden_golden_retriever_standing_side_profile_bing_00029_vton_XL.png
383,golden_golden_retriever_standing_side_profile_bing_00030,Golden Retriever,86.6,55.2,77.8,L,1.007,Good Fit,D:\barc_3d_full_dataset_outputs\golden\3d_meshes\golden_golden_retriever_standing_side_profile_bing_00030_3d_mesh.obj,D:\barc_3d_full_dataset_outputs\golden\vton_images\golden_golden_retriever_standing_side_profile_bing_00030_vton_L.png
384,golden_golden_retriever_standing_side_profile_bing_00031,Golden Retriever,115.1,45.5,71.9,XL,1.163,Tight,D:\barc_3d_full_dataset_outputs\golden\3d_meshes\golden_golden_retriever_standing_side_profile_bing_00031_3d_mesh.obj,D:\barc_3d_full_dataset_outputs\golden\vton_images\golden_golden_retriever_standing_side_profile_bing_00031_vton_XL.png
385,golden_golden_retriever_standing_side_profile_bing_00032,Golden Retriever,100.9,104.0,64.9,XL,1.019,Good Fit,D:\barc_3d_full_dataset_outputs\golden\3d_meshes\golden_golden_retriever_standing_side_profile_bing_00032_3d_mesh.obj,D:\barc_3d_full_dataset_outputs\golden\vton_images\golden_golden_retriever_standing_side_profile_bing_00032_vton_XL.png
386,golden_golden_retriever_standing_side_profile_bing_00033,Golden Retriever,97.2,50.3,71.2,XL,0.982,Good Fit,D:\barc_3d_full_dataset_outputs\golden\3d_meshes\golden_golden_retriever_standing_side_profile_bing_00033_3d_mesh.obj,D:\barc_3d_full_dataset_outputs\golden\vton_images\golden_golden_retriever_standing_side_profile_bing_00033_vton_XL.png
387,golden_golden_retriever_standing_side_profile_bing_00034,Golden Retriever,84.4,56.7,86.2,L,0.981,Good Fit,D:\barc_3d_full_dataset_outputs\golden\3d_meshes\golden_golden_retriever_standing_side_profile_bing_00034_3d_mesh.obj,D:\barc_3d_full_dataset_outputs\golden\vton_images\golden_golden_retriever_standing_side_profile_bing_00034_vton_L.png
388,golden_golden_retriever_standing_side_profile_bing_00035,Golden Retriever,91.3,44.8,65.1,L,1.062,Tight,D:\barc_3d_full_dataset_outputs\golden\3d_meshes\golden_golden_retriever_standing_side_profile_bing_00035_3d_mesh.obj,D:\barc_3d_full_dataset_outputs\golden\vton_images\golden_golden_retriever_standing_side_profile_bing_00035_vton_L.png
389,golden_golden_retriever_standing_side_profile_bing_00036,Golden Retriever,91.4,40.1,65.5,L,1.063,Tight,D:\barc_3d_full_dataset_outputs\golden\3d_meshes\golden_golden_retriever_standing_side_profile_bing_00036_3d_mesh.obj,D:\barc_3d_full_dataset_outputs\golden\vton_images\golden_golden_retriever_standing_side_profile_bing_00036_vton_L.png
390,golden_golden_retriever_standing_side_profile_bing_00037,Golden Retriever,82.3,48.0,71.9,L,0.957,Good Fit,D:\barc_3d_full_dataset_outputs\golden\3d_meshes\golden_golden_retriever_standing_side_profile_bing_00037_3d_mesh.obj,D:\barc_3d_full_dataset_outputs\golden\vton_images\golden_golden_retriever_standing_side_profile_bing_00037_vton_L.png
391,golden_golden_retriever_standing_side_profile_bing_00038,Golden Retriever,109.2,50.8,67.8,XL,1.103,Tight,D:\barc_3d_full_dataset_outputs\golden\3d_meshes\golden_golden_retriever_standing_side_profile_bing_00038_3d_mesh.obj,D:\barc_3d_full_dataset_outputs\golden\vton_images\golden_golden_retriever_standing_side_profile_bing_00038_vton_XL.png
392,golden_golden_retriever_standing_side_profile_bing_00039,Golden Retriever,96.9,53.4,87.4,XL,0.979,Good Fit,D:\barc_3d_full_dataset_outputs\golden\3d_meshes\golden_golden_retriever_standing_side_profile_bing_00039_3d_mesh.obj,D:\barc_3d_full_dataset_outputs\golden\vton_images\golden_golden_retriever_standing_side_profile_bing_00039_vton_XL.png
393,golden_golden_retriever_standing_side_profile_bing_00040,Golden Retriever,88.4,56.4,85.5,L,1.028,Good Fit,D:\barc_3d_full_dataset_outputs\golden\3d_meshes\golden_golden_retriever_standing_side_profile_bing_00040_3d_mesh.obj,D:\barc_3d_full_dataset_outputs\golden\vton_images\golden_golden_retriever_standing_side_profile_bing_00040_vton_L.png
394,golden_golden_retriever_standing_side_profile_bing_00041,Golden Retriever,100.2,57.1,63.8,XL,1.012,Good Fit,D:\barc_3d_full_dataset_outputs\golden\3d_meshes\golden_golden_retriever_standing_side_profile_bing_00041_3d_mesh.obj,D:\barc_3d_full_dataset_outputs\golden\vton_images\golden_golden_retriever_standing_side_profile_bing_00041_vton_XL.png
395,golden_golden_retriever_standing_side_profile_bing_00042,Golden Retriever,83.3,55.2,74.5,L,0.969,Good Fit,D:\barc_3d_full_dataset_outputs\golden\3d_meshes\golden_golden_retriever_standing_side_profile_bing_00042_3d_mesh.obj,D:\barc_3d_full_dataset_outputs\golden\vton_images\golden_golden_retriever_standing_side_profile_bing_00042_vton_L.png
396,golden_golden_retriever_standing_side_profile_bing_00043,Golden Retriever,82.5,58.7,78.2,L,0.959,Good Fit,D:\barc_3d_full_dataset_outputs\golden\3d_meshes\golden_golden_retriever_standing_side_profile_bing_00043_3d_mesh.obj,D:\barc_3d_full_dataset_outputs\golden\vton_images\golden_golden_retriever_standing_side_profile_bing_00043_vton_L.png
397,golden_golden_retriever_standing_side_profile_bing_00044,Golden Retriever,110.1,48.4,65.9,XL,1.112,Tight,D:\barc_3d_full_dataset_outputs\golden\3d_meshes\golden_golden_retriever_standing_side_profile_bing_00044_3d_mesh.obj,D:\barc_3d_full_dataset_outputs\golden\vton_images\golden_golden_retriever_standing_side_profile_bing_00044_vton_XL.png
398,golden_golden_retriever_standing_side_profile_bing_00045,Golden Retriever,85.6,56.4,86.1,L,0.995,Good Fit,D:\barc_3d_full_dataset_outputs\golden\3d_meshes\golden_golden_retriever_standing_side_profile_bing_00045_3d_mesh.obj,D:\barc_3d_full_dataset_outputs\golden\vton_images\golden_golden_retriever_standing_side_profile_bing_00045_vton_L.png
399,golden_golden_retriever_standing_side_profile_bing_00046,Golden Retriever,91.3,61.0,80.3,L,1.062,Tight,D:\barc_3d_full_dataset_outputs\golden\3d_meshes\golden_golden_retriever_standing_side_profile_bing_00046_3d_mesh.obj,D:\barc_3d_full_dataset_outputs\golden\vton_images\golden_golden_retriever_standing_side_profile_bing_00046_vton_L.png
400,golden_golden_retriever_standing_side_profile_bing_00047,Golden Retriever,116.9,59.9,68.8,XL,1.181,Tight,D:\barc_3d_full_dataset_outputs\golden\3d_meshes\golden_golden_retriever_standing_side_profile_bing_00047_3d_mesh.obj,D:\barc_3d_full_dataset_outputs\golden\vton_images\golden_golden_retriever_standing_side_profile_bing_00047_vton_XL.png
401,golden_golden_retriever_standing_side_profile_bing_00048,Golden Retriever,84.5,59.2,76.0,L,0.983,Good Fit,D:\barc_3d_full_dataset_outputs\golden\3d_meshes\golden_golden_retriever_standing_side_profile_bing_00048_3d_mesh.obj,D:\barc_3d_full_dataset_outputs\golden\vton_images\golden_golden_retriever_standing_side_profile_bing_00048_vton_L.png
402,golden_golden_retriever_standing_side_profile_bing_00049,Golden Retriever,99.0,57.6,78.4,XL,1.0,Good Fit,D:\barc_3d_full_dataset_outputs\golden\3d_meshes\golden_golden_retriever_standing_side_profile_bing_00049_3d_mesh.obj,D:\barc_3d_full_dataset_outputs\golden\vton_images\golden_golden_retriever_standing_side_profile_bing_00049_vton_XL.png
403,golden_golden_retriever_standing_side_profile_bing_00050,Golden Retriever,99.0,61.5,67.4,XL,1.0,Good Fit,D:\barc_3d_full_dataset_outputs\golden\3d_meshes\golden_golden_retriever_standing_side_profile_bing_00050_3d_mesh.obj,D:\barc_3d_full_dataset_outputs\golden\vton_images\golden_golden_retriever_standing_side_profile_bing_00050_vton_XL.png
404,golden_golden_retriever_standing_side_profile_bing_00051,Golden Retriever,91.3,47.8,60.2,L,1.062,Tight,D:\barc_3d_full_dataset_outputs\golden\3d_meshes\golden_golden_retriever_standing_side_profile_bing_00051_3d_mesh.obj,D:\barc_3d_full_dataset_outputs\golden\vton_images\golden_golden_retriever_standing_side_profile_bing_00051_vton_L.png
405,golden_golden_retriever_standing_side_profile_bing_00052,Golden Retriever,83.3,53.2,61.8,L,0.969,Good Fit,D:\barc_3d_full_dataset_outputs\golden\3d_meshes\golden_golden_retriever_standing_side_profile_bing_00052_3d_mesh.obj,D:\barc_3d_full_dataset_outputs\golden\vton_images\golden_golden_retriever_standing_side_profile_bing_00052_vton_L.png
406,golden_golden_retriever_standing_side_profile_bing_00053,Golden Retriever,145.0,57.3,68.4,XL,1.465,Tight,D:\barc_3d_full_dataset_outputs\golden\3d_meshes\golden_golden_retriever_standing_side_profile_bing_00053_3d_mesh.obj,D:\barc_3d_full_dataset_outputs\golden\vton_images\golden_golden_retriever_standing_side_profile_bing_00053_vton_XL.png
407,golden_golden_retriever_standing_side_profile_bing_00054,Golden Retriever,85.6,59.1,78.8,L,0.995,Good Fit,D:\barc_3d_full_dataset_outputs\golden\3d_meshes\golden_golden_retriever_standing_side_profile_bing_00054_3d_mesh.obj,D:\barc_3d_full_dataset_outputs\golden\vton_images\golden_golden_retriever_standing_side_profile_bing_00054_vton_L.png
408,golden_golden_retriever_standing_side_profile_bing_00055,Golden Retriever,91.3,52.4,73.1,L,1.062,Tight,D:\barc_3d_full_dataset_outputs\golden\3d_meshes\golden_golden_retriever_standing_side_profile_bing_00055_3d_mesh.obj,D:\barc_3d_full_dataset_outputs\golden\vton_images\golden_golden_retriever_standing_side_profile_bing_00055_vton_L.png
409,golden_golden_retriever_standing_side_profile_bing_00056,Golden Retriever,87.5,51.4,66.1,L,1.017,Good Fit,D:\barc_3d_full_dataset_outputs\golden\3d_meshes\golden_golden_retriever_standing_side_profile_bing_00056_3d_mesh.obj,D:\barc_3d_full_dataset_outputs\golden\vton_images\golden_golden_retriever_standing_side_profile_bing_00056_vton_L.png
410,golden_golden_retriever_standing_side_profile_bing_00057,Golden Retriever,86.2,60.6,80.1,L,1.002,Good Fit,D:\barc_3d_full_dataset_outputs\golden\3d_meshes\golden_golden_retriever_standing_side_profile_bing_00057_3d_mesh.obj,D:\barc_3d_full_dataset_outputs\golden\vton_images\golden_golden_retriever_standing_side_profile_bing_00057_vton_L.png
411,golden_golden_retriever_standing_side_profile_bing_00058,Golden Retriever,80.7,53.8,63.1,L,0.938,Loose,D:\barc_3d_full_dataset_outputs\golden\3d_meshes\golden_golden_retriever_standing_side_profile_bing_00058_3d_mesh.obj,D:\barc_3d_full_dataset_outputs\golden\vton_images\golden_golden_retriever_standing_side_profile_bing_00058_vton_L.png
412,golden_golden_retriever_standing_side_profile_bing_00059,Golden Retriever,94.7,59.9,82.5,XL,0.957,Good Fit,D:\barc_3d_full_dataset_outputs\golden\3d_meshes\golden_golden_retriever_standing_side_profile_bing_00059_3d_mesh.obj,D:\barc_3d_full_dataset_outputs\golden\vton_images\golden_golden_retriever_standing_side_profile_bing_00059_vton_XL.png
413,golden_golden_retriever_standing_side_profile_bing_00060,Golden Retriever,89.7,56.9,77.8,L,1.043,Good Fit,D:\barc_3d_full_dataset_outputs\golden\3d_meshes\golden_golden_retriever_standing_side_profile_bing_00060_3d_mesh.obj,D:\barc_3d_full_dataset_outputs\golden\vton_images\golden_golden_retriever_standing_side_profile_bing_00060_vton_L.png
414,golden_golden_retriever_standing_side_profile_bing_00061,Golden Retriever,175.0,89.1,72.3,XL,1.768,Tight,D:\barc_3d_full_dataset_outputs\golden\3d_meshes\golden_golden_retriever_standing_side_profile_bing_00061_3d_mesh.obj,D:\barc_3d_full_dataset_outputs\golden\vton_images\golden_golden_retriever_standing_side_profile_bing_00061_vton_XL.png
415,golden_golden_retriever_standing_side_profile_bing_00062,Golden Retriever,87.6,46.0,52.4,L,1.019,Good Fit,D:\barc_3d_full_dataset_outputs\golden\3d_meshes\golden_golden_retriever_standing_side_profile_bing_00062_3d_mesh.obj,D:\barc_3d_full_dataset_outputs\golden\vton_images\golden_golden_retriever_standing_side_profile_bing_00062_vton_L.png
416,golden_golden_retriever_standing_side_profile_bing_00063,Golden Retriever,104.0,54.3,77.9,XL,1.051,Good Fit,D:\barc_3d_full_dataset_outputs\golden\3d_meshes\golden_golden_retriever_standing_side_profile_bing_00063_3d_mesh.obj,D:\barc_3d_full_dataset_outputs\golden\vton_images\golden_golden_retriever_standing_side_profile_bing_00063_vton_XL.png
417,golden_golden_retriever_standing_side_profile_bing_00064,Golden Retriever,89.6,42.9,59.2,L,1.042,Good Fit,D:\barc_3d_full_dataset_outputs\golden\3d_meshes\golden_golden_retriever_standing_side_profile_bing_00064_3d_mesh.obj,D:\barc_3d_full_dataset_outputs\golden\vton_images\golden_golden_retriever_standing_side_profile_bing_00064_vton_L.png
418,golden_golden_retriever_standing_side_profile_bing_00065,Golden Retriever,100.7,28.1,58.9,XL,1.017,Good Fit,D:\barc_3d_full_dataset_outputs\golden\3d_meshes\golden_golden_retriever_standing_side_profile_bing_00065_3d_mesh.obj,D:\barc_3d_full_dataset_outputs\golden\vton_images\golden_golden_retriever_standing_side_profile_bing_00065_vton_XL.png
419,golden_golden_retriever_standing_side_profile_bing_00066,Golden Retriever,97.4,60.3,78.0,XL,0.984,Good Fit,D:\barc_3d_full_dataset_outputs\golden\3d_meshes\golden_golden_retriever_standing_side_profile_bing_00066_3d_mesh.obj,D:\barc_3d_full_dataset_outputs\golden\vton_images\golden_golden_retriever_standing_side_profile_bing_00066_vton_XL.png
420,golden_golden_retriever_standing_side_profile_bing_00067,Golden Retriever,80.3,48.7,73.7,M,1.071,Good Fit,D:\barc_3d_full_dataset_outputs\golden\3d_meshes\golden_golden_retriever_standing_side_profile_bing_00067_3d_mesh.obj,D:\barc_3d_full_dataset_outputs\golden\vton_images\golden_golden_retriever_standing_side_profile_bing_00067_vton_M.png
421,golden_golden_retriever_standing_side_profile_bing_00068,Golden Retriever,86.9,50.8,69.8,L,1.01,Good Fit,D:\barc_3d_full_dataset_outputs\golden\3d_meshes\golden_golden_retriever_standing_side_profile_bing_00068_3d_mesh.obj,D:\barc_3d_full_dataset_outputs\golden\vton_images\golden_golden_retriever_standing_side_profile_bing_00068_vton_L.png
422,golden_golden_retriever_standing_side_profile_bing_00069,Golden Retriever,92.0,49.5,67.7,L,1.07,Tight,D:\barc_3d_full_dataset_outputs\golden\3d_meshes\golden_golden_retriever_standing_side_profile_bing_00069_3d_mesh.obj,D:\barc_3d_full_dataset_outputs\golden\vton_images\golden_golden_retriever_standing_side_profile_bing_00069_vton_L.png
423,golden_golden_retriever_standing_side_profile_bing_00070,Golden Retriever,93.6,49.6,70.5,XL,0.945,Good Fit,D:\barc_3d_full_dataset_outputs\golden\3d_meshes\golden_golden_retriever_standing_side_profile_bing_00070_3d_mesh.obj,D:\barc_3d_full_dataset_outputs\golden\vton_images\golden_golden_retriever_standing_side_profile_bing_00070_vton_XL.png
424,golden_golden_retriever_standing_side_profile_bing_00071,Golden Retriever,87.1,51.6,71.0,L,1.013,Good Fit,D:\barc_3d_full_dataset_outputs\golden\3d_meshes\golden_golden_retriever_standing_side_profile_bing_00071_3d_mesh.obj,D:\barc_3d_full_dataset_outputs\golden\vton_images\golden_golden_retriever_standing_side_profile_bing_00071_vton_L.png
425,golden_golden_retriever_standing_side_profile_bing_00072,Golden Retriever,91.0,54.6,70.8,L,1.058,Good Fit,D:\barc_3d_full_dataset_outputs\golden\3d_meshes\golden_golden_retriever_standing_side_profile_bing_00072_3d_mesh.obj,D:\barc_3d_full_dataset_outputs\golden\vton_images\golden_golden_retriever_standing_side_profile_bing_00072_vton_L.png
426,golden_golden_retriever_standing_side_profile_bing_00073,Golden Retriever,91.4,63.7,85.6,L,1.063,Tight,D:\barc_3d_full_dataset_outputs\golden\3d_meshes\golden_golden_retriever_standing_side_profile_bing_00073_3d_mesh.obj,D:\barc_3d_full_dataset_outputs\golden\vton_images\golden_golden_retriever_standing_side_profile_bing_00073_vton_L.png
427,golden_golden_retriever_standing_side_profile_bing_00074,Golden Retriever,87.8,58.5,80.1,L,1.021,Good Fit,D:\barc_3d_full_dataset_outputs\golden\3d_meshes\golden_golden_retriever_standing_side_profile_bing_00074_3d_mesh.obj,D:\barc_3d_full_dataset_outputs\golden\vton_images\golden_golden_retriever_standing_side_profile_bing_00074_vton_L.png
428,golden_golden_retriever_standing_side_profile_bing_00075,Golden Retriever,80.0,60.2,78.5,M,1.067,Good Fit,D:\barc_3d_full_dataset_outputs\golden\3d_meshes\golden_golden_retriever_standing_side_profile_bing_00075_3d_mesh.obj,D:\barc_3d_full_dataset_outputs\golden\vton_images\golden_golden_retriever_standing_side_profile_bing_00075_vton_M.png
429,golden_golden_retriever_standing_side_profile_bing_00076,Golden Retriever,104.6,53.0,68.5,XL,1.057,Good Fit,D:\barc_3d_full_dataset_outputs\golden\3d_meshes\golden_golden_retriever_standing_side_profile_bing_00076_3d_mesh.obj,D:\barc_3d_full_dataset_outputs\golden\vton_images\golden_golden_retriever_standing_side_profile_bing_00076_vton_XL.png
430,golden_golden_retriever_standing_side_profile_bing_00077,Golden Retriever,90.2,43.2,62.9,L,1.049,Good Fit,D:\barc_3d_full_dataset_outputs\golden\3d_meshes\golden_golden_retriever_standing_side_profile_bing_00077_3d_mesh.obj,D:\barc_3d_full_dataset_outputs\golden\vton_images\golden_golden_retriever_standing_side_profile_bing_00077_vton_L.png
431,golden_golden_retriever_standing_side_profile_bing_00078,Golden Retriever,78.8,51.2,68.1,M,1.051,Good Fit,D:\barc_3d_full_dataset_outputs\golden\3d_meshes\golden_golden_retriever_standing_side_profile_bing_00078_3d_mesh.obj,D:\barc_3d_full_dataset_outputs\golden\vton_images\golden_golden_retriever_standing_side_profile_bing_00078_vton_M.png
432,golden_golden_retriever_standing_side_profile_bing_00079,Golden Retriever,118.8,50.6,80.0,XL,1.2,Tight,D:\barc_3d_full_dataset_outputs\golden\3d_meshes\golden_golden_retriever_standing_side_profile_bing_00079_3d_mesh.obj,D:\barc_3d_full_dataset_outputs\golden\vton_images\golden_golden_retriever_standing_side_profile_bing_00079_vton_XL.png
433,golden_golden_retriever_standing_side_profile_bing_00080,Golden Retriever,95.1,51.2,73.5,XL,0.961,Good Fit,D:\barc_3d_full_dataset_outputs\golden\3d_meshes\golden_golden_retriever_standing_side_profile_bing_00080_3d_mesh.obj,D:\barc_3d_full_dataset_outputs\golden\vton_images\golden_golden_retriever_standing_side_profile_bing_00080_vton_XL.png
434,golden_golden_retriever_standing_side_profile_bing_00081,Golden Retriever,86.5,58.5,79.6,L,1.006,Good Fit,D:\barc_3d_full_dataset_outputs\golden\3d_meshes\golden_golden_retriever_standing_side_profile_bing_00081_3d_mesh.obj,D:\barc_3d_full_dataset_outputs\golden\vton_images\golden_golden_retriever_standing_side_profile_bing_00081_vton_L.png
435,golden_golden_retriever_standing_side_profile_bing_00082,Golden Retriever,90.4,61.1,70.7,L,1.051,Good Fit,D:\barc_3d_full_dataset_outputs\golden\3d_meshes\golden_golden_retriever_standing_side_profile_bing_00082_3d_mesh.obj,D:\barc_3d_full_dataset_outputs\golden\vton_images\golden_golden_retriever_standing_side_profile_bing_00082_vton_L.png
436,golden_golden_retriever_standing_side_profile_bing_00083,Golden Retriever,92.0,61.1,77.3,L,1.07,Tight,D:\barc_3d_full_dataset_outputs\golden\3d_meshes\golden_golden_retriever_standing_side_profile_bing_00083_3d_mesh.obj,D:\barc_3d_full_dataset_outputs\golden\vton_images\golden_golden_retriever_standing_side_profile_bing_00083_vton_L.png
437,golden_golden_retriever_standing_side_profile_bing_00084,Golden Retriever,88.0,115.8,72.6,L,1.023,Good Fit,D:\barc_3d_full_dataset_outputs\golden\3d_meshes\golden_golden_retriever_standing_side_profile_bing_00084_3d_mesh.obj,D:\barc_3d_full_dataset_outputs\golden\vton_images\golden_golden_retriever_standing_side_profile_bing_00084_vton_L.png
438,golden_golden_retriever_standing_side_profile_bing_00085,Golden Retriever,91.2,59.2,78.9,L,1.06,Tight,D:\barc_3d_full_dataset_outputs\golden\3d_meshes\golden_golden_retriever_standing_side_profile_bing_00085_3d_mesh.obj,D:\barc_3d_full_dataset_outputs\golden\vton_images\golden_golden_retriever_standing_side_profile_bing_00085_vton_L.png
439,golden_golden_retriever_standing_side_profile_bing_00086,Golden Retriever,79.9,45.2,84.5,M,1.065,Good Fit,D:\barc_3d_full_dataset_outputs\golden\3d_meshes\golden_golden_retriever_standing_side_profile_bing_00086_3d_mesh.obj,D:\barc_3d_full_dataset_outputs\golden\vton_images\golden_golden_retriever_standing_side_profile_bing_00086_vton_M.png
440,golden_golden_retriever_standing_side_profile_bing_00087,Golden Retriever,117.1,53.1,74.8,XL,1.183,Tight,D:\barc_3d_full_dataset_outputs\golden\3d_meshes\golden_golden_retriever_standing_side_profile_bing_00087_3d_mesh.obj,D:\barc_3d_full_dataset_outputs\golden\vton_images\golden_golden_retriever_standing_side_profile_bing_00087_vton_XL.png
441,golden_golden_retriever_standing_side_profile_bing_00088,Golden Retriever,99.5,48.5,73.4,XL,1.005,Good Fit,D:\barc_3d_full_dataset_outputs\golden\3d_meshes\golden_golden_retriever_standing_side_profile_bing_00088_3d_mesh.obj,D:\barc_3d_full_dataset_outputs\golden\vton_images\golden_golden_retriever_standing_side_profile_bing_00088_vton_XL.png
442,golden_golden_retriever_standing_side_profile_bing_00089,Golden Retriever,89.4,51.6,80.1,L,1.04,Good Fit,D:\barc_3d_full_dataset_outputs\golden\3d_meshes\golden_golden_retriever_standing_side_profile_bing_00089_3d_mesh.obj,D:\barc_3d_full_dataset_outputs\golden\vton_images\golden_golden_retriever_standing_side_profile_bing_00089_vton_L.png
443,golden_golden_retriever_standing_side_profile_bing_00090,Golden Retriever,79.2,37.6,79.0,M,1.056,Good Fit,D:\barc_3d_full_dataset_outputs\golden\3d_meshes\golden_golden_retriever_standing_side_profile_bing_00090_3d_mesh.obj,D:\barc_3d_full_dataset_outputs\golden\vton_images\golden_golden_retriever_standing_side_profile_bing_00090_vton_M.png
444,golden_golden_retriever_standing_side_profile_bing_00091,Golden Retriever,95.8,96.1,75.9,XL,0.968,Good Fit,D:\barc_3d_full_dataset_outputs\golden\3d_meshes\golden_golden_retriever_standing_side_profile_bing_00091_3d_mesh.obj,D:\barc_3d_full_dataset_outputs\golden\vton_images\golden_golden_retriever_standing_side_profile_bing_00091_vton_XL.png
445,golden_golden_retriever_standing_side_profile_bing_00092,Golden Retriever,114.0,26.8,59.6,XL,1.152,Tight,D:\barc_3d_full_dataset_outputs\golden\3d_meshes\golden_golden_retriever_standing_side_profile_bing_00092_3d_mesh.obj,D:\barc_3d_full_dataset_outputs\golden\vton_images\golden_golden_retriever_standing_side_profile_bing_00092_vton_XL.png
446,golden_golden_retriever_standing_side_profile_bing_00093,Golden Retriever,86.7,54.2,68.1,L,1.008,Good Fit,D:\barc_3d_full_dataset_outputs\golden\3d_meshes\golden_golden_retriever_standing_side_profile_bing_00093_3d_mesh.obj,D:\barc_3d_full_dataset_outputs\golden\vton_images\golden_golden_retriever_standing_side_profile_bing_00093_vton_L.png
447,golden_golden_retriever_standing_side_profile_bing_00094,Golden Retriever,88.4,47.9,58.3,L,1.028,Good Fit,D:\barc_3d_full_dataset_outputs\golden\3d_meshes\golden_golden_retriever_standing_side_profile_bing_00094_3d_mesh.obj,D:\barc_3d_full_dataset_outputs\golden\vton_images\golden_golden_retriever_standing_side_profile_bing_00094_vton_L.png
448,golden_golden_retriever_standing_side_profile_bing_00095,Golden Retriever,79.8,104.0,62.1,M,1.064,Good Fit,D:\barc_3d_full_dataset_outputs\golden\3d_meshes\golden_golden_retriever_standing_side_profile_bing_00095_3d_mesh.obj,D:\barc_3d_full_dataset_outputs\golden\vton_images\golden_golden_retriever_standing_side_profile_bing_00095_vton_M.png
449,golden_golden_retriever_standing_side_profile_bing_00096,Golden Retriever,88.5,60.6,78.6,L,1.029,Good Fit,D:\barc_3d_full_dataset_outputs\golden\3d_meshes\golden_golden_retriever_standing_side_profile_bing_00096_3d_mesh.obj,D:\barc_3d_full_dataset_outputs\golden\vton_images\golden_golden_retriever_standing_side_profile_bing_00096_vton_L.png
450,golden_golden_retriever_standing_side_profile_bing_00097,Golden Retriever,72.3,143.5,47.4,M,0.964,Good Fit,D:\barc_3d_full_dataset_outputs\golden\3d_meshes\golden_golden_retriever_standing_side_profile_bing_00097_3d_mesh.obj,D:\barc_3d_full_dataset_outputs\golden\vton_images\golden_golden_retriever_standing_side_profile_bing_00097_vton_M.png
451,golden_golden_retriever_standing_side_profile_bing_00098,Golden Retriever,83.7,8.1,58.7,L,0.973,Good Fit,D:\barc_3d_full_dataset_outputs\golden\3d_meshes\golden_golden_retriever_standing_side_profile_bing_00098_3d_mesh.obj,D:\barc_3d_full_dataset_outputs\golden\vton_images\golden_golden_retriever_standing_side_profile_bing_00098_vton_L.png
452,golden_golden_retriever_standing_side_profile_bing_00099,Golden Retriever,142.1,44.8,68.4,XL,1.435,Tight,D:\barc_3d_full_dataset_outputs\golden\3d_meshes\golden_golden_retriever_standing_side_profile_bing_00099_3d_mesh.obj,D:\barc_3d_full_dataset_outputs\golden\vton_images\golden_golden_retriever_standing_side_profile_bing_00099_vton_XL.png
453,golden_golden_retriever_standing_side_profile_bing_00100,Golden Retriever,254.0,67.4,82.3,XL,2.566,Tight,D:\barc_3d_full_dataset_outputs\golden\3d_meshes\golden_golden_retriever_standing_side_profile_bing_00100_3d_mesh.obj,D:\barc_3d_full_dataset_outputs\golden\vton_images\golden_golden_retriever_standing_side_profile_bing_00100_vton_XL.png
454,golden_golden_retriever_standing_side_profile_bing_00101,Golden Retriever,99.3,60.7,79.3,XL,1.003,Good Fit,D:\barc_3d_full_dataset_outputs\golden\3d_meshes\golden_golden_retriever_standing_side_profile_bing_00101_3d_mesh.obj,D:\barc_3d_full_dataset_outputs\golden\vton_images\golden_golden_retriever_standing_side_profile_bing_00101_vton_XL.png
455,golden_golden_retriever_standing_side_profile_bing_00102,Golden Retriever,78.3,57.8,77.4,M,1.044,Good Fit,D:\barc_3d_full_dataset_outputs\golden\3d_meshes\golden_golden_retriever_standing_side_profile_bing_00102_3d_mesh.obj,D:\barc_3d_full_dataset_outputs\golden\vton_images\golden_golden_retriever_standing_side_profile_bing_00102_vton_M.png
456,golden_golden_retriever_standing_side_profile_bing_00103,Golden Retriever,84.1,44.9,62.2,L,0.978,Good Fit,D:\barc_3d_full_dataset_outputs\golden\3d_meshes\golden_golden_retriever_standing_side_profile_bing_00103_3d_mesh.obj,D:\barc_3d_full_dataset_outputs\golden\vton_images\golden_golden_retriever_standing_side_profile_bing_00103_vton_L.png
457,golden_golden_retriever_standing_side_profile_bing_00104,Golden Retriever,112.6,40.3,62.3,XL,1.137,Tight,D:\barc_3d_full_dataset_outputs\golden\3d_meshes\golden_golden_retriever_standing_side_profile_bing_00104_3d_mesh.obj,D:\barc_3d_full_dataset_outputs\golden\vton_images\golden_golden_retriever_standing_side_profile_bing_00104_vton_XL.png
458,golden_golden_retriever_standing_side_profile_bing_00105,Golden Retriever,118.1,66.0,70.8,XL,1.193,Tight,D:\barc_3d_full_dataset_outputs\golden\3d_meshes\golden_golden_retriever_standing_side_profile_bing_00105_3d_mesh.obj,D:\barc_3d_full_dataset_outputs\golden\vton_images\golden_golden_retriever_standing_side_profile_bing_00105_vton_XL.png
459,golden_golden_retriever_standing_side_profile_bing_00106,Golden Retriever,168.7,51.0,72.1,XL,1.704,Tight,D:\barc_3d_full_dataset_outputs\golden\3d_meshes\golden_golden_retriever_standing_side_profile_bing_00106_3d_mesh.obj,D:\barc_3d_full_dataset_outputs\golden\vton_images\golden_golden_retriever_standing_side_profile_bing_00106_vton_XL.png
460,golden_golden_retriever_standing_side_profile_bing_00107,Golden Retriever,77.9,54.1,81.6,M,1.039,Good Fit,D:\barc_3d_full_dataset_outputs\golden\3d_meshes\golden_golden_retriever_standing_side_profile_bing_00107_3d_mesh.obj,D:\barc_3d_full_dataset_outputs\golden\vton_images\golden_golden_retriever_standing_side_profile_bing_00107_vton_M.png
461,golden_golden_retriever_standing_side_profile_bing_00108,Golden Retriever,116.9,59.9,68.8,XL,1.181,Tight,D:\barc_3d_full_dataset_outputs\golden\3d_meshes\golden_golden_retriever_standing_side_profile_bing_00108_3d_mesh.obj,D:\barc_3d_full_dataset_outputs\golden\vton_images\golden_golden_retriever_standing_side_profile_bing_00108_vton_XL.png
462,golden_golden_retriever_standing_side_profile_bing_00109,Golden Retriever,99.4,59.1,80.8,XL,1.004,Good Fit,D:\barc_3d_full_dataset_outputs\golden\3d_meshes\golden_golden_retriever_standing_side_profile_bing_00109_3d_mesh.obj,D:\barc_3d_full_dataset_outputs\golden\vton_images\golden_golden_retriever_standing_side_profile_bing_00109_vton_XL.png
463,golden_golden_retriever_standing_side_profile_bing_00110,Golden Retriever,87.7,50.4,65.9,L,1.02,Good Fit,D:\barc_3d_full_dataset_outputs\golden\3d_meshes\golden_golden_retriever_standing_side_profile_bing_00110_3d_mesh.obj,D:\barc_3d_full_dataset_outputs\golden\vton_images\golden_golden_retriever_standing_side_profile_bing_00110_vton_L.png
464,golden_golden_retriever_standing_side_profile_bing_00111,Golden Retriever,89.6,52.8,70.9,L,1.042,Good Fit,D:\barc_3d_full_dataset_outputs\golden\3d_meshes\golden_golden_retriever_standing_side_profile_bing_00111_3d_mesh.obj,D:\barc_3d_full_dataset_outputs\golden\vton_images\golden_golden_retriever_standing_side_profile_bing_00111_vton_L.png
465,golden_golden_retriever_standing_side_profile_bing_00112,Golden Retriever,86.2,55.8,77.9,L,1.002,Good Fit,D:\barc_3d_full_dataset_outputs\golden\3d_meshes\golden_golden_retriever_standing_side_profile_bing_00112_3d_mesh.obj,D:\barc_3d_full_dataset_outputs\golden\vton_images\golden_golden_retriever_standing_side_profile_bing_00112_vton_L.png
466,golden_golden_retriever_standing_side_profile_bing_00113,Golden Retriever,85.1,130.7,64.6,L,0.99,Good Fit,D:\barc_3d_full_dataset_outputs\golden\3d_meshes\golden_golden_retriever_standing_side_profile_bing_00113_3d_mesh.obj,D:\barc_3d_full_dataset_outputs\golden\vton_images\golden_golden_retriever_standing_side_profile_bing_00113_vton_L.png
467,labrador_labrador_dog_show_bing_00000,Labrador Retriever,79.4,36.7,66.9,M,1.059,Good Fit,D:\barc_3d_full_dataset_outputs\labrador\3d_meshes\labrador_labrador_dog_show_bing_00000_3d_mesh.obj,D:\barc_3d_full_dataset_outputs\labrador\vton_images\labrador_labrador_dog_show_bing_00000_vton_M.png
468,labrador_labrador_dog_show_bing_00001,Labrador Retriever,79.5,109.3,59.6,M,1.06,Good Fit,D:\barc_3d_full_dataset_outputs\labrador\3d_meshes\labrador_labrador_dog_show_bing_00001_3d_mesh.obj,D:\barc_3d_full_dataset_outputs\labrador\vton_images\labrador_labrador_dog_show_bing_00001_vton_M.png
469,labrador_labrador_dog_show_bing_00002,Labrador Retriever,87.8,45.6,65.4,L,1.021,Good Fit,D:\barc_3d_full_dataset_outputs\labrador\3d_meshes\labrador_labrador_dog_show_bing_00002_3d_mesh.obj,D:\barc_3d_full_dataset_outputs\labrador\vton_images\labrador_labrador_dog_show_bing_00002_vton_L.png
470,labrador_labrador_dog_show_bing_00003,Labrador Retriever,95.0,55.2,62.2,XL,0.96,Good Fit,D:\barc_3d_full_dataset_outputs\labrador\3d_meshes\labrador_labrador_dog_show_bing_00003_3d_mesh.obj,D:\barc_3d_full_dataset_outputs\labrador\vton_images\labrador_labrador_dog_show_bing_00003_vton_XL.png
471,labrador_labrador_dog_show_bing_00004,Labrador Retriever,94.0,141.3,49.0,XL,0.949,Good Fit,D:\barc_3d_full_dataset_outputs\labrador\3d_meshes\labrador_labrador_dog_show_bing_00004_3d_mesh.obj,D:\barc_3d_full_dataset_outputs\labrador\vton_images\labrador_labrador_dog_show_bing_00004_vton_XL.png
472,labrador_labrador_dog_show_bing_00005,Labrador Retriever,82.9,57.2,60.0,L,0.964,Good Fit,D:\barc_3d_full_dataset_outputs\labrador\3d_meshes\labrador_labrador_dog_show_bing_00005_3d_mesh.obj,D:\barc_3d_full_dataset_outputs\labrador\vton_images\labrador_labrador_dog_show_bing_00005_vton_L.png
473,labrador_labrador_dog_show_bing_00006,Labrador Retriever,81.6,119.8,63.3,L,0.949,Good Fit,D:\barc_3d_full_dataset_outputs\labrador\3d_meshes\labrador_labrador_dog_show_bing_00006_3d_mesh.obj,D:\barc_3d_full_dataset_outputs\labrador\vton_images\labrador_labrador_dog_show_bing_00006_vton_L.png
474,labrador_labrador_dog_show_bing_00007,Labrador Retriever,96.9,55.2,67.3,XL,0.979,Good Fit,D:\barc_3d_full_dataset_outputs\labrador\3d_meshes\labrador_labrador_dog_show_bing_00007_3d_mesh.obj,D:\barc_3d_full_dataset_outputs\labrador\vton_images\labrador_labrador_dog_show_bing_00007_vton_XL.png
475,labrador_labrador_dog_show_bing_00008,Labrador Retriever,87.2,42.4,72.9,L,1.014,Good Fit,D:\barc_3d_full_dataset_outputs\labrador\3d_meshes\labrador_labrador_dog_show_bing_00008_3d_mesh.obj,D:\barc_3d_full_dataset_outputs\labrador\vton_images\labrador_labrador_dog_show_bing_00008_vton_L.png
476,labrador_labrador_dog_show_bing_00009,Labrador Retriever,89.7,40.4,62.9,L,1.043,Good Fit,D:\barc_3d_full_dataset_outputs\labrador\3d_meshes\labrador_labrador_dog_show_bing_00009_3d_mesh.obj,D:\barc_3d_full_dataset_outputs\labrador\vton_images\labrador_labrador_dog_show_bing_00009_vton_L.png
477,labrador_labrador_dog_show_bing_00010,Labrador Retriever,94.0,110.8,88.1,XL,0.949,Good Fit,D:\barc_3d_full_dataset_outputs\labrador\3d_meshes\labrador_labrador_dog_show_bing_00010_3d_mesh.obj,D:\barc_3d_full_dataset_outputs\labrador\vton_images\labrador_labrador_dog_show_bing_00010_vton_XL.png
478,labrador_labrador_dog_show_bing_00011,Labrador Retriever,106.9,59.2,66.6,XL,1.08,Good Fit,D:\barc_3d_full_dataset_outputs\labrador\3d_meshes\labrador_labrador_dog_show_bing_00011_3d_mesh.obj,D:\barc_3d_full_dataset_outputs\labrador\vton_images\labrador_labrador_dog_show_bing_00011_vton_XL.png
479,labrador_labrador_dog_show_bing_00012,Labrador Retriever,88.0,36.8,64.8,L,1.023,Good Fit,D:\barc_3d_full_dataset_outputs\labrador\3d_meshes\labrador_labrador_dog_show_bing_00012_3d_mesh.obj,D:\barc_3d_full_dataset_outputs\labrador\vton_images\labrador_labrador_dog_show_bing_00012_vton_L.png
480,labrador_labrador_dog_show_bing_00013,Labrador Retriever,101.7,54.1,64.9,XL,1.027,Good Fit,D:\barc_3d_full_dataset_outputs\labrador\3d_meshes\labrador_labrador_dog_show_bing_00013_3d_mesh.obj,D:\barc_3d_full_dataset_outputs\labrador\vton_images\labrador_labrador_dog_show_bing_00013_vton_XL.png
481,labrador_labrador_dog_show_bing_00014,Labrador Retriever,97.8,49.7,70.5,XL,0.988,Good Fit,D:\barc_3d_full_dataset_outputs\labrador\3d_meshes\labrador_labrador_dog_show_bing_00014_3d_mesh.obj,D:\barc_3d_full_dataset_outputs\labrador\vton_images\labrador_labrador_dog_show_bing_00014_vton_XL.png
482,labrador_labrador_dog_show_bing_00015,Labrador Retriever,79.0,44.7,66.2,M,1.053,Good Fit,D:\barc_3d_full_dataset_outputs\labrador\3d_meshes\labrador_labrador_dog_show_bing_00015_3d_mesh.obj,D:\barc_3d_full_dataset_outputs\labrador\vton_images\labrador_labrador_dog_show_bing_00015_vton_M.png
483,labrador_labrador_dog_show_bing_00016,Labrador Retriever,84.9,47.7,72.0,L,0.987,Good Fit,D:\barc_3d_full_dataset_outputs\labrador\3d_meshes\labrador_labrador_dog_show_bing_00016_3d_mesh.obj,D:\barc_3d_full_dataset_outputs\labrador\vton_images\labrador_labrador_dog_show_bing_00016_vton_L.png
484,labrador_labrador_dog_show_bing_00017,Labrador Retriever,80.6,108.7,60.5,L,0.937,Loose,D:\barc_3d_full_dataset_outputs\labrador\3d_meshes\labrador_labrador_dog_show_bing_00017_3d_mesh.obj,D:\barc_3d_full_dataset_outputs\labrador\vton_images\labrador_labrador_dog_show_bing_00017_vton_L.png
485,labrador_labrador_dog_show_bing_00018,Labrador Retriever,89.8,26.4,64.4,L,1.044,Good Fit,D:\barc_3d_full_dataset_outputs\labrador\3d_meshes\labrador_labrador_dog_show_bing_00018_3d_mesh.obj,D:\barc_3d_full_dataset_outputs\labrador\vton_images\labrador_labrador_dog_show_bing_00018_vton_L.png
486,labrador_labrador_dog_show_bing_00019,Labrador Retriever,90.3,43.7,64.0,L,1.05,Good Fit,D:\barc_3d_full_dataset_outputs\labrador\3d_meshes\labrador_labrador_dog_show_bing_00019_3d_mesh.obj,D:\barc_3d_full_dataset_outputs\labrador\vton_images\labrador_labrador_dog_show_bing_00019_vton_L.png
487,labrador_labrador_dog_show_bing_00020,Labrador Retriever,81.5,62.6,72.1,L,0.948,Good Fit,D:\barc_3d_full_dataset_outputs\labrador\3d_meshes\labrador_labrador_dog_show_bing_00020_3d_mesh.obj,D:\barc_3d_full_dataset_outputs\labrador\vton_images\labrador_labrador_dog_show_bing_00020_vton_L.png
488,labrador_labrador_dog_show_bing_00021,Labrador Retriever,168.6,54.1,67.8,XL,1.703,Tight,D:\barc_3d_full_dataset_outputs\labrador\3d_meshes\labrador_labrador_dog_show_bing_00021_3d_mesh.obj,D:\barc_3d_full_dataset_outputs\labrador\vton_images\labrador_labrador_dog_show_bing_00021_vton_XL.png
489,labrador_labrador_dog_show_bing_00022,Labrador Retriever,99.0,52.0,73.9,XL,1.0,Good Fit,D:\barc_3d_full_dataset_outputs\labrador\3d_meshes\labrador_labrador_dog_show_bing_00022_3d_mesh.obj,D:\barc_3d_full_dataset_outputs\labrador\vton_images\labrador_labrador_dog_show_bing_00022_vton_XL.png
490,labrador_labrador_dog_show_bing_00023,Labrador Retriever,89.9,43.8,71.2,L,1.045,Good Fit,D:\barc_3d_full_dataset_outputs\labrador\3d_meshes\labrador_labrador_dog_show_bing_00023_3d_mesh.obj,D:\barc_3d_full_dataset_outputs\labrador\vton_images\labrador_labrador_dog_show_bing_00023_vton_L.png
491,labrador_labrador_dog_show_bing_00024,Labrador Retriever,120.4,25.6,78.8,XL,1.216,Tight,D:\barc_3d_full_dataset_outputs\labrador\3d_meshes\labrador_labrador_dog_show_bing_00024_3d_mesh.obj,D:\barc_3d_full_dataset_outputs\labrador\vton_images\labrador_labrador_dog_show_bing_00024_vton_XL.png
492,labrador_labrador_dog_show_bing_00025,Labrador Retriever,91.0,4.3,84.7,L,1.058,Good Fit,D:\barc_3d_full_dataset_outputs\labrador\3d_meshes\labrador_labrador_dog_show_bing_00025_3d_mesh.obj,D:\barc_3d_full_dataset_outputs\labrador\vton_images\labrador_labrador_dog_show_bing_00025_vton_L.png
493,labrador_labrador_dog_show_bing_00026,Labrador Retriever,79.8,108.9,52.4,M,1.064,Good Fit,D:\barc_3d_full_dataset_outputs\labrador\3d_meshes\labrador_labrador_dog_show_bing_00026_3d_mesh.obj,D:\barc_3d_full_dataset_outputs\labrador\vton_images\labrador_labrador_dog_show_bing_00026_vton_M.png
494,labrador_labrador_dog_show_bing_00027,Labrador Retriever,82.3,5.4,66.4,L,0.957,Good Fit,D:\barc_3d_full_dataset_outputs\labrador\3d_meshes\labrador_labrador_dog_show_bing_00027_3d_mesh.obj,D:\barc_3d_full_dataset_outputs\labrador\vton_images\labrador_labrador_dog_show_bing_00027_vton_L.png
495,labrador_labrador_dog_show_bing_00028,Labrador Retriever,79.6,50.6,74.4,M,1.061,Good Fit,D:\barc_3d_full_dataset_outputs\labrador\3d_meshes\labrador_labrador_dog_show_bing_00028_3d_mesh.obj,D:\barc_3d_full_dataset_outputs\labrador\vton_images\labrador_labrador_dog_show_bing_00028_vton_M.png
496,labrador_labrador_dog_show_bing_00029,Labrador Retriever,87.1,39.7,85.1,L,1.013,Good Fit,D:\barc_3d_full_dataset_outputs\labrador\3d_meshes\labrador_labrador_dog_show_bing_00029_3d_mesh.obj,D:\barc_3d_full_dataset_outputs\labrador\vton_images\labrador_labrador_dog_show_bing_00029_vton_L.png
497,labrador_labrador_dog_show_bing_00030,Labrador Retriever,128.5,46.5,71.3,XL,1.298,Tight,D:\barc_3d_full_dataset_outputs\labrador\3d_meshes\labrador_labrador_dog_show_bing_00030_3d_mesh.obj,D:\barc_3d_full_dataset_outputs\labrador\vton_images\labrador_labrador_dog_show_bing_00030_vton_XL.png
498,labrador_labrador_dog_show_bing_00031,Labrador Retriever,73.5,48.8,61.5,M,0.98,Good Fit,D:\barc_3d_full_dataset_outputs\labrador\3d_meshes\labrador_labrador_dog_show_bing_00031_3d_mesh.obj,D:\barc_3d_full_dataset_outputs\labrador\vton_images\labrador_labrador_dog_show_bing_00031_vton_M.png
499,labrador_labrador_dog_show_bing_00032,Labrador Retriever,78.3,48.4,65.7,M,1.044,Good Fit,D:\barc_3d_full_dataset_outputs\labrador\3d_meshes\labrador_labrador_dog_show_bing_00032_3d_mesh.obj,D:\barc_3d_full_dataset_outputs\labrador\vton_images\labrador_labrador_dog_show_bing_00032_vton_M.png
500,labrador_labrador_dog_show_bing_00033,Labrador Retriever,71.5,59.8,81.3,M,0.953,Good Fit,D:\barc_3d_full_dataset_outputs\labrador\3d_meshes\labrador_labrador_dog_show_bing_00033_3d_mesh.obj,D:\barc_3d_full_dataset_outputs\labrador\vton_images\labrador_labrador_dog_show_bing_00033_vton_M.png
501,labrador_labrador_dog_show_bing_00034,Labrador Retriever,123.5,127.5,82.0,XL,1.247,Tight,D:\barc_3d_full_dataset_outputs\labrador\3d_meshes\labrador_labrador_dog_show_bing_00034_3d_mesh.obj,D:\barc_3d_full_dataset_outputs\labrador\vton_images\labrador_labrador_dog_show_bing_00034_vton_XL.png
502,labrador_labrador_dog_show_bing_00035,Labrador Retriever,81.8,39.1,64.6,L,0.951,Good Fit,D:\barc_3d_full_dataset_outputs\labrador\3d_meshes\labrador_labrador_dog_show_bing_00035_3d_mesh.obj,D:\barc_3d_full_dataset_outputs\labrador\vton_images\labrador_labrador_dog_show_bing_00035_vton_L.png
503,labrador_labrador_dog_show_bing_00036,Labrador Retriever,78.2,48.9,65.5,M,1.043,Good Fit,D:\barc_3d_full_dataset_outputs\labrador\3d_meshes\labrador_labrador_dog_show_bing_00036_3d_mesh.obj,D:\barc_3d_full_dataset_outputs\labrador\vton_images\labrador_labrador_dog_show_bing_00036_vton_M.png
504,labrador_labrador_dog_show_bing_00037,Labrador Retriever,78.0,54.7,64.0,M,1.04,Good Fit,D:\barc_3d_full_dataset_outputs\labrador\3d_meshes\labrador_labrador_dog_show_bing_00037_3d_mesh.obj,D:\barc_3d_full_dataset_outputs\labrador\vton_images\labrador_labrador_dog_show_bing_00037_vton_M.png
505,labrador_labrador_dog_show_bing_00038,Labrador Retriever,87.7,51.1,70.6,L,1.02,Good Fit,D:\barc_3d_full_dataset_outputs\labrador\3d_meshes\labrador_labrador_dog_show_bing_00038_3d_mesh.obj,D:\barc_3d_full_dataset_outputs\labrador\vton_images\labrador_labrador_dog_show_bing_00038_vton_L.png
506,labrador_labrador_dog_show_bing_00039,Labrador Retriever,157.3,78.7,73.1,XL,1.589,Tight,D:\barc_3d_full_dataset_outputs\labrador\3d_meshes\labrador_labrador_dog_show_bing_00039_3d_mesh.obj,D:\barc_3d_full_dataset_outputs\labrador\vton_images\labrador_labrador_dog_show_bing_00039_vton_XL.png
507,labrador_labrador_dog_show_bing_00040,Labrador Retriever,80.6,49.1,66.4,L,0.937,Loose,D:\barc_3d_full_dataset_outputs\labrador\3d_meshes\labrador_labrador_dog_show_bing_00040_3d_mesh.obj,D:\barc_3d_full_dataset_outputs\labrador\vton_images\labrador_labrador_dog_show_bing_00040_vton_L.png
508,labrador_labrador_dog_show_bing_00041,Labrador Retriever,80.6,112.2,68.5,L,0.937,Loose,D:\barc_3d_full_dataset_outputs\labrador\3d_meshes\labrador_labrador_dog_show_bing_00041_3d_mesh.obj,D:\barc_3d_full_dataset_outputs\labrador\vton_images\labrador_labrador_dog_show_bing_00041_vton_L.png
509,labrador_labrador_dog_show_bing_00042,Labrador Retriever,70.2,47.1,56.6,M,0.936,Good Fit,D:\barc_3d_full_dataset_outputs\labrador\3d_meshes\labrador_labrador_dog_show_bing_00042_3d_mesh.obj,D:\barc_3d_full_dataset_outputs\labrador\vton_images\labrador_labrador_dog_show_bing_00042_vton_M.png
510,labrador_labrador_dog_show_bing_00043,Labrador Retriever,92.0,41.2,67.2,L,1.07,Tight,D:\barc_3d_full_dataset_outputs\labrador\3d_meshes\labrador_labrador_dog_show_bing_00043_3d_mesh.obj,D:\barc_3d_full_dataset_outputs\labrador\vton_images\labrador_labrador_dog_show_bing_00043_vton_L.png
511,labrador_labrador_dog_show_bing_00044,Labrador Retriever,107.1,43.0,65.4,XL,1.082,Tight,D:\barc_3d_full_dataset_outputs\labrador\3d_meshes\labrador_labrador_dog_show_bing_00044_3d_mesh.obj,D:\barc_3d_full_dataset_outputs\labrador\vton_images\labrador_labrador_dog_show_bing_00044_vton_XL.png
512,labrador_labrador_dog_show_bing_00045,Labrador Retriever,87.0,42.4,64.9,L,1.012,Good Fit,D:\barc_3d_full_dataset_outputs\labrador\3d_meshes\labrador_labrador_dog_show_bing_00045_3d_mesh.obj,D:\barc_3d_full_dataset_outputs\labrador\vton_images\labrador_labrador_dog_show_bing_00045_vton_L.png
513,labrador_labrador_dog_show_bing_00046,Labrador Retriever,82.8,53.1,70.0,L,0.963,Good Fit,D:\barc_3d_full_dataset_outputs\labrador\3d_meshes\labrador_labrador_dog_show_bing_00046_3d_mesh.obj,D:\barc_3d_full_dataset_outputs\labrador\vton_images\labrador_labrador_dog_show_bing_00046_vton_L.png
514,labrador_labrador_dog_show_bing_00047,Labrador Retriever,84.6,113.2,69.0,L,0.984,Good Fit,D:\barc_3d_full_dataset_outputs\labrador\3d_meshes\labrador_labrador_dog_show_bing_00047_3d_mesh.obj,D:\barc_3d_full_dataset_outputs\labrador\vton_images\labrador_labrador_dog_show_bing_00047_vton_L.png
515,labrador_labrador_dog_show_bing_00048,Labrador Retriever,112.5,60.5,56.7,XL,1.136,Tight,D:\barc_3d_full_dataset_outputs\labrador\3d_meshes\labrador_labrador_dog_show_bing_00048_3d_mesh.obj,D:\barc_3d_full_dataset_outputs\labrador\vton_images\labrador_labrador_dog_show_bing_00048_vton_XL.png
516,labrador_labrador_dog_show_bing_00049,Labrador Retriever,109.5,4.2,57.3,XL,1.106,Tight,D:\barc_3d_full_dataset_outputs\labrador\3d_meshes\labrador_labrador_dog_show_bing_00049_3d_mesh.obj,D:\barc_3d_full_dataset_outputs\labrador\vton_images\labrador_labrador_dog_show_bing_00049_vton_XL.png
517,labrador_labrador_dog_show_bing_00050,Labrador Retriever,91.5,52.7,55.1,L,1.064,Tight,D:\barc_3d_full_dataset_outputs\labrador\3d_meshes\labrador_labrador_dog_show_bing_00050_3d_mesh.obj,D:\barc_3d_full_dataset_outputs\labrador\vton_images\labrador_labrador_dog_show_bing_00050_vton_L.png
518,labrador_labrador_dog_show_bing_00051,Labrador Retriever,98.7,51.3,70.4,XL,0.997,Good Fit,D:\barc_3d_full_dataset_outputs\labrador\3d_meshes\labrador_labrador_dog_show_bing_00051_3d_mesh.obj,D:\barc_3d_full_dataset_outputs\labrador\vton_images\labrador_labrador_dog_show_bing_00051_vton_XL.png
519,labrador_labrador_dog_show_bing_00052,Labrador Retriever,77.8,51.3,69.3,M,1.037,Good Fit,D:\barc_3d_full_dataset_outputs\labrador\3d_meshes\labrador_labrador_dog_show_bing_00052_3d_mesh.obj,D:\barc_3d_full_dataset_outputs\labrador\vton_images\labrador_labrador_dog_show_bing_00052_vton_M.png
520,labrador_labrador_dog_show_bing_00053,Labrador Retriever,79.7,34.4,64.9,M,1.063,Good Fit,D:\barc_3d_full_dataset_outputs\labrador\3d_meshes\labrador_labrador_dog_show_bing_00053_3d_mesh.obj,D:\barc_3d_full_dataset_outputs\labrador\vton_images\labrador_labrador_dog_show_bing_00053_vton_M.png
521,labrador_labrador_dog_show_bing_00054,Labrador Retriever,153.6,50.0,71.8,XL,1.552,Tight,D:\barc_3d_full_dataset_outputs\labrador\3d_meshes\labrador_labrador_dog_show_bing_00054_3d_mesh.obj,D:\barc_3d_full_dataset_outputs\labrador\vton_images\labrador_labrador_dog_show_bing_00054_vton_XL.png
522,labrador_labrador_dog_show_bing_00055,Labrador Retriever,110.6,46.5,74.8,XL,1.117,Tight,D:\barc_3d_full_dataset_outputs\labrador\3d_meshes\labrador_labrador_dog_show_bing_00055_3d_mesh.obj,D:\barc_3d_full_dataset_outputs\labrador\vton_images\labrador_labrador_dog_show_bing_00055_vton_XL.png
523,labrador_labrador_dog_show_bing_00056,Labrador Retriever,102.5,60.9,66.3,XL,1.035,Good Fit,D:\barc_3d_full_dataset_outputs\labrador\3d_meshes\labrador_labrador_dog_show_bing_00056_3d_mesh.obj,D:\barc_3d_full_dataset_outputs\labrador\vton_images\labrador_labrador_dog_show_bing_00056_vton_XL.png
524,labrador_labrador_dog_show_bing_00057,Labrador Retriever,83.5,50.6,60.7,L,0.971,Good Fit,D:\barc_3d_full_dataset_outputs\labrador\3d_meshes\labrador_labrador_dog_show_bing_00057_3d_mesh.obj,D:\barc_3d_full_dataset_outputs\labrador\vton_images\labrador_labrador_dog_show_bing_00057_vton_L.png
525,labrador_labrador_dog_show_bing_00058,Labrador Retriever,90.4,42.4,60.4,L,1.051,Good Fit,D:\barc_3d_full_dataset_outputs\labrador\3d_meshes\labrador_labrador_dog_show_bing_00058_3d_mesh.obj,D:\barc_3d_full_dataset_outputs\labrador\vton_images\labrador_labrador_dog_show_bing_00058_vton_L.png
526,labrador_labrador_dog_show_bing_00059,Labrador Retriever,84.1,55.9,79.5,L,0.978,Good Fit,D:\barc_3d_full_dataset_outputs\labrador\3d_meshes\labrador_labrador_dog_show_bing_00059_3d_mesh.obj,D:\barc_3d_full_dataset_outputs\labrador\vton_images\labrador_labrador_dog_show_bing_00059_vton_L.png
527,labrador_labrador_dog_show_bing_00060,Labrador Retriever,89.5,44.9,60.5,L,1.041,Good Fit,D:\barc_3d_full_dataset_outputs\labrador\3d_meshes\labrador_labrador_dog_show_bing_00060_3d_mesh.obj,D:\barc_3d_full_dataset_outputs\labrador\vton_images\labrador_labrador_dog_show_bing_00060_vton_L.png
528,labrador_labrador_dog_show_bing_00061,Labrador Retriever,90.9,47.6,67.1,L,1.057,Good Fit,D:\barc_3d_full_dataset_outputs\labrador\3d_meshes\labrador_labrador_dog_show_bing_00061_3d_mesh.obj,D:\barc_3d_full_dataset_outputs\labrador\vton_images\labrador_labrador_dog_show_bing_00061_vton_L.png
529,labrador_labrador_dog_show_bing_00062,Labrador Retriever,80.4,45.0,71.1,M,1.072,Good Fit,D:\barc_3d_full_dataset_outputs\labrador\3d_meshes\labrador_labrador_dog_show_bing_00062_3d_mesh.obj,D:\barc_3d_full_dataset_outputs\labrador\vton_images\labrador_labrador_dog_show_bing_00062_vton_M.png
530,labrador_labrador_dog_show_bing_00063,Labrador Retriever,91.8,39.6,57.6,L,1.067,Tight,D:\barc_3d_full_dataset_outputs\labrador\3d_meshes\labrador_labrador_dog_show_bing_00063_3d_mesh.obj,D:\barc_3d_full_dataset_outputs\labrador\vton_images\labrador_labrador_dog_show_bing_00063_vton_L.png
531,labrador_labrador_dog_show_bing_00064,Labrador Retriever,89.6,91.8,62.4,L,1.042,Good Fit,D:\barc_3d_full_dataset_outputs\labrador\3d_meshes\labrador_labrador_dog_show_bing_00064_3d_mesh.obj,D:\barc_3d_full_dataset_outputs\labrador\vton_images\labrador_labrador_dog_show_bing_00064_vton_L.png
532,labrador_labrador_dog_show_bing_00065,Labrador Retriever,131.6,45.4,59.8,XL,1.329,Tight,D:\barc_3d_full_dataset_outputs\labrador\3d_meshes\labrador_labrador_dog_show_bing_00065_3d_mesh.obj,D:\barc_3d_full_dataset_outputs\labrador\vton_images\labrador_labrador_dog_show_bing_00065_vton_XL.png
533,labrador_labrador_dog_show_bing_00066,Labrador Retriever,91.4,112.7,60.3,L,1.063,Tight,D:\barc_3d_full_dataset_outputs\labrador\3d_meshes\labrador_labrador_dog_show_bing_00066_3d_mesh.obj,D:\barc_3d_full_dataset_outputs\labrador\vton_images\labrador_labrador_dog_show_bing_00066_vton_L.png
534,labrador_labrador_dog_show_bing_00067,Labrador Retriever,113.8,49.7,72.9,XL,1.149,Tight,D:\barc_3d_full_dataset_outputs\labrador\3d_meshes\labrador_labrador_dog_show_bing_00067_3d_mesh.obj,D:\barc_3d_full_dataset_outputs\labrador\vton_images\labrador_labrador_dog_show_bing_00067_vton_XL.png
535,labrador_labrador_dog_show_bing_00068,Labrador Retriever,106.3,41.4,63.6,XL,1.074,Good Fit,D:\barc_3d_full_dataset_outputs\labrador\3d_meshes\labrador_labrador_dog_show_bing_00068_3d_mesh.obj,D:\barc_3d_full_dataset_outputs\labrador\vton_images\labrador_labrador_dog_show_bing_00068_vton_XL.png
536,labrador_labrador_dog_show_bing_00069,Labrador Retriever,110.5,43.4,78.8,XL,1.116,Tight,D:\barc_3d_full_dataset_outputs\labrador\3d_meshes\labrador_labrador_dog_show_bing_00069_3d_mesh.obj,D:\barc_3d_full_dataset_outputs\labrador\vton_images\labrador_labrador_dog_show_bing_00069_vton_XL.png
537,labrador_labrador_dog_show_bing_00070,Labrador Retriever,101.9,47.1,66.2,XL,1.029,Good Fit,D:\barc_3d_full_dataset_outputs\labrador\3d_meshes\labrador_labrador_dog_show_bing_00070_3d_mesh.obj,D:\barc_3d_full_dataset_outputs\labrador\vton_images\labrador_labrador_dog_show_bing_00070_vton_XL.png
538,labrador_labrador_dog_show_bing_00071,Labrador Retriever,101.0,134.7,66.6,XL,1.02,Good Fit,D:\barc_3d_full_dataset_outputs\labrador\3d_meshes\labrador_labrador_dog_show_bing_00071_3d_mesh.obj,D:\barc_3d_full_dataset_outputs\labrador\vton_images\labrador_labrador_dog_show_bing_00071_vton_XL.png
539,labrador_labrador_dog_show_bing_00072,Labrador Retriever,85.5,53.0,71.4,L,0.994,Good Fit,D:\barc_3d_full_dataset_outputs\labrador\3d_meshes\labrador_labrador_dog_show_bing_00072_3d_mesh.obj,D:\barc_3d_full_dataset_outputs\labrador\vton_images\labrador_labrador_dog_show_bing_00072_vton_L.png
540,labrador_labrador_dog_show_bing_00073,Labrador Retriever,79.0,61.8,72.1,M,1.053,Good Fit,D:\barc_3d_full_dataset_outputs\labrador\3d_meshes\labrador_labrador_dog_show_bing_00073_3d_mesh.obj,D:\barc_3d_full_dataset_outputs\labrador\vton_images\labrador_labrador_dog_show_bing_00073_vton_M.png
541,labrador_labrador_dog_show_bing_00074,Labrador Retriever,94.2,37.0,78.7,XL,0.952,Good Fit,D:\barc_3d_full_dataset_outputs\labrador\3d_meshes\labrador_labrador_dog_show_bing_00074_3d_mesh.obj,D:\barc_3d_full_dataset_outputs\labrador\vton_images\labrador_labrador_dog_show_bing_00074_vton_XL.png
542,labrador_labrador_dog_show_bing_00075,Labrador Retriever,100.3,59.8,65.4,XL,1.013,Good Fit,D:\barc_3d_full_dataset_outputs\labrador\3d_meshes\labrador_labrador_dog_show_bing_00075_3d_mesh.obj,D:\barc_3d_full_dataset_outputs\labrador\vton_images\labrador_labrador_dog_show_bing_00075_vton_XL.png
543,labrador_labrador_dog_show_bing_00076,Labrador Retriever,104.4,149.2,96.1,XL,1.055,Good Fit,D:\barc_3d_full_dataset_outputs\labrador\3d_meshes\labrador_labrador_dog_show_bing_00076_3d_mesh.obj,D:\barc_3d_full_dataset_outputs\labrador\vton_images\labrador_labrador_dog_show_bing_00076_vton_XL.png
544,labrador_labrador_dog_show_bing_00077,Labrador Retriever,89.9,44.2,77.3,L,1.045,Good Fit,D:\barc_3d_full_dataset_outputs\labrador\3d_meshes\labrador_labrador_dog_show_bing_00077_3d_mesh.obj,D:\barc_3d_full_dataset_outputs\labrador\vton_images\labrador_labrador_dog_show_bing_00077_vton_L.png
545,labrador_labrador_dog_show_bing_00078,Labrador Retriever,104.8,107.7,65.9,XL,1.059,Good Fit,D:\barc_3d_full_dataset_outputs\labrador\3d_meshes\labrador_labrador_dog_show_bing_00078_3d_mesh.obj,D:\barc_3d_full_dataset_outputs\labrador\vton_images\labrador_labrador_dog_show_bing_00078_vton_XL.png
546,labrador_labrador_retriever_standing_side_profile_bing_00000,Labrador Retriever,135.5,49.1,66.2,XL,1.369,Tight,D:\barc_3d_full_dataset_outputs\labrador\3d_meshes\labrador_labrador_retriever_standing_side_profile_bing_00000_3d_mesh.obj,D:\barc_3d_full_dataset_outputs\labrador\vton_images\labrador_labrador_retriever_standing_side_profile_bing_00000_vton_XL.png
547,labrador_labrador_retriever_standing_side_profile_bing_00001,Labrador Retriever,99.1,53.1,76.8,XL,1.001,Good Fit,D:\barc_3d_full_dataset_outputs\labrador\3d_meshes\labrador_labrador_retriever_standing_side_profile_bing_00001_3d_mesh.obj,D:\barc_3d_full_dataset_outputs\labrador\vton_images\labrador_labrador_retriever_standing_side_profile_bing_00001_vton_XL.png
548,labrador_labrador_retriever_standing_side_profile_bing_00002,Labrador Retriever,107.3,46.2,83.4,XL,1.084,Tight,D:\barc_3d_full_dataset_outputs\labrador\3d_meshes\labrador_labrador_retriever_standing_side_profile_bing_00002_3d_mesh.obj,D:\barc_3d_full_dataset_outputs\labrador\vton_images\labrador_labrador_retriever_standing_side_profile_bing_00002_vton_XL.png
549,labrador_labrador_retriever_standing_side_profile_bing_00003,Labrador Retriever,92.4,47.5,68.6,L,1.074,Tight,D:\barc_3d_full_dataset_outputs\labrador\3d_meshes\labrador_labrador_retriever_standing_side_profile_bing_00003_3d_mesh.obj,D:\barc_3d_full_dataset_outputs\labrador\vton_images\labrador_labrador_retriever_standing_side_profile_bing_00003_vton_L.png
550,labrador_labrador_retriever_standing_side_profile_bing_00004,Labrador Retriever,98.8,47.1,67.8,XL,0.998,Good Fit,D:\barc_3d_full_dataset_outputs\labrador\3d_meshes\labrador_labrador_retriever_standing_side_profile_bing_00004_3d_mesh.obj,D:\barc_3d_full_dataset_outputs\labrador\vton_images\labrador_labrador_retriever_standing_side_profile_bing_00004_vton_XL.png
551,labrador_labrador_retriever_standing_side_profile_bing_00005,Labrador Retriever,90.2,55.6,68.5,L,1.049,Good Fit,D:\barc_3d_full_dataset_outputs\labrador\3d_meshes\labrador_labrador_retriever_standing_side_profile_bing_00005_3d_mesh.obj,D:\barc_3d_full_dataset_outputs\labrador\vton_images\labrador_labrador_retriever_standing_side_profile_bing_00005_vton_L.png
552,labrador_labrador_retriever_standing_side_profile_bing_00006,Labrador Retriever,88.6,62.9,84.4,L,1.03,Good Fit,D:\barc_3d_full_dataset_outputs\labrador\3d_meshes\labrador_labrador_retriever_standing_side_profile_bing_00006_3d_mesh.obj,D:\barc_3d_full_dataset_outputs\labrador\vton_images\labrador_labrador_retriever_standing_side_profile_bing_00006_vton_L.png
553,labrador_labrador_retriever_standing_side_profile_bing_00007,Labrador Retriever,109.1,44.2,68.5,XL,1.102,Tight,D:\barc_3d_full_dataset_outputs\labrador\3d_meshes\labrador_labrador_retriever_standing_side_profile_bing_00007_3d_mesh.obj,D:\barc_3d_full_dataset_outputs\labrador\vton_images\labrador_labrador_retriever_standing_side_profile_bing_00007_vton_XL.png
554,labrador_labrador_retriever_standing_side_profile_bing_00008,Labrador Retriever,100.8,41.6,66.6,XL,1.018,Good Fit,D:\barc_3d_full_dataset_outputs\labrador\3d_meshes\labrador_labrador_retriever_standing_side_profile_bing_00008_3d_mesh.obj,D:\barc_3d_full_dataset_outputs\labrador\vton_images\labrador_labrador_retriever_standing_side_profile_bing_00008_vton_XL.png
555,labrador_labrador_retriever_standing_side_profile_bing_00009,Labrador Retriever,137.8,51.5,66.7,XL,1.392,Tight,D:\barc_3d_full_dataset_outputs\labrador\3d_meshes\labrador_labrador_retriever_standing_side_profile_bing_00009_3d_mesh.obj,D:\barc_3d_full_dataset_outputs\labrador\vton_images\labrador_labrador_retriever_standing_side_profile_bing_00009_vton_XL.png
556,labrador_labrador_retriever_standing_side_profile_bing_00010,Labrador Retriever,166.3,58.7,76.7,XL,1.68,Tight,D:\barc_3d_full_dataset_outputs\labrador\3d_meshes\labrador_labrador_retriever_standing_side_profile_bing_00010_3d_mesh.obj,D:\barc_3d_full_dataset_outputs\labrador\vton_images\labrador_labrador_retriever_standing_side_profile_bing_00010_vton_XL.png
557,labrador_labrador_retriever_standing_side_profile_bing_00011,Labrador Retriever,89.6,56.0,78.9,L,1.042,Good Fit,D:\barc_3d_full_dataset_outputs\labrador\3d_meshes\labrador_labrador_retriever_standing_side_profile_bing_00011_3d_mesh.obj,D:\barc_3d_full_dataset_outputs\labrador\vton_images\labrador_labrador_retriever_standing_side_profile_bing_00011_vton_L.png
558,labrador_labrador_retriever_standing_side_profile_bing_00012,Labrador Retriever,108.7,42.2,88.7,XL,1.098,Tight,D:\barc_3d_full_dataset_outputs\labrador\3d_meshes\labrador_labrador_retriever_standing_side_profile_bing_00012_3d_mesh.obj,D:\barc_3d_full_dataset_outputs\labrador\vton_images\labrador_labrador_retriever_standing_side_profile_bing_00012_vton_XL.png
559,labrador_labrador_retriever_standing_side_profile_bing_00013,Labrador Retriever,89.4,64.0,86.4,L,1.04,Good Fit,D:\barc_3d_full_dataset_outputs\labrador\3d_meshes\labrador_labrador_retriever_standing_side_profile_bing_00013_3d_mesh.obj,D:\barc_3d_full_dataset_outputs\labrador\vton_images\labrador_labrador_retriever_standing_side_profile_bing_00013_vton_L.png
560,labrador_labrador_retriever_standing_side_profile_bing_00014,Labrador Retriever,95.4,58.2,75.5,XL,0.964,Good Fit,D:\barc_3d_full_dataset_outputs\labrador\3d_meshes\labrador_labrador_retriever_standing_side_profile_bing_00014_3d_mesh.obj,D:\barc_3d_full_dataset_outputs\labrador\vton_images\labrador_labrador_retriever_standing_side_profile_bing_00014_vton_XL.png
561,labrador_labrador_retriever_standing_side_profile_bing_00015,Labrador Retriever,93.5,59.2,83.5,XL,0.944,Good Fit,D:\barc_3d_full_dataset_outputs\labrador\3d_meshes\labrador_labrador_retriever_standing_side_profile_bing_00015_3d_mesh.obj,D:\barc_3d_full_dataset_outputs\labrador\vton_images\labrador_labrador_retriever_standing_side_profile_bing_00015_vton_XL.png
562,labrador_labrador_retriever_standing_side_profile_bing_00016,Labrador Retriever,91.6,43.0,62.5,L,1.065,Tight,D:\barc_3d_full_dataset_outputs\labrador\3d_meshes\labrador_labrador_retriever_standing_side_profile_bing_00016_3d_mesh.obj,D:\barc_3d_full_dataset_outputs\labrador\vton_images\labrador_labrador_retriever_standing_side_profile_bing_00016_vton_L.png
563,labrador_labrador_retriever_standing_side_profile_bing_00017,Labrador Retriever,92.4,52.8,71.8,L,1.074,Tight,D:\barc_3d_full_dataset_outputs\labrador\3d_meshes\labrador_labrador_retriever_standing_side_profile_bing_00017_3d_mesh.obj,D:\barc_3d_full_dataset_outputs\labrador\vton_images\labrador_labrador_retriever_standing_side_profile_bing_00017_vton_L.png
564,labrador_labrador_retriever_standing_side_profile_bing_00018,Labrador Retriever,115.6,54.7,77.4,XL,1.168,Tight,D:\barc_3d_full_dataset_outputs\labrador\3d_meshes\labrador_labrador_retriever_standing_side_profile_bing_00018_3d_mesh.obj,D:\barc_3d_full_dataset_outputs\labrador\vton_images\labrador_labrador_retriever_standing_side_profile_bing_00018_vton_XL.png
565,labrador_labrador_retriever_standing_side_profile_bing_00019,Labrador Retriever,116.2,53.5,73.7,XL,1.174,Tight,D:\barc_3d_full_dataset_outputs\labrador\3d_meshes\labrador_labrador_retriever_standing_side_profile_bing_00019_3d_mesh.obj,D:\barc_3d_full_dataset_outputs\labrador\vton_images\labrador_labrador_retriever_standing_side_profile_bing_00019_vton_XL.png
566,labrador_labrador_retriever_standing_side_profile_bing_00020,Labrador Retriever,91.5,57.5,75.8,L,1.064,Tight,D:\barc_3d_full_dataset_outputs\labrador\3d_meshes\labrador_labrador_retriever_standing_side_profile_bing_00020_3d_mesh.obj,D:\barc_3d_full_dataset_outputs\labrador\vton_images\labrador_labrador_retriever_standing_side_profile_bing_00020_vton_L.png
567,labrador_labrador_retriever_standing_side_profile_bing_00021,Labrador Retriever,98.8,46.6,70.3,XL,0.998,Good Fit,D:\barc_3d_full_dataset_outputs\labrador\3d_meshes\labrador_labrador_retriever_standing_side_profile_bing_00021_3d_mesh.obj,D:\barc_3d_full_dataset_outputs\labrador\vton_images\labrador_labrador_retriever_standing_side_profile_bing_00021_vton_XL.png
568,labrador_labrador_retriever_standing_side_profile_bing_00022,Labrador Retriever,102.6,88.5,73.0,XL,1.036,Good Fit,D:\barc_3d_full_dataset_outputs\labrador\3d_meshes\labrador_labrador_retriever_standing_side_profile_bing_00022_3d_mesh.obj,D:\barc_3d_full_dataset_outputs\labrador\vton_images\labrador_labrador_retriever_standing_side_profile_bing_00022_vton_XL.png
569,labrador_labrador_retriever_standing_side_profile_bing_00023,Labrador Retriever,106.1,21.0,67.6,XL,1.072,Good Fit,D:\barc_3d_full_dataset_outputs\labrador\3d_meshes\labrador_labrador_retriever_standing_side_profile_bing_00023_3d_mesh.obj,D:\barc_3d_full_dataset_outputs\labrador\vton_images\labrador_labrador_retriever_standing_side_profile_bing_00023_vton_XL.png
570,labrador_labrador_retriever_standing_side_profile_bing_00024,Labrador Retriever,86.3,55.0,73.7,L,1.003,Good Fit,D:\barc_3d_full_dataset_outputs\labrador\3d_meshes\labrador_labrador_retriever_standing_side_profile_bing_00024_3d_mesh.obj,D:\barc_3d_full_dataset_outputs\labrador\vton_images\labrador_labrador_retriever_standing_side_profile_bing_00024_vton_L.png
571,labrador_labrador_retriever_standing_side_profile_bing_00025,Labrador Retriever,94.8,55.8,85.8,XL,0.958,Good Fit,D:\barc_3d_full_dataset_outputs\labrador\3d_meshes\labrador_labrador_retriever_standing_side_profile_bing_00025_3d_mesh.obj,D:\barc_3d_full_dataset_outputs\labrador\vton_images\labrador_labrador_retriever_standing_side_profile_bing_00025_vton_XL.png
572,labrador_labrador_retriever_standing_side_profile_bing_00026,Labrador Retriever,94.1,9.1,58.2,XL,0.951,Good Fit,D:\barc_3d_full_dataset_outputs\labrador\3d_meshes\labrador_labrador_retriever_standing_side_profile_bing_00026_3d_mesh.obj,D:\barc_3d_full_dataset_outputs\labrador\vton_images\labrador_labrador_retriever_standing_side_profile_bing_00026_vton_XL.png
573,labrador_labrador_retriever_standing_side_profile_bing_00027,Labrador Retriever,103.2,38.8,80.5,XL,1.042,Good Fit,D:\barc_3d_full_dataset_outputs\labrador\3d_meshes\labrador_labrador_retriever_standing_side_profile_bing_00027_3d_mesh.obj,D:\barc_3d_full_dataset_outputs\labrador\vton_images\labrador_labrador_retriever_standing_side_profile_bing_00027_vton_XL.png
574,labrador_labrador_retriever_standing_side_profile_bing_00028,Labrador Retriever,92.4,57.3,76.8,L,1.074,Tight,D:\barc_3d_full_dataset_outputs\labrador\3d_meshes\labrador_labrador_retriever_standing_side_profile_bing_00028_3d_mesh.obj,D:\barc_3d_full_dataset_outputs\labrador\vton_images\labrador_labrador_retriever_standing_side_profile_bing_00028_vton_L.png
575,labrador_labrador_retriever_standing_side_profile_bing_00029,Labrador Retriever,102.8,35.6,52.4,XL,1.038,Good Fit,D:\barc_3d_full_dataset_outputs\labrador\3d_meshes\labrador_labrador_retriever_standing_side_profile_bing_00029_3d_mesh.obj,D:\barc_3d_full_dataset_outputs\labrador\vton_images\labrador_labrador_retriever_standing_side_profile_bing_00029_vton_XL.png
576,labrador_labrador_retriever_standing_side_profile_bing_00030,Labrador Retriever,80.6,110.4,75.5,L,0.937,Loose,D:\barc_3d_full_dataset_outputs\labrador\3d_meshes\labrador_labrador_retriever_standing_side_profile_bing_00030_3d_mesh.obj,D:\barc_3d_full_dataset_outputs\labrador\vton_images\labrador_labrador_retriever_standing_side_profile_bing_00030_vton_L.png
577,labrador_labrador_retriever_standing_side_profile_bing_00031,Labrador Retriever,109.7,43.9,78.4,XL,1.108,Tight,D:\barc_3d_full_dataset_outputs\labrador\3d_meshes\labrador_labrador_retriever_standing_side_profile_bing_00031_3d_mesh.obj,D:\barc_3d_full_dataset_outputs\labrador\vton_images\labrador_labrador_retriever_standing_side_profile_bing_00031_vton_XL.png
578,labrador_labrador_retriever_standing_side_profile_bing_00032,Labrador Retriever,100.5,48.1,59.1,XL,1.015,Good Fit,D:\barc_3d_full_dataset_outputs\labrador\3d_meshes\labrador_labrador_retriever_standing_side_profile_bing_00032_3d_mesh.obj,D:\barc_3d_full_dataset_outputs\labrador\vton_images\labrador_labrador_retriever_standing_side_profile_bing_00032_vton_XL.png
579,labrador_labrador_retriever_standing_side_profile_bing_00033,Labrador Retriever,101.7,50.9,73.3,XL,1.027,Good Fit,D:\barc_3d_full_dataset_outputs\labrador\3d_meshes\labrador_labrador_retriever_standing_side_profile_bing_00033_3d_mesh.obj,D:\barc_3d_full_dataset_outputs\labrador\vton_images\labrador_labrador_retriever_standing_side_profile_bing_00033_vton_XL.png
580,labrador_labrador_retriever_standing_side_profile_bing_00034,Labrador Retriever,101.5,60.5,71.9,XL,1.025,Good Fit,D:\barc_3d_full_dataset_outputs\labrador\3d_meshes\labrador_labrador_retriever_standing_side_profile_bing_00034_3d_mesh.obj,D:\barc_3d_full_dataset_outputs\labrador\vton_images\labrador_labrador_retriever_standing_side_profile_bing_00034_vton_XL.png
581,labrador_labrador_retriever_standing_side_profile_bing_00035,Labrador Retriever,90.0,54.1,67.6,L,1.047,Good Fit,D:\barc_3d_full_dataset_outputs\labrador\3d_meshes\labrador_labrador_retriever_standing_side_profile_bing_00035_3d_mesh.obj,D:\barc_3d_full_dataset_outputs\labrador\vton_images\labrador_labrador_retriever_standing_side_profile_bing_00035_vton_L.png
582,labrador_labrador_retriever_standing_side_profile_bing_00036,Labrador Retriever,87.4,55.3,81.5,L,1.016,Good Fit,D:\barc_3d_full_dataset_outputs\labrador\3d_meshes\labrador_labrador_retriever_standing_side_profile_bing_00036_3d_mesh.obj,D:\barc_3d_full_dataset_outputs\labrador\vton_images\labrador_labrador_retriever_standing_side_profile_bing_00036_vton_L.png
583,labrador_labrador_retriever_standing_side_profile_bing_00037,Labrador Retriever,93.9,33.1,65.3,XL,0.948,Good Fit,D:\barc_3d_full_dataset_outputs\labrador\3d_meshes\labrador_labrador_retriever_standing_side_profile_bing_00037_3d_mesh.obj,D:\barc_3d_full_dataset_outputs\labrador\vton_images\labrador_labrador_retriever_standing_side_profile_bing_00037_vton_XL.png
584,labrador_labrador_retriever_standing_side_profile_bing_00038,Labrador Retriever,93.9,59.5,76.7,XL,0.948,Good Fit,D:\barc_3d_full_dataset_outputs\labrador\3d_meshes\labrador_labrador_retriever_standing_side_profile_bing_00038_3d_mesh.obj,D:\barc_3d_full_dataset_outputs\labrador\vton_images\labrador_labrador_retriever_standing_side_profile_bing_00038_vton_XL.png
585,labrador_labrador_retriever_standing_side_profile_bing_00039,Labrador Retriever,89.4,58.8,69.2,L,1.04,Good Fit,D:\barc_3d_full_dataset_outputs\labrador\3d_meshes\labrador_labrador_retriever_standing_side_profile_bing_00039_3d_mesh.obj,D:\barc_3d_full_dataset_outputs\labrador\vton_images\labrador_labrador_retriever_standing_side_profile_bing_00039_vton_L.png
586,labrador_labrador_retriever_standing_side_profile_bing_00040,Labrador Retriever,94.8,62.0,81.0,XL,0.958,Good Fit,D:\barc_3d_full_dataset_outputs\labrador\3d_meshes\labrador_labrador_retriever_standing_side_profile_bing_00040_3d_mesh.obj,D:\barc_3d_full_dataset_outputs\labrador\vton_images\labrador_labrador_retriever_standing_side_profile_bing_00040_vton_XL.png
587,labrador_labrador_retriever_standing_side_profile_bing_00041,Labrador Retriever,110.2,53.1,75.2,XL,1.113,Tight,D:\barc_3d_full_dataset_outputs\labrador\3d_meshes\labrador_labrador_retriever_standing_side_profile_bing_00041_3d_mesh.obj,D:\barc_3d_full_dataset_outputs\labrador\vton_images\labrador_labrador_retriever_standing_side_profile_bing_00041_vton_XL.png
588,labrador_labrador_retriever_standing_side_profile_bing_00042,Labrador Retriever,88.1,63.1,85.6,L,1.024,Good Fit,D:\barc_3d_full_dataset_outputs\labrador\3d_meshes\labrador_labrador_retriever_standing_side_profile_bing_00042_3d_mesh.obj,D:\barc_3d_full_dataset_outputs\labrador\vton_images\labrador_labrador_retriever_standing_side_profile_bing_00042_vton_L.png
589,labrador_labrador_retriever_standing_side_profile_bing_00043,Labrador Retriever,101.6,59.2,78.6,XL,1.026,Good Fit,D:\barc_3d_full_dataset_outputs\labrador\3d_meshes\labrador_labrador_retriever_standing_side_profile_bing_00043_3d_mesh.obj,D:\barc_3d_full_dataset_outputs\labrador\vton_images\labrador_labrador_retriever_standing_side_profile_bing_00043_vton_XL.png
590,labrador_labrador_retriever_standing_side_profile_bing_00044,Labrador Retriever,83.1,53.9,75.3,L,0.966,Good Fit,D:\barc_3d_full_dataset_outputs\labrador\3d_meshes\labrador_labrador_retriever_standing_side_profile_bing_00044_3d_mesh.obj,D:\barc_3d_full_dataset_outputs\labrador\vton_images\labrador_labrador_retriever_standing_side_profile_bing_00044_vton_L.png
591,labrador_labrador_retriever_standing_side_profile_bing_00045,Labrador Retriever,92.8,60.4,83.7,XL,0.937,Good Fit,D:\barc_3d_full_dataset_outputs\labrador\3d_meshes\labrador_labrador_retriever_standing_side_profile_bing_00045_3d_mesh.obj,D:\barc_3d_full_dataset_outputs\labrador\vton_images\labrador_labrador_retriever_standing_side_profile_bing_00045_vton_XL.png
592,labrador_labrador_retriever_standing_side_profile_bing_00046,Labrador Retriever,100.5,49.6,67.4,XL,1.015,Good Fit,D:\barc_3d_full_dataset_outputs\labrador\3d_meshes\labrador_labrador_retriever_standing_side_profile_bing_00046_3d_mesh.obj,D:\barc_3d_full_dataset_outputs\labrador\vton_images\labrador_labrador_retriever_standing_side_profile_bing_00046_vton_XL.png
593,labrador_labrador_retriever_standing_side_profile_bing_00047,Labrador Retriever,87.4,65.5,60.6,L,1.016,Good Fit,D:\barc_3d_full_dataset_outputs\labrador\3d_meshes\labrador_labrador_retriever_standing_side_profile_bing_00047_3d_mesh.obj,D:\barc_3d_full_dataset_outputs\labrador\vton_images\labrador_labrador_retriever_standing_side_profile_bing_00047_vton_L.png
594,labrador_labrador_retriever_standing_side_profile_bing_00048,Labrador Retriever,88.4,59.5,81.2,L,1.028,Good Fit,D:\barc_3d_full_dataset_outputs\labrador\3d_meshes\labrador_labrador_retriever_standing_side_profile_bing_00048_3d_mesh.obj,D:\barc_3d_full_dataset_outputs\labrador\vton_images\labrador_labrador_retriever_standing_side_profile_bing_00048_vton_L.png
595,labrador_labrador_retriever_standing_side_profile_bing_00049,Labrador Retriever,84.6,60.8,81.2,L,0.984,Good Fit,D:\barc_3d_full_dataset_outputs\labrador\3d_meshes\labrador_labrador_retriever_standing_side_profile_bing_00049_3d_mesh.obj,D:\barc_3d_full_dataset_outputs\labrador\vton_images\labrador_labrador_retriever_standing_side_profile_bing_00049_vton_L.png
596,labrador_labrador_retriever_standing_side_profile_bing_00050,Labrador Retriever,89.8,56.0,76.5,L,1.044,Good Fit,D:\barc_3d_full_dataset_outputs\labrador\3d_meshes\labrador_labrador_retriever_standing_side_profile_bing_00050_3d_mesh.obj,D:\barc_3d_full_dataset_outputs\labrador\vton_images\labrador_labrador_retriever_standing_side_profile_bing_00050_vton_L.png
597,labrador_labrador_retriever_standing_side_profile_bing_00051,Labrador Retriever,123.2,47.2,69.4,XL,1.244,Tight,D:\barc_3d_full_dataset_outputs\labrador\3d_meshes\labrador_labrador_retriever_standing_side_profile_bing_00051_3d_mesh.obj,D:\barc_3d_full_dataset_outputs\labrador\vton_images\labrador_labrador_retriever_standing_side_profile_bing_00051_vton_XL.png
598,labrador_labrador_retriever_standing_side_profile_bing_00052,Labrador Retriever,79.8,50.3,62.7,M,1.064,Good Fit,D:\barc_3d_full_dataset_outputs\labrador\3d_meshes\labrador_labrador_retriever_standing_side_profile_bing_00052_3d_mesh.obj,D:\barc_3d_full_dataset_outputs\labrador\vton_images\labrador_labrador_retriever_standing_side_profile_bing_00052_vton_M.png
599,labrador_labrador_retriever_standing_side_profile_bing_00053,Labrador Retriever,91.2,57.1,76.1,L,1.06,Tight,D:\barc_3d_full_dataset_outputs\labrador\3d_meshes\labrador_labrador_retriever_standing_side_profile_bing_00053_3d_mesh.obj,D:\barc_3d_full_dataset_outputs\labrador\vton_images\labrador_labrador_retriever_standing_side_profile_bing_00053_vton_L.png
600,labrador_labrador_retriever_standing_side_profile_bing_00054,Labrador Retriever,108.1,44.9,58.0,XL,1.092,Tight,D:\barc_3d_full_dataset_outputs\labrador\3d_meshes\labrador_labrador_retriever_standing_side_profile_bing_00054_3d_mesh.obj,D:\barc_3d_full_dataset_outputs\labrador\vton_images\labrador_labrador_retriever_standing_side_profile_bing_00054_vton_XL.png
601,labrador_labrador_retriever_standing_side_profile_bing_00055,Labrador Retriever,96.6,61.1,81.5,XL,0.976,Good Fit,D:\barc_3d_full_dataset_outputs\labrador\3d_meshes\labrador_labrador_retriever_standing_side_profile_bing_00055_3d_mesh.obj,D:\barc_3d_full_dataset_outputs\labrador\vton_images\labrador_labrador_retriever_standing_side_profile_bing_00055_vton_XL.png
602,labrador_labrador_retriever_standing_side_profile_bing_00056,Labrador Retriever,92.6,94.8,83.3,XL,0.935,Good Fit,D:\barc_3d_full_dataset_outputs\labrador\3d_meshes\labrador_labrador_retriever_standing_side_profile_bing_00056_3d_mesh.obj,D:\barc_3d_full_dataset_outputs\labrador\vton_images\labrador_labrador_retriever_standing_side_profile_bing_00056_vton_XL.png
603,labrador_labrador_retriever_standing_side_profile_bing_00057,Labrador Retriever,93.4,60.9,70.1,XL,0.943,Good Fit,D:\barc_3d_full_dataset_outputs\labrador\3d_meshes\labrador_labrador_retriever_standing_side_profile_bing_00057_3d_mesh.obj,D:\barc_3d_full_dataset_outputs\labrador\vton_images\labrador_labrador_retriever_standing_side_profile_bing_00057_vton_XL.png
604,labrador_labrador_retriever_standing_side_profile_bing_00058,Labrador Retriever,91.2,51.2,67.9,L,1.06,Tight,D:\barc_3d_full_dataset_outputs\labrador\3d_meshes\labrador_labrador_retriever_standing_side_profile_bing_00058_3d_mesh.obj,D:\barc_3d_full_dataset_outputs\labrador\vton_images\labrador_labrador_retriever_standing_side_profile_bing_00058_vton_L.png
605,labrador_labrador_retriever_standing_side_profile_bing_00059,Labrador Retriever,101.3,37.1,74.8,XL,1.023,Good Fit,D:\barc_3d_full_dataset_outputs\labrador\3d_meshes\labrador_labrador_retriever_standing_side_profile_bing_00059_3d_mesh.obj,D:\barc_3d_full_dataset_outputs\labrador\vton_images\labrador_labrador_retriever_standing_side_profile_bing_00059_vton_XL.png
606,labrador_labrador_retriever_standing_side_profile_bing_00060,Labrador Retriever,80.0,47.3,68.2,M,1.067,Good Fit,D:\barc_3d_full_dataset_outputs\labrador\3d_meshes\labrador_labrador_retriever_standing_side_profile_bing_00060_3d_mesh.obj,D:\barc_3d_full_dataset_outputs\labrador\vton_images\labrador_labrador_retriever_standing_side_profile_bing_00060_vton_M.png
607,labrador_labrador_retriever_standing_side_profile_bing_00061,Labrador Retriever,94.9,64.0,85.2,XL,0.959,Good Fit,D:\barc_3d_full_dataset_outputs\labrador\3d_meshes\labrador_labrador_retriever_standing_side_profile_bing_00061_3d_mesh.obj,D:\barc_3d_full_dataset_outputs\labrador\vton_images\labrador_labrador_retriever_standing_side_profile_bing_00061_vton_XL.png
608,labrador_labrador_retriever_standing_side_profile_bing_00062,Labrador Retriever,90.9,50.8,71.4,L,1.057,Good Fit,D:\barc_3d_full_dataset_outputs\labrador\3d_meshes\labrador_labrador_retriever_standing_side_profile_bing_00062_3d_mesh.obj,D:\barc_3d_full_dataset_outputs\labrador\vton_images\labrador_labrador_retriever_standing_side_profile_bing_00062_vton_L.png
609,labrador_labrador_retriever_standing_side_profile_bing_00063,Labrador Retriever,91.8,49.8,70.9,L,1.067,Tight,D:\barc_3d_full_dataset_outputs\labrador\3d_meshes\labrador_labrador_retriever_standing_side_profile_bing_00063_3d_mesh.obj,D:\barc_3d_full_dataset_outputs\labrador\vton_images\labrador_labrador_retriever_standing_side_profile_bing_00063_vton_L.png
610,labrador_labrador_retriever_standing_side_profile_bing_00064,Labrador Retriever,88.6,56.8,61.5,L,1.03,Good Fit,D:\barc_3d_full_dataset_outputs\labrador\3d_meshes\labrador_labrador_retriever_standing_side_profile_bing_00064_3d_mesh.obj,D:\barc_3d_full_dataset_outputs\labrador\vton_images\labrador_labrador_retriever_standing_side_profile_bing_00064_vton_L.png
611,labrador_labrador_retriever_standing_side_profile_bing_00065,Labrador Retriever,90.6,50.3,68.9,L,1.053,Good Fit,D:\barc_3d_full_dataset_outputs\labrador\3d_meshes\labrador_labrador_retriever_standing_side_profile_bing_00065_3d_mesh.obj,D:\barc_3d_full_dataset_outputs\labrador\vton_images\labrador_labrador_retriever_standing_side_profile_bing_00065_vton_L.png
612,labrador_labrador_retriever_standing_side_profile_bing_00066,Labrador Retriever,96.9,55.9,78.3,XL,0.979,Good Fit,D:\barc_3d_full_dataset_outputs\labrador\3d_meshes\labrador_labrador_retriever_standing_side_profile_bing_00066_3d_mesh.obj,D:\barc_3d_full_dataset_outputs\labrador\vton_images\labrador_labrador_retriever_standing_side_profile_bing_00066_vton_XL.png
613,labrador_labrador_retriever_standing_side_profile_bing_00067,Labrador Retriever,86.4,51.7,72.4,L,1.005,Good Fit,D:\barc_3d_full_dataset_outputs\labrador\3d_meshes\labrador_labrador_retriever_standing_side_profile_bing_00067_3d_mesh.obj,D:\barc_3d_full_dataset_outputs\labrador\vton_images\labrador_labrador_retriever_standing_side_profile_bing_00067_vton_L.png
614,labrador_labrador_retriever_standing_side_profile_bing_00068,Labrador Retriever,99.1,38.2,72.0,XL,1.001,Good Fit,D:\barc_3d_full_dataset_outputs\labrador\3d_meshes\labrador_labrador_retriever_standing_side_profile_bing_00068_3d_mesh.obj,D:\barc_3d_full_dataset_outputs\labrador\vton_images\labrador_labrador_retriever_standing_side_profile_bing_00068_vton_XL.png
615,labrador_labrador_retriever_standing_side_profile_bing_00069,Labrador Retriever,100.4,122.9,73.7,XL,1.014,Good Fit,D:\barc_3d_full_dataset_outputs\labrador\3d_meshes\labrador_labrador_retriever_standing_side_profile_bing_00069_3d_mesh.obj,D:\barc_3d_full_dataset_outputs\labrador\vton_images\labrador_labrador_retriever_standing_side_profile_bing_00069_vton_XL.png
616,labrador_labrador_retriever_standing_side_profile_bing_00070,Labrador Retriever,92.8,52.9,71.4,XL,0.937,Good Fit,D:\barc_3d_full_dataset_outputs\labrador\3d_meshes\labrador_labrador_retriever_standing_side_profile_bing_00070_3d_mesh.obj,D:\barc_3d_full_dataset_outputs\labrador\vton_images\labrador_labrador_retriever_standing_side_profile_bing_00070_vton_XL.png
617,labrador_labrador_retriever_standing_side_profile_bing_00071,Labrador Retriever,99.5,64.4,84.1,XL,1.005,Good Fit,D:\barc_3d_full_dataset_outputs\labrador\3d_meshes\labrador_labrador_retriever_standing_side_profile_bing_00071_3d_mesh.obj,D:\barc_3d_full_dataset_outputs\labrador\vton_images\labrador_labrador_retriever_standing_side_profile_bing_00071_vton_XL.png
618,labrador_labrador_retriever_standing_side_profile_bing_00072,Labrador Retriever,113.3,64.7,72.8,XL,1.144,Tight,D:\barc_3d_full_dataset_outputs\labrador\3d_meshes\labrador_labrador_retriever_standing_side_profile_bing_00072_3d_mesh.obj,D:\barc_3d_full_dataset_outputs\labrador\vton_images\labrador_labrador_retriever_standing_side_profile_bing_00072_vton_XL.png
619,labrador_labrador_retriever_standing_side_profile_bing_00073,Labrador Retriever,86.5,60.3,82.1,L,1.006,Good Fit,D:\barc_3d_full_dataset_outputs\labrador\3d_meshes\labrador_labrador_retriever_standing_side_profile_bing_00073_3d_mesh.obj,D:\barc_3d_full_dataset_outputs\labrador\vton_images\labrador_labrador_retriever_standing_side_profile_bing_00073_vton_L.png
620,labrador_labrador_retriever_standing_side_profile_bing_00074,Labrador Retriever,97.2,55.4,71.6,XL,0.982,Good Fit,D:\barc_3d_full_dataset_outputs\labrador\3d_meshes\labrador_labrador_retriever_standing_side_profile_bing_00074_3d_mesh.obj,D:\barc_3d_full_dataset_outputs\labrador\vton_images\labrador_labrador_retriever_standing_side_profile_bing_00074_vton_XL.png
621,labrador_labrador_retriever_standing_side_profile_bing_00075,Labrador Retriever,89.6,53.6,70.6,L,1.042,Good Fit,D:\barc_3d_full_dataset_outputs\labrador\3d_meshes\labrador_labrador_retriever_standing_side_profile_bing_00075_3d_mesh.obj,D:\barc_3d_full_dataset_outputs\labrador\vton_images\labrador_labrador_retriever_standing_side_profile_bing_00075_vton_L.png
622,labrador_labrador_retriever_standing_side_profile_bing_00076,Labrador Retriever,92.9,59.0,79.4,XL,0.938,Good Fit,D:\barc_3d_full_dataset_outputs\labrador\3d_meshes\labrador_labrador_retriever_standing_side_profile_bing_00076_3d_mesh.obj,D:\barc_3d_full_dataset_outputs\labrador\vton_images\labrador_labrador_retriever_standing_side_profile_bing_00076_vton_XL.png
623,labrador_labrador_retriever_standing_side_profile_bing_00077,Labrador Retriever,96.2,39.2,56.2,XL,0.972,Good Fit,D:\barc_3d_full_dataset_outputs\labrador\3d_meshes\labrador_labrador_retriever_standing_side_profile_bing_00077_3d_mesh.obj,D:\barc_3d_full_dataset_outputs\labrador\vton_images\labrador_labrador_retriever_standing_side_profile_bing_00077_vton_XL.png
624,labrador_labrador_retriever_standing_side_profile_bing_00078,Labrador Retriever,113.4,50.6,72.2,XL,1.145,Tight,D:\barc_3d_full_dataset_outputs\labrador\3d_meshes\labrador_labrador_retriever_standing_side_profile_bing_00078_3d_mesh.obj,D:\barc_3d_full_dataset_outputs\labrador\vton_images\labrador_labrador_retriever_standing_side_profile_bing_00078_vton_XL.png
625,labrador_labrador_retriever_standing_side_profile_bing_00079,Labrador Retriever,93.8,39.2,79.2,XL,0.947,Good Fit,D:\barc_3d_full_dataset_outputs\labrador\3d_meshes\labrador_labrador_retriever_standing_side_profile_bing_00079_3d_mesh.obj,D:\barc_3d_full_dataset_outputs\labrador\vton_images\labrador_labrador_retriever_standing_side_profile_bing_00079_vton_XL.png
626,labrador_labrador_retriever_standing_side_profile_bing_00080,Labrador Retriever,86.6,52.9,67.9,L,1.007,Good Fit,D:\barc_3d_full_dataset_outputs\labrador\3d_meshes\labrador_labrador_retriever_standing_side_profile_bing_00080_3d_mesh.obj,D:\barc_3d_full_dataset_outputs\labrador\vton_images\labrador_labrador_retriever_standing_side_profile_bing_00080_vton_L.png
627,labrador_labrador_retriever_standing_side_profile_bing_00081,Labrador Retriever,93.4,44.8,67.2,XL,0.943,Good Fit,D:\barc_3d_full_dataset_outputs\labrador\3d_meshes\labrador_labrador_retriever_standing_side_profile_bing_00081_3d_mesh.obj,D:\barc_3d_full_dataset_outputs\labrador\vton_images\labrador_labrador_retriever_standing_side_profile_bing_00081_vton_XL.png
628,labrador_labrador_retriever_standing_side_profile_bing_00082,Labrador Retriever,90.2,66.2,69.2,L,1.049,Good Fit,D:\barc_3d_full_dataset_outputs\labrador\3d_meshes\labrador_labrador_retriever_standing_side_profile_bing_00082_3d_mesh.obj,D:\barc_3d_full_dataset_outputs\labrador\vton_images\labrador_labrador_retriever_standing_side_profile_bing_00082_vton_L.png
629,labrador_labrador_retriever_standing_side_profile_bing_00083,Labrador Retriever,92.2,54.4,77.2,L,1.072,Tight,D:\barc_3d_full_dataset_outputs\labrador\3d_meshes\labrador_labrador_retriever_standing_side_profile_bing_00083_3d_mesh.obj,D:\barc_3d_full_dataset_outputs\labrador\vton_images\labrador_labrador_retriever_standing_side_profile_bing_00083_vton_L.png
630,labrador_labrador_retriever_standing_side_profile_bing_00084,Labrador Retriever,93.9,47.9,79.8,XL,0.948,Good Fit,D:\barc_3d_full_dataset_outputs\labrador\3d_meshes\labrador_labrador_retriever_standing_side_profile_bing_00084_3d_mesh.obj,D:\barc_3d_full_dataset_outputs\labrador\vton_images\labrador_labrador_retriever_standing_side_profile_bing_00084_vton_XL.png
631,labrador_labrador_retriever_standing_side_profile_bing_00085,Labrador Retriever,91.3,57.8,78.0,L,1.062,Tight,D:\barc_3d_full_dataset_outputs\labrador\3d_meshes\labrador_labrador_retriever_standing_side_profile_bing_00085_3d_mesh.obj,D:\barc_3d_full_dataset_outputs\labrador\vton_images\labrador_labrador_retriever_standing_side_profile_bing_00085_vton_L.png
632,labrador_labrador_retriever_standing_side_profile_bing_00086,Labrador Retriever,87.5,51.3,75.8,L,1.017,Good Fit,D:\barc_3d_full_dataset_outputs\labrador\3d_meshes\labrador_labrador_retriever_standing_side_profile_bing_00086_3d_mesh.obj,D:\barc_3d_full_dataset_outputs\labrador\vton_images\labrador_labrador_retriever_standing_side_profile_bing_00086_vton_L.png
633,labrador_labrador_retriever_standing_side_profile_bing_00087,Labrador Retriever,124.9,53.0,69.1,XL,1.262,Tight,D:\barc_3d_full_dataset_outputs\labrador\3d_meshes\labrador_labrador_retriever_standing_side_profile_bing_00087_3d_mesh.obj,D:\barc_3d_full_dataset_outputs\labrador\vton_images\labrador_labrador_retriever_standing_side_profile_bing_00087_vton_XL.png
634,labrador_labrador_retriever_standing_side_profile_bing_00088,Labrador Retriever,82.7,57.7,78.3,L,0.962,Good Fit,D:\barc_3d_full_dataset_outputs\labrador\3d_meshes\labrador_labrador_retriever_standing_side_profile_bing_00088_3d_mesh.obj,D:\barc_3d_full_dataset_outputs\labrador\vton_images\labrador_labrador_retriever_standing_side_profile_bing_00088_vton_L.png
635,labrador_labrador_retriever_standing_side_profile_bing_00089,Labrador Retriever,88.8,52.0,70.4,L,1.033,Good Fit,D:\barc_3d_full_dataset_outputs\labrador\3d_meshes\labrador_labrador_retriever_standing_side_profile_bing_00089_3d_mesh.obj,D:\barc_3d_full_dataset_outputs\labrador\vton_images\labrador_labrador_retriever_standing_side_profile_bing_00089_vton_L.png
636,labrador_labrador_retriever_standing_side_profile_bing_00090,Labrador Retriever,80.7,50.7,73.4,L,0.938,Loose,D:\barc_3d_full_dataset_outputs\labrador\3d_meshes\labrador_labrador_retriever_standing_side_profile_bing_00090_3d_mesh.obj,D:\barc_3d_full_dataset_outputs\labrador\vton_images\labrador_labrador_retriever_standing_side_profile_bing_00090_vton_L.png
637,labrador_labrador_retriever_standing_side_profile_bing_00091,Labrador Retriever,89.5,51.4,74.0,L,1.041,Good Fit,D:\barc_3d_full_dataset_outputs\labrador\3d_meshes\labrador_labrador_retriever_standing_side_profile_bing_00091_3d_mesh.obj,D:\barc_3d_full_dataset_outputs\labrador\vton_images\labrador_labrador_retriever_standing_side_profile_bing_00091_vton_L.png
638,labrador_labrador_retriever_standing_side_profile_bing_00092,Labrador Retriever,103.8,7.7,68.3,XL,1.048,Good Fit,D:\barc_3d_full_dataset_outputs\labrador\3d_meshes\labrador_labrador_retriever_standing_side_profile_bing_00092_3d_mesh.obj,D:\barc_3d_full_dataset_outputs\labrador\vton_images\labrador_labrador_retriever_standing_side_profile_bing_00092_vton_XL.png
639,labrador_labrador_retriever_standing_side_profile_bing_00093,Labrador Retriever,126.5,54.0,67.5,XL,1.278,Tight,D:\barc_3d_full_dataset_outputs\labrador\3d_meshes\labrador_labrador_retriever_standing_side_profile_bing_00093_3d_mesh.obj,D:\barc_3d_full_dataset_outputs\labrador\vton_images\labrador_labrador_retriever_standing_side_profile_bing_00093_vton_XL.png
640,labrador_labrador_retriever_standing_side_profile_bing_00094,Labrador Retriever,90.0,60.6,82.5,L,1.047,Good Fit,D:\barc_3d_full_dataset_outputs\labrador\3d_meshes\labrador_labrador_retriever_standing_side_profile_bing_00094_3d_mesh.obj,D:\barc_3d_full_dataset_outputs\labrador\vton_images\labrador_labrador_retriever_standing_side_profile_bing_00094_vton_L.png
641,labrador_labrador_retriever_standing_side_profile_bing_00095,Labrador Retriever,150.9,125.8,71.1,XL,1.524,Tight,D:\barc_3d_full_dataset_outputs\labrador\3d_meshes\labrador_labrador_retriever_standing_side_profile_bing_00095_3d_mesh.obj,D:\barc_3d_full_dataset_outputs\labrador\vton_images\labrador_labrador_retriever_standing_side_profile_bing_00095_vton_XL.png
642,labrador_labrador_retriever_standing_side_profile_bing_00096,Labrador Retriever,92.4,50.5,81.5,L,1.074,Tight,D:\barc_3d_full_dataset_outputs\labrador\3d_meshes\labrador_labrador_retriever_standing_side_profile_bing_00096_3d_mesh.obj,D:\barc_3d_full_dataset_outputs\labrador\vton_images\labrador_labrador_retriever_standing_side_profile_bing_00096_vton_L.png
643,labrador_labrador_retriever_standing_side_profile_bing_00097,Labrador Retriever,115.0,49.3,69.6,XL,1.162,Tight,D:\barc_3d_full_dataset_outputs\labrador\3d_meshes\labrador_labrador_retriever_standing_side_profile_bing_00097_3d_mesh.obj,D:\barc_3d_full_dataset_outputs\labrador\vton_images\labrador_labrador_retriever_standing_side_profile_bing_00097_vton_XL.png
644,labrador_labrador_retriever_standing_side_profile_bing_00098,Labrador Retriever,96.2,35.2,65.3,XL,0.972,Good Fit,D:\barc_3d_full_dataset_outputs\labrador\3d_meshes\labrador_labrador_retriever_standing_side_profile_bing_00098_3d_mesh.obj,D:\barc_3d_full_dataset_outputs\labrador\vton_images\labrador_labrador_retriever_standing_side_profile_bing_00098_vton_XL.png
645,labrador_labrador_retriever_standing_side_profile_bing_00099,Labrador Retriever,115.6,56.1,70.0,XL,1.168,Tight,D:\barc_3d_full_dataset_outputs\labrador\3d_meshes\labrador_labrador_retriever_standing_side_profile_bing_00099_3d_mesh.obj,D:\barc_3d_full_dataset_outputs\labrador\vton_images\labrador_labrador_retriever_standing_side_profile_bing_00099_vton_XL.png
646,labrador_labrador_retriever_standing_side_profile_bing_00100,Labrador Retriever,83.7,44.6,59.9,L,0.973,Good Fit,D:\barc_3d_full_dataset_outputs\labrador\3d_meshes\labrador_labrador_retriever_standing_side_profile_bing_00100_3d_mesh.obj,D:\barc_3d_full_dataset_outputs\labrador\vton_images\labrador_labrador_retriever_standing_side_profile_bing_00100_vton_L.png
647,labrador_labrador_retriever_standing_side_profile_bing_00101,Labrador Retriever,79.6,34.7,54.9,M,1.061,Good Fit,D:\barc_3d_full_dataset_outputs\labrador\3d_meshes\labrador_labrador_retriever_standing_side_profile_bing_00101_3d_mesh.obj,D:\barc_3d_full_dataset_outputs\labrador\vton_images\labrador_labrador_retriever_standing_side_profile_bing_00101_vton_M.png
648,labrador_labrador_retriever_standing_side_profile_bing_00102,Labrador Retriever,90.5,58.6,66.3,L,1.052,Good Fit,D:\barc_3d_full_dataset_outputs\labrador\3d_meshes\labrador_labrador_retriever_standing_side_profile_bing_00102_3d_mesh.obj,D:\barc_3d_full_dataset_outputs\labrador\vton_images\labrador_labrador_retriever_standing_side_profile_bing_00102_vton_L.png
649,labrador_labrador_retriever_standing_side_profile_bing_00103,Labrador Retriever,164.9,52.4,73.8,XL,1.666,Tight,D:\barc_3d_full_dataset_outputs\labrador\3d_meshes\labrador_labrador_retriever_standing_side_profile_bing_00103_3d_mesh.obj,D:\barc_3d_full_dataset_outputs\labrador\vton_images\labrador_labrador_retriever_standing_side_profile_bing_00103_vton_XL.png
650,labrador_labrador_retriever_standing_side_profile_bing_00104,Labrador Retriever,85.7,38.3,53.8,L,0.997,Good Fit,D:\barc_3d_full_dataset_outputs\labrador\3d_meshes\labrador_labrador_retriever_standing_side_profile_bing_00104_3d_mesh.obj,D:\barc_3d_full_dataset_outputs\labrador\vton_images\labrador_labrador_retriever_standing_side_profile_bing_00104_vton_L.png
651,labrador_labrador_retriever_standing_side_profile_bing_00105,Labrador Retriever,79.9,46.6,72.3,M,1.065,Good Fit,D:\barc_3d_full_dataset_outputs\labrador\3d_meshes\labrador_labrador_retriever_standing_side_profile_bing_00105_3d_mesh.obj,D:\barc_3d_full_dataset_outputs\labrador\vton_images\labrador_labrador_retriever_standing_side_profile_bing_00105_vton_M.png
652,labrador_labrador_retriever_standing_side_profile_bing_00106,Labrador Retriever,85.4,59.4,80.5,L,0.993,Good Fit,D:\barc_3d_full_dataset_outputs\labrador\3d_meshes\labrador_labrador_retriever_standing_side_profile_bing_00106_3d_mesh.obj,D:\barc_3d_full_dataset_outputs\labrador\vton_images\labrador_labrador_retriever_standing_side_profile_bing_00106_vton_L.png
653,labrador_labrador_retriever_standing_side_profile_bing_00107,Labrador Retriever,86.0,57.5,77.3,L,1.0,Good Fit,D:\barc_3d_full_dataset_outputs\labrador\3d_meshes\labrador_labrador_retriever_standing_side_profile_bing_00107_3d_mesh.obj,D:\barc_3d_full_dataset_outputs\labrador\vton_images\labrador_labrador_retriever_standing_side_profile_bing_00107_vton_L.png
654,labrador_labrador_retriever_standing_side_profile_bing_00108,Labrador Retriever,90.8,59.8,80.3,L,1.056,Good Fit,D:\barc_3d_full_dataset_outputs\labrador\3d_meshes\labrador_labrador_retriever_standing_side_profile_bing_00108_3d_mesh.obj,D:\barc_3d_full_dataset_outputs\labrador\vton_images\labrador_labrador_retriever_standing_side_profile_bing_00108_vton_L.png
655,labrador_labrador_retriever_standing_side_profile_bing_00109,Labrador Retriever,80.2,100.7,70.8,M,1.069,Good Fit,D:\barc_3d_full_dataset_outputs\labrador\3d_meshes\labrador_labrador_retriever_standing_side_profile_bing_00109_3d_mesh.obj,D:\barc_3d_full_dataset_outputs\labrador\vton_images\labrador_labrador_retriever_standing_side_profile_bing_00109_vton_M.png
656,labrador_labrador_retriever_standing_side_profile_bing_00110,Labrador Retriever,85.5,44.6,82.8,L,0.994,Good Fit,D:\barc_3d_full_dataset_outputs\labrador\3d_meshes\labrador_labrador_retriever_standing_side_profile_bing_00110_3d_mesh.obj,D:\barc_3d_full_dataset_outputs\labrador\vton_images\labrador_labrador_retriever_standing_side_profile_bing_00110_vton_L.png
657,labrador_labrador_retriever_standing_side_profile_bing_00111,Labrador Retriever,106.2,37.4,77.7,XL,1.073,Good Fit,D:\barc_3d_full_dataset_outputs\labrador\3d_meshes\labrador_labrador_retriever_standing_side_profile_bing_00111_3d_mesh.obj,D:\barc_3d_full_dataset_outputs\labrador\vton_images\labrador_labrador_retriever_standing_side_profile_bing_00111_vton_XL.png
658,labrador_labrador_retriever_standing_side_profile_bing_00112,Labrador Retriever,83.2,60.2,71.7,L,0.967,Good Fit,D:\barc_3d_full_dataset_outputs\labrador\3d_meshes\labrador_labrador_retriever_standing_side_profile_bing_00112_3d_mesh.obj,D:\barc_3d_full_dataset_outputs\labrador\vton_images\labrador_labrador_retriever_standing_side_profile_bing_00112_vton_L.png
659,labrador_labrador_retriever_standing_side_profile_bing_00113,Labrador Retriever,89.5,53.6,69.8,L,1.041,Good Fit,D:\barc_3d_full_dataset_outputs\labrador\3d_meshes\labrador_labrador_retriever_standing_side_profile_bing_00113_3d_mesh.obj,D:\barc_3d_full_dataset_outputs\labrador\vton_images\labrador_labrador_retriever_standing_side_profile_bing_00113_vton_L.png
660,labrador_labrador_retriever_standing_side_profile_bing_00114,Labrador Retriever,203.0,56.3,75.9,XL,2.051,Tight,D:\barc_3d_full_dataset_outputs\labrador\3d_meshes\labrador_labrador_retriever_standing_side_profile_bing_00114_3d_mesh.obj,D:\barc_3d_full_dataset_outputs\labrador\vton_images\labrador_labrador_retriever_standing_side_profile_bing_00114_vton_XL.png
661,labrador_labrador_retriever_standing_side_profile_bing_00115,Labrador Retriever,77.6,56.1,74.7,M,1.035,Good Fit,D:\barc_3d_full_dataset_outputs\labrador\3d_meshes\labrador_labrador_retriever_standing_side_profile_bing_00115_3d_mesh.obj,D:\barc_3d_full_dataset_outputs\labrador\vton_images\labrador_labrador_retriever_standing_side_profile_bing_00115_vton_M.png
662,labrador_labrador_retriever_standing_side_profile_bing_00116,Labrador Retriever,77.5,33.0,59.4,M,1.033,Good Fit,D:\barc_3d_full_dataset_outputs\labrador\3d_meshes\labrador_labrador_retriever_standing_side_profile_bing_00116_3d_mesh.obj,D:\barc_3d_full_dataset_outputs\labrador\vton_images\labrador_labrador_retriever_standing_side_profile_bing_00116_vton_M.png
663,labrador_labrador_retriever_standing_side_profile_bing_00117,Labrador Retriever,95.0,46.6,83.4,XL,0.96,Good Fit,D:\barc_3d_full_dataset_outputs\labrador\3d_meshes\labrador_labrador_retriever_standing_side_profile_bing_00117_3d_mesh.obj,D:\barc_3d_full_dataset_outputs\labrador\vton_images\labrador_labrador_retriever_standing_side_profile_bing_00117_vton_XL.png
664,labrador_labrador_retriever_standing_side_profile_bing_00118,Labrador Retriever,91.6,46.7,64.4,L,1.065,Tight,D:\barc_3d_full_dataset_outputs\labrador\3d_meshes\labrador_labrador_retriever_standing_side_profile_bing_00118_3d_mesh.obj,D:\barc_3d_full_dataset_outputs\labrador\vton_images\labrador_labrador_retriever_standing_side_profile_bing_00118_vton_L.png
665,labrador_labrador_retriever_standing_side_profile_bing_00119,Labrador Retriever,117.6,65.0,72.5,XL,1.188,Tight,D:\barc_3d_full_dataset_outputs\labrador\3d_meshes\labrador_labrador_retriever_standing_side_profile_bing_00119_3d_mesh.obj,D:\barc_3d_full_dataset_outputs\labrador\vton_images\labrador_labrador_retriever_standing_side_profile_bing_00119_vton_XL.png
666,labrador_labrador_retriever_standing_side_profile_bing_00120,Labrador Retriever,84.6,53.6,82.3,L,0.984,Good Fit,D:\barc_3d_full_dataset_outputs\labrador\3d_meshes\labrador_labrador_retriever_standing_side_profile_bing_00120_3d_mesh.obj,D:\barc_3d_full_dataset_outputs\labrador\vton_images\labrador_labrador_retriever_standing_side_profile_bing_00120_vton_L.png
667,labrador_labrador_retriever_standing_side_profile_bing_00121,Labrador Retriever,84.8,39.1,54.7,L,0.986,Good Fit,D:\barc_3d_full_dataset_outputs\labrador\3d_meshes\labrador_labrador_retriever_standing_side_profile_bing_00121_3d_mesh.obj,D:\barc_3d_full_dataset_outputs\labrador\vton_images\labrador_labrador_retriever_standing_side_profile_bing_00121_vton_L.png
668,labrador_labrador_retriever_standing_side_profile_bing_00122,Labrador Retriever,94.4,58.4,81.2,XL,0.954,Good Fit,D:\barc_3d_full_dataset_outputs\labrador\3d_meshes\labrador_labrador_retriever_standing_side_profile_bing_00122_3d_mesh.obj,D:\barc_3d_full_dataset_outputs\labrador\vton_images\labrador_labrador_retriever_standing_side_profile_bing_00122_vton_XL.png
669,labrador_labrador_side_view_bing_00000,Labrador Retriever,92.4,47.5,68.6,L,1.074,Tight,D:\barc_3d_full_dataset_outputs\labrador\3d_meshes\labrador_labrador_side_view_bing_00000_3d_mesh.obj,D:\barc_3d_full_dataset_outputs\labrador\vton_images\labrador_labrador_side_view_bing_00000_vton_L.png
670,labrador_labrador_side_view_bing_00001,Labrador Retriever,99.1,53.1,76.8,XL,1.001,Good Fit,D:\barc_3d_full_dataset_outputs\labrador\3d_meshes\labrador_labrador_side_view_bing_00001_3d_mesh.obj,D:\barc_3d_full_dataset_outputs\labrador\vton_images\labrador_labrador_side_view_bing_00001_vton_XL.png
671,labrador_labrador_side_view_bing_00002,Labrador Retriever,92.8,52.9,71.4,XL,0.937,Good Fit,D:\barc_3d_full_dataset_outputs\labrador\3d_meshes\labrador_labrador_side_view_bing_00002_3d_mesh.obj,D:\barc_3d_full_dataset_outputs\labrador\vton_images\labrador_labrador_side_view_bing_00002_vton_XL.png
672,labrador_labrador_side_view_bing_00003,Labrador Retriever,90.6,50.3,68.9,L,1.053,Good Fit,D:\barc_3d_full_dataset_outputs\labrador\3d_meshes\labrador_labrador_side_view_bing_00003_3d_mesh.obj,D:\barc_3d_full_dataset_outputs\labrador\vton_images\labrador_labrador_side_view_bing_00003_vton_L.png
673,labrador_labrador_side_view_bing_00004,Labrador Retriever,137.8,51.5,66.7,XL,1.392,Tight,D:\barc_3d_full_dataset_outputs\labrador\3d_meshes\labrador_labrador_side_view_bing_00004_3d_mesh.obj,D:\barc_3d_full_dataset_outputs\labrador\vton_images\labrador_labrador_side_view_bing_00004_vton_XL.png
674,labrador_labrador_side_view_bing_00005,Labrador Retriever,111.4,47.7,72.9,XL,1.125,Tight,D:\barc_3d_full_dataset_outputs\labrador\3d_meshes\labrador_labrador_side_view_bing_00005_3d_mesh.obj,D:\barc_3d_full_dataset_outputs\labrador\vton_images\labrador_labrador_side_view_bing_00005_vton_XL.png
675,labrador_labrador_side_view_bing_00006,Labrador Retriever,86.3,41.1,62.2,L,1.003,Good Fit,D:\barc_3d_full_dataset_outputs\labrador\3d_meshes\labrador_labrador_side_view_bing_00006_3d_mesh.obj,D:\barc_3d_full_dataset_outputs\labrador\vton_images\labrador_labrador_side_view_bing_00006_vton_L.png
676,labrador_labrador_side_view_bing_00007,Labrador Retriever,92.3,60.8,82.8,L,1.073,Tight,D:\barc_3d_full_dataset_outputs\labrador\3d_meshes\labrador_labrador_side_view_bing_00007_3d_mesh.obj,D:\barc_3d_full_dataset_outputs\labrador\vton_images\labrador_labrador_side_view_bing_00007_vton_L.png
677,labrador_labrador_side_view_bing_00008,Labrador Retriever,96.0,58.0,72.2,XL,0.97,Good Fit,D:\barc_3d_full_dataset_outputs\labrador\3d_meshes\labrador_labrador_side_view_bing_00008_3d_mesh.obj,D:\barc_3d_full_dataset_outputs\labrador\vton_images\labrador_labrador_side_view_bing_00008_vton_XL.png
678,labrador_labrador_side_view_bing_00009,Labrador Retriever,108.1,44.9,58.0,XL,1.092,Tight,D:\barc_3d_full_dataset_outputs\labrador\3d_meshes\labrador_labrador_side_view_bing_00009_3d_mesh.obj,D:\barc_3d_full_dataset_outputs\labrador\vton_images\labrador_labrador_side_view_bing_00009_vton_XL.png
679,labrador_labrador_side_view_bing_00010,Labrador Retriever,88.5,54.3,83.2,L,1.029,Good Fit,D:\barc_3d_full_dataset_outputs\labrador\3d_meshes\labrador_labrador_side_view_bing_00010_3d_mesh.obj,D:\barc_3d_full_dataset_outputs\labrador\vton_images\labrador_labrador_side_view_bing_00010_vton_L.png
680,labrador_labrador_side_view_bing_00011,Labrador Retriever,90.8,34.6,90.7,L,1.056,Good Fit,D:\barc_3d_full_dataset_outputs\labrador\3d_meshes\labrador_labrador_side_view_bing_00011_3d_mesh.obj,D:\barc_3d_full_dataset_outputs\labrador\vton_images\labrador_labrador_side_view_bing_00011_vton_L.png
681,labrador_labrador_side_view_bing_00012,Labrador Retriever,90.9,61.7,84.5,L,1.057,Good Fit,D:\barc_3d_full_dataset_outputs\labrador\3d_meshes\labrador_labrador_side_view_bing_00012_3d_mesh.obj,D:\barc_3d_full_dataset_outputs\labrador\vton_images\labrador_labrador_side_view_bing_00012_vton_L.png
682,labrador_labrador_side_view_bing_00013,Labrador Retriever,93.5,59.2,83.5,XL,0.944,Good Fit,D:\barc_3d_full_dataset_outputs\labrador\3d_meshes\labrador_labrador_side_view_bing_00013_3d_mesh.obj,D:\barc_3d_full_dataset_outputs\labrador\vton_images\labrador_labrador_side_view_bing_00013_vton_XL.png
683,labrador_labrador_side_view_bing_00014,Labrador Retriever,86.6,52.9,67.9,L,1.007,Good Fit,D:\barc_3d_full_dataset_outputs\labrador\3d_meshes\labrador_labrador_side_view_bing_00014_3d_mesh.obj,D:\barc_3d_full_dataset_outputs\labrador\vton_images\labrador_labrador_side_view_bing_00014_vton_L.png
684,labrador_labrador_side_view_bing_00015,Labrador Retriever,101.6,59.2,78.6,XL,1.026,Good Fit,D:\barc_3d_full_dataset_outputs\labrador\3d_meshes\labrador_labrador_side_view_bing_00015_3d_mesh.obj,D:\barc_3d_full_dataset_outputs\labrador\vton_images\labrador_labrador_side_view_bing_00015_vton_XL.png
685,labrador_labrador_side_view_bing_00016,Labrador Retriever,91.6,60.9,80.9,L,1.065,Tight,D:\barc_3d_full_dataset_outputs\labrador\3d_meshes\labrador_labrador_side_view_bing_00016_3d_mesh.obj,D:\barc_3d_full_dataset_outputs\labrador\vton_images\labrador_labrador_side_view_bing_00016_vton_L.png
686,labrador_labrador_side_view_bing_00017,Labrador Retriever,89.7,57.7,78.6,L,1.043,Good Fit,D:\barc_3d_full_dataset_outputs\labrador\3d_meshes\labrador_labrador_side_view_bing_00017_3d_mesh.obj,D:\barc_3d_full_dataset_outputs\labrador\vton_images\labrador_labrador_side_view_bing_00017_vton_L.png
687,labrador_labrador_side_view_bing_00018,Labrador Retriever,92.4,52.8,71.8,L,1.074,Tight,D:\barc_3d_full_dataset_outputs\labrador\3d_meshes\labrador_labrador_side_view_bing_00018_3d_mesh.obj,D:\barc_3d_full_dataset_outputs\labrador\vton_images\labrador_labrador_side_view_bing_00018_vton_L.png
688,labrador_labrador_side_view_bing_00019,Labrador Retriever,85.0,44.1,80.7,L,0.988,Good Fit,D:\barc_3d_full_dataset_outputs\labrador\3d_meshes\labrador_labrador_side_view_bing_00019_3d_mesh.obj,D:\barc_3d_full_dataset_outputs\labrador\vton_images\labrador_labrador_side_view_bing_00019_vton_L.png
689,labrador_labrador_side_view_bing_00020,Labrador Retriever,85.3,49.9,54.9,L,0.992,Good Fit,D:\barc_3d_full_dataset_outputs\labrador\3d_meshes\labrador_labrador_side_view_bing_00020_3d_mesh.obj,D:\barc_3d_full_dataset_outputs\labrador\vton_images\labrador_labrador_side_view_bing_00020_vton_L.png
690,labrador_labrador_side_view_bing_00021,Labrador Retriever,82.0,48.1,75.6,L,0.953,Good Fit,D:\barc_3d_full_dataset_outputs\labrador\3d_meshes\labrador_labrador_side_view_bing_00021_3d_mesh.obj,D:\barc_3d_full_dataset_outputs\labrador\vton_images\labrador_labrador_side_view_bing_00021_vton_L.png
691,labrador_labrador_side_view_bing_00022,Labrador Retriever,103.2,38.8,80.5,XL,1.042,Good Fit,D:\barc_3d_full_dataset_outputs\labrador\3d_meshes\labrador_labrador_side_view_bing_00022_3d_mesh.obj,D:\barc_3d_full_dataset_outputs\labrador\vton_images\labrador_labrador_side_view_bing_00022_vton_XL.png
692,labrador_labrador_side_view_bing_00023,Labrador Retriever,92.3,47.6,68.8,L,1.073,Tight,D:\barc_3d_full_dataset_outputs\labrador\3d_meshes\labrador_labrador_side_view_bing_00023_3d_mesh.obj,D:\barc_3d_full_dataset_outputs\labrador\vton_images\labrador_labrador_side_view_bing_00023_vton_L.png
693,labrador_labrador_side_view_bing_00024,Labrador Retriever,97.5,48.1,74.7,XL,0.985,Good Fit,D:\barc_3d_full_dataset_outputs\labrador\3d_meshes\labrador_labrador_side_view_bing_00024_3d_mesh.obj,D:\barc_3d_full_dataset_outputs\labrador\vton_images\labrador_labrador_side_view_bing_00024_vton_XL.png
694,labrador_labrador_side_view_bing_00025,Labrador Retriever,90.4,59.1,71.1,L,1.051,Good Fit,D:\barc_3d_full_dataset_outputs\labrador\3d_meshes\labrador_labrador_side_view_bing_00025_3d_mesh.obj,D:\barc_3d_full_dataset_outputs\labrador\vton_images\labrador_labrador_side_view_bing_00025_vton_L.png
695,labrador_labrador_side_view_bing_00026,Labrador Retriever,101.0,126.3,69.4,XL,1.02,Good Fit,D:\barc_3d_full_dataset_outputs\labrador\3d_meshes\labrador_labrador_side_view_bing_00026_3d_mesh.obj,D:\barc_3d_full_dataset_outputs\labrador\vton_images\labrador_labrador_side_view_bing_00026_vton_XL.png
696,labrador_labrador_side_view_bing_00027,Labrador Retriever,89.3,43.3,71.4,L,1.038,Good Fit,D:\barc_3d_full_dataset_outputs\labrador\3d_meshes\labrador_labrador_side_view_bing_00027_3d_mesh.obj,D:\barc_3d_full_dataset_outputs\labrador\vton_images\labrador_labrador_side_view_bing_00027_vton_L.png
697,labrador_labrador_side_view_bing_00028,Labrador Retriever,89.6,56.0,78.9,L,1.042,Good Fit,D:\barc_3d_full_dataset_outputs\labrador\3d_meshes\labrador_labrador_side_view_bing_00028_3d_mesh.obj,D:\barc_3d_full_dataset_outputs\labrador\vton_images\labrador_labrador_side_view_bing_00028_vton_L.png
698,labrador_labrador_side_view_bing_00029,Labrador Retriever,101.7,50.9,73.3,XL,1.027,Good Fit,D:\barc_3d_full_dataset_outputs\labrador\3d_meshes\labrador_labrador_side_view_bing_00029_3d_mesh.obj,D:\barc_3d_full_dataset_outputs\labrador\vton_images\labrador_labrador_side_view_bing_00029_vton_XL.png
699,labrador_labrador_side_view_bing_00030,Labrador Retriever,86.3,55.0,73.7,L,1.003,Good Fit,D:\barc_3d_full_dataset_outputs\labrador\3d_meshes\labrador_labrador_side_view_bing_00030_3d_mesh.obj,D:\barc_3d_full_dataset_outputs\labrador\vton_images\labrador_labrador_side_view_bing_00030_vton_L.png
700,labrador_labrador_side_view_bing_00031,Labrador Retriever,94.8,55.8,85.8,XL,0.958,Good Fit,D:\barc_3d_full_dataset_outputs\labrador\3d_meshes\labrador_labrador_side_view_bing_00031_3d_mesh.obj,D:\barc_3d_full_dataset_outputs\labrador\vton_images\labrador_labrador_side_view_bing_00031_vton_XL.png
701,labrador_labrador_side_view_bing_00032,Labrador Retriever,110.4,63.5,69.1,XL,1.115,Tight,D:\barc_3d_full_dataset_outputs\labrador\3d_meshes\labrador_labrador_side_view_bing_00032_3d_mesh.obj,D:\barc_3d_full_dataset_outputs\labrador\vton_images\labrador_labrador_side_view_bing_00032_vton_XL.png
702,labrador_labrador_side_view_bing_00033,Labrador Retriever,96.7,105.8,54.9,XL,0.977,Good Fit,D:\barc_3d_full_dataset_outputs\labrador\3d_meshes\labrador_labrador_side_view_bing_00033_3d_mesh.obj,D:\barc_3d_full_dataset_outputs\labrador\vton_images\labrador_labrador_side_view_bing_00033_vton_XL.png
703,labrador_labrador_side_view_bing_00034,Labrador Retriever,90.0,59.1,80.5,L,1.047,Good Fit,D:\barc_3d_full_dataset_outputs\labrador\3d_meshes\labrador_labrador_side_view_bing_00034_3d_mesh.obj,D:\barc_3d_full_dataset_outputs\labrador\vton_images\labrador_labrador_side_view_bing_00034_vton_L.png
704,labrador_labrador_side_view_bing_00035,Labrador Retriever,115.6,28.0,82.8,XL,1.168,Tight,D:\barc_3d_full_dataset_outputs\labrador\3d_meshes\labrador_labrador_side_view_bing_00035_3d_mesh.obj,D:\barc_3d_full_dataset_outputs\labrador\vton_images\labrador_labrador_side_view_bing_00035_vton_XL.png
705,labrador_labrador_side_view_bing_00036,Labrador Retriever,94.9,58.7,79.2,XL,0.959,Good Fit,D:\barc_3d_full_dataset_outputs\labrador\3d_meshes\labrador_labrador_side_view_bing_00036_3d_mesh.obj,D:\barc_3d_full_dataset_outputs\labrador\vton_images\labrador_labrador_side_view_bing_00036_vton_XL.png
706,labrador_labrador_side_view_bing_00037,Labrador Retriever,95.2,62.1,83.4,XL,0.962,Good Fit,D:\barc_3d_full_dataset_outputs\labrador\3d_meshes\labrador_labrador_side_view_bing_00037_3d_mesh.obj,D:\barc_3d_full_dataset_outputs\labrador\vton_images\labrador_labrador_side_view_bing_00037_vton_XL.png
707,labrador_labrador_side_view_bing_00038,Labrador Retriever,84.8,39.1,54.7,L,0.986,Good Fit,D:\barc_3d_full_dataset_outputs\labrador\3d_meshes\labrador_labrador_side_view_bing_00038_3d_mesh.obj,D:\barc_3d_full_dataset_outputs\labrador\vton_images\labrador_labrador_side_view_bing_00038_vton_L.png
708,labrador_labrador_side_view_bing_00039,Labrador Retriever,109.1,45.7,67.5,XL,1.102,Tight,D:\barc_3d_full_dataset_outputs\labrador\3d_meshes\labrador_labrador_side_view_bing_00039_3d_mesh.obj,D:\barc_3d_full_dataset_outputs\labrador\vton_images\labrador_labrador_side_view_bing_00039_vton_XL.png
709,labrador_labrador_side_view_bing_00040,Labrador Retriever,107.3,46.2,83.4,XL,1.084,Tight,D:\barc_3d_full_dataset_outputs\labrador\3d_meshes\labrador_labrador_side_view_bing_00040_3d_mesh.obj,D:\barc_3d_full_dataset_outputs\labrador\vton_images\labrador_labrador_side_view_bing_00040_vton_XL.png
710,labrador_labrador_side_view_bing_00041,Labrador Retriever,82.9,56.8,76.8,L,0.964,Good Fit,D:\barc_3d_full_dataset_outputs\labrador\3d_meshes\labrador_labrador_side_view_bing_00041_3d_mesh.obj,D:\barc_3d_full_dataset_outputs\labrador\vton_images\labrador_labrador_side_view_bing_00041_vton_L.png
711,labrador_labrador_side_view_bing_00042,Labrador Retriever,86.7,57.0,79.6,L,1.008,Good Fit,D:\barc_3d_full_dataset_outputs\labrador\3d_meshes\labrador_labrador_side_view_bing_00042_3d_mesh.obj,D:\barc_3d_full_dataset_outputs\labrador\vton_images\labrador_labrador_side_view_bing_00042_vton_L.png
712,labrador_labrador_side_view_bing_00043,Labrador Retriever,203.0,56.3,75.9,XL,2.051,Tight,D:\barc_3d_full_dataset_outputs\labrador\3d_meshes\labrador_labrador_side_view_bing_00043_3d_mesh.obj,D:\barc_3d_full_dataset_outputs\labrador\vton_images\labrador_labrador_side_view_bing_00043_vton_XL.png
713,labrador_labrador_side_view_bing_00044,Labrador Retriever,94.8,62.0,81.0,XL,0.958,Good Fit,D:\barc_3d_full_dataset_outputs\labrador\3d_meshes\labrador_labrador_side_view_bing_00044_3d_mesh.obj,D:\barc_3d_full_dataset_outputs\labrador\vton_images\labrador_labrador_side_view_bing_00044_vton_XL.png
714,labrador_labrador_side_view_bing_00045,Labrador Retriever,96.6,40.3,58.1,XL,0.976,Good Fit,D:\barc_3d_full_dataset_outputs\labrador\3d_meshes\labrador_labrador_side_view_bing_00045_3d_mesh.obj,D:\barc_3d_full_dataset_outputs\labrador\vton_images\labrador_labrador_side_view_bing_00045_vton_XL.png
715,labrador_labrador_side_view_bing_00046,Labrador Retriever,92.6,63.4,86.0,XL,0.935,Good Fit,D:\barc_3d_full_dataset_outputs\labrador\3d_meshes\labrador_labrador_side_view_bing_00046_3d_mesh.obj,D:\barc_3d_full_dataset_outputs\labrador\vton_images\labrador_labrador_side_view_bing_00046_vton_XL.png
716,labrador_labrador_side_view_bing_00047,Labrador Retriever,91.6,46.7,64.4,L,1.065,Tight,D:\barc_3d_full_dataset_outputs\labrador\3d_meshes\labrador_labrador_side_view_bing_00047_3d_mesh.obj,D:\barc_3d_full_dataset_outputs\labrador\vton_images\labrador_labrador_side_view_bing_00047_vton_L.png
717,labrador_labrador_side_view_bing_00048,Labrador Retriever,105.4,48.4,79.3,XL,1.065,Good Fit,D:\barc_3d_full_dataset_outputs\labrador\3d_meshes\labrador_labrador_side_view_bing_00048_3d_mesh.obj,D:\barc_3d_full_dataset_outputs\labrador\vton_images\labrador_labrador_side_view_bing_00048_vton_XL.png
718,labrador_labrador_side_view_bing_00049,Labrador Retriever,126.5,54.0,67.5,XL,1.278,Tight,D:\barc_3d_full_dataset_outputs\labrador\3d_meshes\labrador_labrador_side_view_bing_00049_3d_mesh.obj,D:\barc_3d_full_dataset_outputs\labrador\vton_images\labrador_labrador_side_view_bing_00049_vton_XL.png
719,labrador_labrador_side_view_bing_00050,Labrador Retriever,133.7,51.1,73.6,XL,1.351,Tight,D:\barc_3d_full_dataset_outputs\labrador\3d_meshes\labrador_labrador_side_view_bing_00050_3d_mesh.obj,D:\barc_3d_full_dataset_outputs\labrador\vton_images\labrador_labrador_side_view_bing_00050_vton_XL.png
720,labrador_labrador_side_view_bing_00051,Labrador Retriever,92.4,50.5,81.5,L,1.074,Tight,D:\barc_3d_full_dataset_outputs\labrador\3d_meshes\labrador_labrador_side_view_bing_00051_3d_mesh.obj,D:\barc_3d_full_dataset_outputs\labrador\vton_images\labrador_labrador_side_view_bing_00051_vton_L.png
721,labrador_labrador_side_view_bing_00052,Labrador Retriever,87.6,59.3,80.9,L,1.019,Good Fit,D:\barc_3d_full_dataset_outputs\labrador\3d_meshes\labrador_labrador_side_view_bing_00052_3d_mesh.obj,D:\barc_3d_full_dataset_outputs\labrador\vton_images\labrador_labrador_side_view_bing_00052_vton_L.png
722,labrador_labrador_side_view_bing_00053,Labrador Retriever,86.0,44.2,65.3,L,1.0,Good Fit,D:\barc_3d_full_dataset_outputs\labrador\3d_meshes\labrador_labrador_side_view_bing_00053_3d_mesh.obj,D:\barc_3d_full_dataset_outputs\labrador\vton_images\labrador_labrador_side_view_bing_00053_vton_L.png
723,labrador_labrador_side_view_bing_00054,Labrador Retriever,104.9,49.8,72.0,XL,1.06,Good Fit,D:\barc_3d_full_dataset_outputs\labrador\3d_meshes\labrador_labrador_side_view_bing_00054_3d_mesh.obj,D:\barc_3d_full_dataset_outputs\labrador\vton_images\labrador_labrador_side_view_bing_00054_vton_XL.png
724,labrador_labrador_side_view_bing_00055,Labrador Retriever,91.2,60.1,66.6,L,1.06,Tight,D:\barc_3d_full_dataset_outputs\labrador\3d_meshes\labrador_labrador_side_view_bing_00055_3d_mesh.obj,D:\barc_3d_full_dataset_outputs\labrador\vton_images\labrador_labrador_side_view_bing_00055_vton_L.png
725,labrador_labrador_side_view_bing_00056,Labrador Retriever,94.9,62.7,82.9,XL,0.959,Good Fit,D:\barc_3d_full_dataset_outputs\labrador\3d_meshes\labrador_labrador_side_view_bing_00056_3d_mesh.obj,D:\barc_3d_full_dataset_outputs\labrador\vton_images\labrador_labrador_side_view_bing_00056_vton_XL.png
726,labrador_labrador_side_view_bing_00057,Labrador Retriever,92.8,60.4,83.7,XL,0.937,Good Fit,D:\barc_3d_full_dataset_outputs\labrador\3d_meshes\labrador_labrador_side_view_bing_00057_3d_mesh.obj,D:\barc_3d_full_dataset_outputs\labrador\vton_images\labrador_labrador_side_view_bing_00057_vton_XL.png
727,labrador_labrador_side_view_bing_00058,Labrador Retriever,104.8,133.0,64.9,XL,1.059,Good Fit,D:\barc_3d_full_dataset_outputs\labrador\3d_meshes\labrador_labrador_side_view_bing_00058_3d_mesh.obj,D:\barc_3d_full_dataset_outputs\labrador\vton_images\labrador_labrador_side_view_bing_00058_vton_XL.png
728,labrador_labrador_side_view_bing_00059,Labrador Retriever,86.9,45.7,76.9,L,1.01,Good Fit,D:\barc_3d_full_dataset_outputs\labrador\3d_meshes\labrador_labrador_side_view_bing_00059_3d_mesh.obj,D:\barc_3d_full_dataset_outputs\labrador\vton_images\labrador_labrador_side_view_bing_00059_vton_L.png
729,labrador_labrador_side_view_bing_00060,Labrador Retriever,94.4,57.7,77.5,XL,0.954,Good Fit,D:\barc_3d_full_dataset_outputs\labrador\3d_meshes\labrador_labrador_side_view_bing_00060_3d_mesh.obj,D:\barc_3d_full_dataset_outputs\labrador\vton_images\labrador_labrador_side_view_bing_00060_vton_XL.png
730,labrador_labrador_side_view_bing_00061,Labrador Retriever,99.1,42.7,64.0,XL,1.001,Good Fit,D:\barc_3d_full_dataset_outputs\labrador\3d_meshes\labrador_labrador_side_view_bing_00061_3d_mesh.obj,D:\barc_3d_full_dataset_outputs\labrador\vton_images\labrador_labrador_side_view_bing_00061_vton_XL.png
731,labrador_labrador_side_view_bing_00062,Labrador Retriever,89.7,62.0,86.0,L,1.043,Good Fit,D:\barc_3d_full_dataset_outputs\labrador\3d_meshes\labrador_labrador_side_view_bing_00062_3d_mesh.obj,D:\barc_3d_full_dataset_outputs\labrador\vton_images\labrador_labrador_side_view_bing_00062_vton_L.png
732,labrador_labrador_side_view_bing_00063,Labrador Retriever,77.6,56.1,74.7,M,1.035,Good Fit,D:\barc_3d_full_dataset_outputs\labrador\3d_meshes\labrador_labrador_side_view_bing_00063_3d_mesh.obj,D:\barc_3d_full_dataset_outputs\labrador\vton_images\labrador_labrador_side_view_bing_00063_vton_M.png
733,labrador_labrador_side_view_bing_00064,Labrador Retriever,96.0,53.8,70.7,XL,0.97,Good Fit,D:\barc_3d_full_dataset_outputs\labrador\3d_meshes\labrador_labrador_side_view_bing_00064_3d_mesh.obj,D:\barc_3d_full_dataset_outputs\labrador\vton_images\labrador_labrador_side_view_bing_00064_vton_XL.png
734,labrador_labrador_side_view_bing_00065,Labrador Retriever,87.1,42.7,40.7,L,1.013,Good Fit,D:\barc_3d_full_dataset_outputs\labrador\3d_meshes\labrador_labrador_side_view_bing_00065_3d_mesh.obj,D:\barc_3d_full_dataset_outputs\labrador\vton_images\labrador_labrador_side_view_bing_00065_vton_L.png
735,labrador_labrador_side_view_bing_00066,Labrador Retriever,125.8,53.7,75.4,XL,1.271,Tight,D:\barc_3d_full_dataset_outputs\labrador\3d_meshes\labrador_labrador_side_view_bing_00066_3d_mesh.obj,D:\barc_3d_full_dataset_outputs\labrador\vton_images\labrador_labrador_side_view_bing_00066_vton_XL.png
736,labrador_labrador_side_view_bing_00067,Labrador Retriever,148.6,43.4,65.6,XL,1.501,Tight,D:\barc_3d_full_dataset_outputs\labrador\3d_meshes\labrador_labrador_side_view_bing_00067_3d_mesh.obj,D:\barc_3d_full_dataset_outputs\labrador\vton_images\labrador_labrador_side_view_bing_00067_vton_XL.png
737,labrador_labrador_side_view_bing_00068,Labrador Retriever,80.9,113.5,73.3,L,0.941,Loose,D:\barc_3d_full_dataset_outputs\labrador\3d_meshes\labrador_labrador_side_view_bing_00068_3d_mesh.obj,D:\barc_3d_full_dataset_outputs\labrador\vton_images\labrador_labrador_side_view_bing_00068_vton_L.png
738,labrador_labrador_side_view_bing_00069,Labrador Retriever,90.2,55.6,68.5,L,1.049,Good Fit,D:\barc_3d_full_dataset_outputs\labrador\3d_meshes\labrador_labrador_side_view_bing_00069_3d_mesh.obj,D:\barc_3d_full_dataset_outputs\labrador\vton_images\labrador_labrador_side_view_bing_00069_vton_L.png
739,labrador_labrador_side_view_bing_00070,Labrador Retriever,92.6,94.8,83.3,XL,0.935,Good Fit,D:\barc_3d_full_dataset_outputs\labrador\3d_meshes\labrador_labrador_side_view_bing_00070_3d_mesh.obj,D:\barc_3d_full_dataset_outputs\labrador\vton_images\labrador_labrador_side_view_bing_00070_vton_XL.png
740,labrador_labrador_side_view_bing_00071,Labrador Retriever,92.4,57.3,76.8,L,1.074,Tight,D:\barc_3d_full_dataset_outputs\labrador\3d_meshes\labrador_labrador_side_view_bing_00071_3d_mesh.obj,D:\barc_3d_full_dataset_outputs\labrador\vton_images\labrador_labrador_side_view_bing_00071_vton_L.png
741,labrador_labrador_side_view_bing_00072,Labrador Retriever,97.6,55.9,70.6,XL,0.986,Good Fit,D:\barc_3d_full_dataset_outputs\labrador\3d_meshes\labrador_labrador_side_view_bing_00072_3d_mesh.obj,D:\barc_3d_full_dataset_outputs\labrador\vton_images\labrador_labrador_side_view_bing_00072_vton_XL.png
742,labrador_labrador_side_view_bing_00073,Labrador Retriever,113.4,50.6,72.2,XL,1.145,Tight,D:\barc_3d_full_dataset_outputs\labrador\3d_meshes\labrador_labrador_side_view_bing_00073_3d_mesh.obj,D:\barc_3d_full_dataset_outputs\labrador\vton_images\labrador_labrador_side_view_bing_00073_vton_XL.png
743,labrador_labrador_side_view_bing_00074,Labrador Retriever,114.2,34.9,59.2,XL,1.154,Tight,D:\barc_3d_full_dataset_outputs\labrador\3d_meshes\labrador_labrador_side_view_bing_00074_3d_mesh.obj,D:\barc_3d_full_dataset_outputs\labrador\vton_images\labrador_labrador_side_view_bing_00074_vton_XL.png
744,labrador_labrador_side_view_bing_00075,Labrador Retriever,84.8,23.3,76.7,L,0.986,Good Fit,D:\barc_3d_full_dataset_outputs\labrador\3d_meshes\labrador_labrador_side_view_bing_00075_3d_mesh.obj,D:\barc_3d_full_dataset_outputs\labrador\vton_images\labrador_labrador_side_view_bing_00075_vton_L.png
745,labrador_labrador_side_view_bing_00076,Labrador Retriever,81.5,42.8,68.2,L,0.948,Good Fit,D:\barc_3d_full_dataset_outputs\labrador\3d_meshes\labrador_labrador_side_view_bing_00076_3d_mesh.obj,D:\barc_3d_full_dataset_outputs\labrador\vton_images\labrador_labrador_side_view_bing_00076_vton_L.png
746,labrador_labrador_side_view_bing_00077,Labrador Retriever,94.2,64.2,85.3,XL,0.952,Good Fit,D:\barc_3d_full_dataset_outputs\labrador\3d_meshes\labrador_labrador_side_view_bing_00077_3d_mesh.obj,D:\barc_3d_full_dataset_outputs\labrador\vton_images\labrador_labrador_side_view_bing_00077_vton_XL.png
747,labrador_labrador_side_view_bing_00078,Labrador Retriever,102.1,57.0,78.8,XL,1.031,Good Fit,D:\barc_3d_full_dataset_outputs\labrador\3d_meshes\labrador_labrador_side_view_bing_00078_3d_mesh.obj,D:\barc_3d_full_dataset_outputs\labrador\vton_images\labrador_labrador_side_view_bing_00078_vton_XL.png
748,labrador_labrador_side_view_bing_00079,Labrador Retriever,96.2,35.2,65.3,XL,0.972,Good Fit,D:\barc_3d_full_dataset_outputs\labrador\3d_meshes\labrador_labrador_side_view_bing_00079_3d_mesh.obj,D:\barc_3d_full_dataset_outputs\labrador\vton_images\labrador_labrador_side_view_bing_00079_vton_XL.png
749,labrador_labrador_side_view_bing_00080,Labrador Retriever,95.6,58.4,71.7,XL,0.966,Good Fit,D:\barc_3d_full_dataset_outputs\labrador\3d_meshes\labrador_labrador_side_view_bing_00080_3d_mesh.obj,D:\barc_3d_full_dataset_outputs\labrador\vton_images\labrador_labrador_side_view_bing_00080_vton_XL.png
750,labrador_labrador_side_view_bing_00081,Labrador Retriever,114.1,46.6,56.9,XL,1.153,Tight,D:\barc_3d_full_dataset_outputs\labrador\3d_meshes\labrador_labrador_side_view_bing_00081_3d_mesh.obj,D:\barc_3d_full_dataset_outputs\labrador\vton_images\labrador_labrador_side_view_bing_00081_vton_XL.png
751,labrador_labrador_side_view_bing_00082,Labrador Retriever,73.1,56.3,50.6,M,0.975,Good Fit,D:\barc_3d_full_dataset_outputs\labrador\3d_meshes\labrador_labrador_side_view_bing_00082_3d_mesh.obj,D:\barc_3d_full_dataset_outputs\labrador\vton_images\labrador_labrador_side_view_bing_00082_vton_M.png
752,labrador_labrador_side_view_bing_00083,Labrador Retriever,130.2,40.1,69.2,XL,1.315,Tight,D:\barc_3d_full_dataset_outputs\labrador\3d_meshes\labrador_labrador_side_view_bing_00083_3d_mesh.obj,D:\barc_3d_full_dataset_outputs\labrador\vton_images\labrador_labrador_side_view_bing_00083_vton_XL.png
753,labrador_labrador_side_view_bing_00084,Labrador Retriever,87.1,55.9,74.3,L,1.013,Good Fit,D:\barc_3d_full_dataset_outputs\labrador\3d_meshes\labrador_labrador_side_view_bing_00084_3d_mesh.obj,D:\barc_3d_full_dataset_outputs\labrador\vton_images\labrador_labrador_side_view_bing_00084_vton_L.png
754,labrador_labrador_side_view_bing_00085,Labrador Retriever,87.0,55.3,69.6,L,1.012,Good Fit,D:\barc_3d_full_dataset_outputs\labrador\3d_meshes\labrador_labrador_side_view_bing_00085_3d_mesh.obj,D:\barc_3d_full_dataset_outputs\labrador\vton_images\labrador_labrador_side_view_bing_00085_vton_L.png
755,labrador_labrador_side_view_bing_00086,Labrador Retriever,93.2,69.1,76.7,XL,0.941,Good Fit,D:\barc_3d_full_dataset_outputs\labrador\3d_meshes\labrador_labrador_side_view_bing_00086_3d_mesh.obj,D:\barc_3d_full_dataset_outputs\labrador\vton_images\labrador_labrador_side_view_bing_00086_vton_XL.png
756,labrador_labrador_side_view_bing_00087,Labrador Retriever,97.0,58.6,72.3,XL,0.98,Good Fit,D:\barc_3d_full_dataset_outputs\labrador\3d_meshes\labrador_labrador_side_view_bing_00087_3d_mesh.obj,D:\barc_3d_full_dataset_outputs\labrador\vton_images\labrador_labrador_side_view_bing_00087_vton_XL.png
757,labrador_labrador_side_view_bing_00088,Labrador Retriever,157.7,92.0,82.3,XL,1.593,Tight,D:\barc_3d_full_dataset_outputs\labrador\3d_meshes\labrador_labrador_side_view_bing_00088_3d_mesh.obj,D:\barc_3d_full_dataset_outputs\labrador\vton_images\labrador_labrador_side_view_bing_00088_vton_XL.png
758,labrador_labrador_side_view_bing_00089,Labrador Retriever,99.7,47.8,76.1,XL,1.007,Good Fit,D:\barc_3d_full_dataset_outputs\labrador\3d_meshes\labrador_labrador_side_view_bing_00089_3d_mesh.obj,D:\barc_3d_full_dataset_outputs\labrador\vton_images\labrador_labrador_side_view_bing_00089_vton_XL.png
759,labrador_labrador_side_view_bing_00090,Labrador Retriever,146.6,63.8,73.4,XL,1.481,Tight,D:\barc_3d_full_dataset_outputs\labrador\3d_meshes\labrador_labrador_side_view_bing_00090_3d_mesh.obj,D:\barc_3d_full_dataset_outputs\labrador\vton_images\labrador_labrador_side_view_bing_00090_vton_XL.png
760,labrador_labrador_side_view_bing_00091,Labrador Retriever,90.0,60.6,82.5,L,1.047,Good Fit,D:\barc_3d_full_dataset_outputs\labrador\3d_meshes\labrador_labrador_side_view_bing_00091_3d_mesh.obj,D:\barc_3d_full_dataset_outputs\labrador\vton_images\labrador_labrador_side_view_bing_00091_vton_L.png
761,labrador_labrador_side_view_bing_00092,Labrador Retriever,87.5,51.3,75.8,L,1.017,Good Fit,D:\barc_3d_full_dataset_outputs\labrador\3d_meshes\labrador_labrador_side_view_bing_00092_3d_mesh.obj,D:\barc_3d_full_dataset_outputs\labrador\vton_images\labrador_labrador_side_view_bing_00092_vton_L.png
762,labrador_labrador_side_view_bing_00093,Labrador Retriever,94.2,52.3,89.9,XL,0.952,Good Fit,D:\barc_3d_full_dataset_outputs\labrador\3d_meshes\labrador_labrador_side_view_bing_00093_3d_mesh.obj,D:\barc_3d_full_dataset_outputs\labrador\vton_images\labrador_labrador_side_view_bing_00093_vton_XL.png
763,labrador_labrador_side_view_bing_00094,Labrador Retriever,96.1,47.2,67.4,XL,0.971,Good Fit,D:\barc_3d_full_dataset_outputs\labrador\3d_meshes\labrador_labrador_side_view_bing_00094_3d_mesh.obj,D:\barc_3d_full_dataset_outputs\labrador\vton_images\labrador_labrador_side_view_bing_00094_vton_XL.png
764,labrador_labrador_side_view_bing_00095,Labrador Retriever,90.0,54.1,67.6,L,1.047,Good Fit,D:\barc_3d_full_dataset_outputs\labrador\3d_meshes\labrador_labrador_side_view_bing_00095_3d_mesh.obj,D:\barc_3d_full_dataset_outputs\labrador\vton_images\labrador_labrador_side_view_bing_00095_vton_L.png
765,labrador_labrador_side_view_bing_00096,Labrador Retriever,97.3,74.2,79.8,XL,0.983,Good Fit,D:\barc_3d_full_dataset_outputs\labrador\3d_meshes\labrador_labrador_side_view_bing_00096_3d_mesh.obj,D:\barc_3d_full_dataset_outputs\labrador\vton_images\labrador_labrador_side_view_bing_00096_vton_XL.png
766,labrador_labrador_side_view_bing_00097,Labrador Retriever,77.5,33.0,59.4,M,1.033,Good Fit,D:\barc_3d_full_dataset_outputs\labrador\3d_meshes\labrador_labrador_side_view_bing_00097_3d_mesh.obj,D:\barc_3d_full_dataset_outputs\labrador\vton_images\labrador_labrador_side_view_bing_00097_vton_M.png
767,labrador_labrador_side_view_bing_00098,Labrador Retriever,209.0,53.3,69.3,XL,2.111,Tight,D:\barc_3d_full_dataset_outputs\labrador\3d_meshes\labrador_labrador_side_view_bing_00098_3d_mesh.obj,D:\barc_3d_full_dataset_outputs\labrador\vton_images\labrador_labrador_side_view_bing_00098_vton_XL.png
768,labrador_labrador_side_view_bing_00099,Labrador Retriever,89.3,54.7,84.9,L,1.038,Good Fit,D:\barc_3d_full_dataset_outputs\labrador\3d_meshes\labrador_labrador_side_view_bing_00099_3d_mesh.obj,D:\barc_3d_full_dataset_outputs\labrador\vton_images\labrador_labrador_side_view_bing_00099_vton_L.png
769,labrador_labrador_side_view_bing_00100,Labrador Retriever,89.4,61.4,82.1,L,1.04,Good Fit,D:\barc_3d_full_dataset_outputs\labrador\3d_meshes\labrador_labrador_side_view_bing_00100_3d_mesh.obj,D:\barc_3d_full_dataset_outputs\labrador\vton_images\labrador_labrador_side_view_bing_00100_vton_L.png
770,labrador_labrador_side_view_bing_00101,Labrador Retriever,73.9,121.2,60.9,M,0.985,Good Fit,D:\barc_3d_full_dataset_outputs\labrador\3d_meshes\labrador_labrador_side_view_bing_00101_3d_mesh.obj,D:\barc_3d_full_dataset_outputs\labrador\vton_images\labrador_labrador_side_view_bing_00101_vton_M.png
771,labrador_labrador_side_view_bing_00102,Labrador Retriever,91.1,49.6,70.3,L,1.059,Tight,D:\barc_3d_full_dataset_outputs\labrador\3d_meshes\labrador_labrador_side_view_bing_00102_3d_mesh.obj,D:\barc_3d_full_dataset_outputs\labrador\vton_images\labrador_labrador_side_view_bing_00102_vton_L.png
772,labrador_labrador_side_view_bing_00103,Labrador Retriever,119.2,54.2,77.9,XL,1.204,Tight,D:\barc_3d_full_dataset_outputs\labrador\3d_meshes\labrador_labrador_side_view_bing_00103_3d_mesh.obj,D:\barc_3d_full_dataset_outputs\labrador\vton_images\labrador_labrador_side_view_bing_00103_vton_XL.png
773,labrador_labrador_side_view_bing_00104,Labrador Retriever,90.1,64.2,85.9,L,1.048,Good Fit,D:\barc_3d_full_dataset_outputs\labrador\3d_meshes\labrador_labrador_side_view_bing_00104_3d_mesh.obj,D:\barc_3d_full_dataset_outputs\labrador\vton_images\labrador_labrador_side_view_bing_00104_vton_L.png
774,labrador_labrador_side_view_bing_00105,Labrador Retriever,94.9,64.0,85.2,XL,0.959,Good Fit,D:\barc_3d_full_dataset_outputs\labrador\3d_meshes\labrador_labrador_side_view_bing_00105_3d_mesh.obj,D:\barc_3d_full_dataset_outputs\labrador\vton_images\labrador_labrador_side_view_bing_00105_vton_XL.png
775,labrador_labrador_side_view_bing_00106,Labrador Retriever,96.9,52.0,58.6,XL,0.979,Good Fit,D:\barc_3d_full_dataset_outputs\labrador\3d_meshes\labrador_labrador_side_view_bing_00106_3d_mesh.obj,D:\barc_3d_full_dataset_outputs\labrador\vton_images\labrador_labrador_side_view_bing_00106_vton_XL.png
776,labrador_labrador_side_view_bing_00107,Labrador Retriever,104.4,37.1,66.9,XL,1.055,Good Fit,D:\barc_3d_full_dataset_outputs\labrador\3d_meshes\labrador_labrador_side_view_bing_00107_3d_mesh.obj,D:\barc_3d_full_dataset_outputs\labrador\vton_images\labrador_labrador_side_view_bing_00107_vton_XL.png
777,labrador_labrador_side_view_bing_00108,Labrador Retriever,115.3,54.8,81.3,XL,1.165,Tight,D:\barc_3d_full_dataset_outputs\labrador\3d_meshes\labrador_labrador_side_view_bing_00108_3d_mesh.obj,D:\barc_3d_full_dataset_outputs\labrador\vton_images\labrador_labrador_side_view_bing_00108_vton_XL.png
778,labrador_labrador_side_view_bing_00109,Labrador Retriever,128.1,50.9,70.8,XL,1.294,Tight,D:\barc_3d_full_dataset_outputs\labrador\3d_meshes\labrador_labrador_side_view_bing_00109_3d_mesh.obj,D:\barc_3d_full_dataset_outputs\labrador\vton_images\labrador_labrador_side_view_bing_00109_vton_XL.png
779,labrador_labrador_side_view_bing_00110,Labrador Retriever,92.3,62.5,70.2,L,1.073,Tight,D:\barc_3d_full_dataset_outputs\labrador\3d_meshes\labrador_labrador_side_view_bing_00110_3d_mesh.obj,D:\barc_3d_full_dataset_outputs\labrador\vton_images\labrador_labrador_side_view_bing_00110_vton_L.png
780,labrador_labrador_side_view_bing_00111,Labrador Retriever,85.1,89.0,57.7,L,0.99,Good Fit,D:\barc_3d_full_dataset_outputs\labrador\3d_meshes\labrador_labrador_side_view_bing_00111_3d_mesh.obj,D:\barc_3d_full_dataset_outputs\labrador\vton_images\labrador_labrador_side_view_bing_00111_vton_L.png
781,labrador_labrador_side_view_bing_00112,Labrador Retriever,85.4,52.1,80.0,L,0.993,Good Fit,D:\barc_3d_full_dataset_outputs\labrador\3d_meshes\labrador_labrador_side_view_bing_00112_3d_mesh.obj,D:\barc_3d_full_dataset_outputs\labrador\vton_images\labrador_labrador_side_view_bing_00112_vton_L.png
782,labrador_labrador_side_view_bing_00113,Labrador Retriever,110.3,46.2,80.2,XL,1.114,Tight,D:\barc_3d_full_dataset_outputs\labrador\3d_meshes\labrador_labrador_side_view_bing_00113_3d_mesh.obj,D:\barc_3d_full_dataset_outputs\labrador\vton_images\labrador_labrador_side_view_bing_00113_vton_XL.png
783,labrador_labrador_side_view_bing_00114,Labrador Retriever,101.5,60.5,71.9,XL,1.025,Good Fit,D:\barc_3d_full_dataset_outputs\labrador\3d_meshes\labrador_labrador_side_view_bing_00114_3d_mesh.obj,D:\barc_3d_full_dataset_outputs\labrador\vton_images\labrador_labrador_side_view_bing_00114_vton_XL.png
784,labrador_labrador_side_view_bing_00115,Labrador Retriever,77.0,56.3,79.5,M,1.027,Good Fit,D:\barc_3d_full_dataset_outputs\labrador\3d_meshes\labrador_labrador_side_view_bing_00115_3d_mesh.obj,D:\barc_3d_full_dataset_outputs\labrador\vton_images\labrador_labrador_side_view_bing_00115_vton_M.png
785,labrador_labrador_side_view_bing_00116,Labrador Retriever,99.4,51.0,68.5,XL,1.004,Good Fit,D:\barc_3d_full_dataset_outputs\labrador\3d_meshes\labrador_labrador_side_view_bing_00116_3d_mesh.obj,D:\barc_3d_full_dataset_outputs\labrador\vton_images\labrador_labrador_side_view_bing_00116_vton_XL.png
786,labrador_labrador_side_view_bing_00117,Labrador Retriever,103.8,45.3,69.8,XL,1.048,Good Fit,D:\barc_3d_full_dataset_outputs\labrador\3d_meshes\labrador_labrador_side_view_bing_00117_3d_mesh.obj,D:\barc_3d_full_dataset_outputs\labrador\vton_images\labrador_labrador_side_view_bing_00117_vton_XL.png
787,labrador_labrador_side_view_bing_00118,Labrador Retriever,88.2,48.7,67.7,L,1.026,Good Fit,D:\barc_3d_full_dataset_outputs\labrador\3d_meshes\labrador_labrador_side_view_bing_00118_3d_mesh.obj,D:\barc_3d_full_dataset_outputs\labrador\vton_images\labrador_labrador_side_view_bing_00118_vton_L.png
788,labrador_labrador_side_view_bing_00119,Labrador Retriever,90.8,58.1,56.1,L,1.056,Good Fit,D:\barc_3d_full_dataset_outputs\labrador\3d_meshes\labrador_labrador_side_view_bing_00119_3d_mesh.obj,D:\barc_3d_full_dataset_outputs\labrador\vton_images\labrador_labrador_side_view_bing_00119_vton_L.png
789,labrador_labrador_side_view_bing_00120,Labrador Retriever,89.0,57.4,77.0,L,1.035,Good Fit,D:\barc_3d_full_dataset_outputs\labrador\3d_meshes\labrador_labrador_side_view_bing_00120_3d_mesh.obj,D:\barc_3d_full_dataset_outputs\labrador\vton_images\labrador_labrador_side_view_bing_00120_vton_L.png
790,labrador_labrador_side_view_bing_00121,Labrador Retriever,90.4,59.1,77.9,L,1.051,Good Fit,D:\barc_3d_full_dataset_outputs\labrador\3d_meshes\labrador_labrador_side_view_bing_00121_3d_mesh.obj,D:\barc_3d_full_dataset_outputs\labrador\vton_images\labrador_labrador_side_view_bing_00121_vton_L.png
791,labrador_labrador_standing_bing_00000,Labrador Retriever,104.6,54.9,75.5,XL,1.057,Good Fit,D:\barc_3d_full_dataset_outputs\labrador\3d_meshes\labrador_labrador_standing_bing_00000_3d_mesh.obj,D:\barc_3d_full_dataset_outputs\labrador\vton_images\labrador_labrador_standing_bing_00000_vton_XL.png
792,labrador_labrador_standing_bing_00001,Labrador Retriever,108.7,42.2,88.7,XL,1.098,Tight,D:\barc_3d_full_dataset_outputs\labrador\3d_meshes\labrador_labrador_standing_bing_00001_3d_mesh.obj,D:\barc_3d_full_dataset_outputs\labrador\vton_images\labrador_labrador_standing_bing_00001_vton_XL.png
793,labrador_labrador_standing_bing_00002,Labrador Retriever,93.5,59.2,83.5,XL,0.944,Good Fit,D:\barc_3d_full_dataset_outputs\labrador\3d_meshes\labrador_labrador_standing_bing_00002_3d_mesh.obj,D:\barc_3d_full_dataset_outputs\labrador\vton_images\labrador_labrador_standing_bing_00002_vton_XL.png
794,labrador_labrador_standing_bing_00003,Labrador Retriever,98.8,46.6,70.3,XL,0.998,Good Fit,D:\barc_3d_full_dataset_outputs\labrador\3d_meshes\labrador_labrador_standing_bing_00003_3d_mesh.obj,D:\barc_3d_full_dataset_outputs\labrador\vton_images\labrador_labrador_standing_bing_00003_vton_XL.png
795,labrador_labrador_standing_bing_00004,Labrador Retriever,137.8,51.5,66.7,XL,1.392,Tight,D:\barc_3d_full_dataset_outputs\labrador\3d_meshes\labrador_labrador_standing_bing_00004_3d_mesh.obj,D:\barc_3d_full_dataset_outputs\labrador\vton_images\labrador_labrador_standing_bing_00004_vton_XL.png
796,labrador_labrador_standing_bing_00005,Labrador Retriever,80.2,100.7,70.8,M,1.069,Good Fit,D:\barc_3d_full_dataset_outputs\labrador\3d_meshes\labrador_labrador_standing_bing_00005_3d_mesh.obj,D:\barc_3d_full_dataset_outputs\labrador\vton_images\labrador_labrador_standing_bing_00005_vton_M.png
797,labrador_labrador_standing_bing_00006,Labrador Retriever,92.7,52.9,58.4,XL,0.936,Good Fit,D:\barc_3d_full_dataset_outputs\labrador\3d_meshes\labrador_labrador_standing_bing_00006_3d_mesh.obj,D:\barc_3d_full_dataset_outputs\labrador\vton_images\labrador_labrador_standing_bing_00006_vton_XL.png
798,labrador_labrador_standing_bing_00007,Labrador Retriever,84.3,59.9,81.4,L,0.98,Good Fit,D:\barc_3d_full_dataset_outputs\labrador\3d_meshes\labrador_labrador_standing_bing_00007_3d_mesh.obj,D:\barc_3d_full_dataset_outputs\labrador\vton_images\labrador_labrador_standing_bing_00007_vton_L.png
799,labrador_labrador_standing_bing_00008,Labrador Retriever,88.4,58.8,78.5,L,1.028,Good Fit,D:\barc_3d_full_dataset_outputs\labrador\3d_meshes\labrador_labrador_standing_bing_00008_3d_mesh.obj,D:\barc_3d_full_dataset_outputs\labrador\vton_images\labrador_labrador_standing_bing_00008_vton_L.png
800,labrador_labrador_standing_bing_00009,Labrador Retriever,105.9,47.7,78.1,XL,1.07,Good Fit,D:\barc_3d_full_dataset_outputs\labrador\3d_meshes\labrador_labrador_standing_bing_00009_3d_mesh.obj,D:\barc_3d_full_dataset_outputs\labrador\vton_images\labrador_labrador_standing_bing_00009_vton_XL.png
801,labrador_labrador_standing_bing_00010,Labrador Retriever,167.6,54.2,73.7,XL,1.693,Tight,D:\barc_3d_full_dataset_outputs\labrador\3d_meshes\labrador_labrador_standing_bing_00010_3d_mesh.obj,D:\barc_3d_full_dataset_outputs\labrador\vton_images\labrador_labrador_standing_bing_00010_vton_XL.png
802,labrador_labrador_standing_bing_00011,Labrador Retriever,99.5,58.1,68.8,XL,1.005,Good Fit,D:\barc_3d_full_dataset_outputs\labrador\3d_meshes\labrador_labrador_standing_bing_00011_3d_mesh.obj,D:\barc_3d_full_dataset_outputs\labrador\vton_images\labrador_labrador_standing_bing_00011_vton_XL.png
803,labrador_labrador_standing_bing_00012,Labrador Retriever,149.8,57.2,69.8,XL,1.513,Tight,D:\barc_3d_full_dataset_outputs\labrador\3d_meshes\labrador_labrador_standing_bing_00012_3d_mesh.obj,D:\barc_3d_full_dataset_outputs\labrador\vton_images\labrador_labrador_standing_bing_00012_vton_XL.png
804,labrador_labrador_standing_bing_00013,Labrador Retriever,110.0,45.3,67.9,XL,1.111,Tight,D:\barc_3d_full_dataset_outputs\labrador\3d_meshes\labrador_labrador_standing_bing_00013_3d_mesh.obj,D:\barc_3d_full_dataset_outputs\labrador\vton_images\labrador_labrador_standing_bing_00013_vton_XL.png
805,labrador_labrador_standing_bing_00014,Labrador Retriever,93.8,60.4,83.8,XL,0.947,Good Fit,D:\barc_3d_full_dataset_outputs\labrador\3d_meshes\labrador_labrador_standing_bing_00014_3d_mesh.obj,D:\barc_3d_full_dataset_outputs\labrador\vton_images\labrador_labrador_standing_bing_00014_vton_XL.png
806,labrador_labrador_standing_bing_00015,Labrador Retriever,186.4,139.8,82.6,XL,1.883,Tight,D:\barc_3d_full_dataset_outputs\labrador\3d_meshes\labrador_labrador_standing_bing_00015_3d_mesh.obj,D:\barc_3d_full_dataset_outputs\labrador\vton_images\labrador_labrador_standing_bing_00015_vton_XL.png
807,labrador_labrador_standing_bing_00016,Labrador Retriever,82.6,100.8,55.9,L,0.96,Good Fit,D:\barc_3d_full_dataset_outputs\labrador\3d_meshes\labrador_labrador_standing_bing_00016_3d_mesh.obj,D:\barc_3d_full_dataset_outputs\labrador\vton_images\labrador_labrador_standing_bing_00016_vton_L.png
808,labrador_labrador_standing_bing_00017,Labrador Retriever,106.1,21.0,67.6,XL,1.072,Good Fit,D:\barc_3d_full_dataset_outputs\labrador\3d_meshes\labrador_labrador_standing_bing_00017_3d_mesh.obj,D:\barc_3d_full_dataset_outputs\labrador\vton_images\labrador_labrador_standing_bing_00017_vton_XL.png
809,labrador_labrador_standing_bing_00018,Labrador Retriever,112.9,51.7,57.9,XL,1.14,Tight,D:\barc_3d_full_dataset_outputs\labrador\3d_meshes\labrador_labrador_standing_bing_00018_3d_mesh.obj,D:\barc_3d_full_dataset_outputs\labrador\vton_images\labrador_labrador_standing_bing_00018_vton_XL.png
810,labrador_labrador_standing_bing_00019,Labrador Retriever,80.0,47.3,68.2,M,1.067,Good Fit,D:\barc_3d_full_dataset_outputs\labrador\3d_meshes\labrador_labrador_standing_bing_00019_3d_mesh.obj,D:\barc_3d_full_dataset_outputs\labrador\vton_images\labrador_labrador_standing_bing_00019_vton_M.png
811,labrador_labrador_standing_bing_00020,Labrador Retriever,86.3,57.5,77.7,L,1.003,Good Fit,D:\barc_3d_full_dataset_outputs\labrador\3d_meshes\labrador_labrador_standing_bing_00020_3d_mesh.obj,D:\barc_3d_full_dataset_outputs\labrador\vton_images\labrador_labrador_standing_bing_00020_vton_L.png
812,labrador_labrador_standing_bing_00021,Labrador Retriever,122.0,48.7,72.2,XL,1.232,Tight,D:\barc_3d_full_dataset_outputs\labrador\3d_meshes\labrador_labrador_standing_bing_00021_3d_mesh.obj,D:\barc_3d_full_dataset_outputs\labrador\vton_images\labrador_labrador_standing_bing_00021_vton_XL.png
813,labrador_labrador_standing_bing_00022,Labrador Retriever,98.2,46.0,65.3,XL,0.992,Good Fit,D:\barc_3d_full_dataset_outputs\labrador\3d_meshes\labrador_labrador_standing_bing_00022_3d_mesh.obj,D:\barc_3d_full_dataset_outputs\labrador\vton_images\labrador_labrador_standing_bing_00022_vton_XL.png
814,labrador_labrador_standing_bing_00023,Labrador Retriever,109.7,43.9,78.4,XL,1.108,Tight,D:\barc_3d_full_dataset_outputs\labrador\3d_meshes\labrador_labrador_standing_bing_00023_3d_mesh.obj,D:\barc_3d_full_dataset_outputs\labrador\vton_images\labrador_labrador_standing_bing_00023_vton_XL.png
815,labrador_labrador_standing_bing_00024,Labrador Retriever,97.1,4.9,70.5,XL,0.981,Good Fit,D:\barc_3d_full_dataset_outputs\labrador\3d_meshes\labrador_labrador_standing_bing_00024_3d_mesh.obj,D:\barc_3d_full_dataset_outputs\labrador\vton_images\labrador_labrador_standing_bing_00024_vton_XL.png
816,labrador_labrador_standing_bing_00025,Labrador Retriever,80.6,110.4,75.5,L,0.937,Loose,D:\barc_3d_full_dataset_outputs\labrador\3d_meshes\labrador_labrador_standing_bing_00025_3d_mesh.obj,D:\barc_3d_full_dataset_outputs\labrador\vton_images\labrador_labrador_standing_bing_00025_vton_L.png
817,labrador_labrador_standing_bing_00026,Labrador Retriever,90.2,66.2,69.2,L,1.049,Good Fit,D:\barc_3d_full_dataset_outputs\labrador\3d_meshes\labrador_labrador_standing_bing_00026_3d_mesh.obj,D:\barc_3d_full_dataset_outputs\labrador\vton_images\labrador_labrador_standing_bing_00026_vton_L.png
818,labrador_labrador_standing_bing_00027,Labrador Retriever,109.4,46.4,69.3,XL,1.105,Tight,D:\barc_3d_full_dataset_outputs\labrador\3d_meshes\labrador_labrador_standing_bing_00027_3d_mesh.obj,D:\barc_3d_full_dataset_outputs\labrador\vton_images\labrador_labrador_standing_bing_00027_vton_XL.png
819,labrador_labrador_standing_bing_00028,Labrador Retriever,93.9,41.2,54.1,XL,0.948,Good Fit,D:\barc_3d_full_dataset_outputs\labrador\3d_meshes\labrador_labrador_standing_bing_00028_3d_mesh.obj,D:\barc_3d_full_dataset_outputs\labrador\vton_images\labrador_labrador_standing_bing_00028_vton_XL.png
820,labrador_labrador_standing_bing_00029,Labrador Retriever,118.4,62.4,66.0,XL,1.196,Tight,D:\barc_3d_full_dataset_outputs\labrador\3d_meshes\labrador_labrador_standing_bing_00029_3d_mesh.obj,D:\barc_3d_full_dataset_outputs\labrador\vton_images\labrador_labrador_standing_bing_00029_vton_XL.png
821,labrador_labrador_standing_bing_00030,Labrador Retriever,80.9,124.1,50.0,L,0.941,Loose,D:\barc_3d_full_dataset_outputs\labrador\3d_meshes\labrador_labrador_standing_bing_00030_3d_mesh.obj,D:\barc_3d_full_dataset_outputs\labrador\vton_images\labrador_labrador_standing_bing_00030_vton_L.png
822,labrador_labrador_standing_bing_00031,Labrador Retriever,90.4,49.0,66.9,L,1.051,Good Fit,D:\barc_3d_full_dataset_outputs\labrador\3d_meshes\labrador_labrador_standing_bing_00031_3d_mesh.obj,D:\barc_3d_full_dataset_outputs\labrador\vton_images\labrador_labrador_standing_bing_00031_vton_L.png
823,labrador_labrador_standing_bing_00032,Labrador Retriever,83.4,52.2,69.9,L,0.97,Good Fit,D:\barc_3d_full_dataset_outputs\labrador\3d_meshes\labrador_labrador_standing_bing_00032_3d_mesh.obj,D:\barc_3d_full_dataset_outputs\labrador\vton_images\labrador_labrador_standing_bing_00032_vton_L.png
824,labrador_labrador_standing_bing_00033,Labrador Retriever,81.9,21.5,55.3,L,0.952,Good Fit,D:\barc_3d_full_dataset_outputs\labrador\3d_meshes\labrador_labrador_standing_bing_00033_3d_mesh.obj,D:\barc_3d_full_dataset_outputs\labrador\vton_images\labrador_labrador_standing_bing_00033_vton_L.png
825,labrador_labrador_standing_bing_00034,Labrador Retriever,88.9,54.3,75.8,L,1.034,Good Fit,D:\barc_3d_full_dataset_outputs\labrador\3d_meshes\labrador_labrador_standing_bing_00034_3d_mesh.obj,D:\barc_3d_full_dataset_outputs\labrador\vton_images\labrador_labrador_standing_bing_00034_vton_L.png
826,labrador_labrador_standing_bing_00035,Labrador Retriever,100.4,122.9,73.7,XL,1.014,Good Fit,D:\barc_3d_full_dataset_outputs\labrador\3d_meshes\labrador_labrador_standing_bing_00035_3d_mesh.obj,D:\barc_3d_full_dataset_outputs\labrador\vton_images\labrador_labrador_standing_bing_00035_vton_XL.png
827,labrador_labrador_standing_bing_00036,Labrador Retriever,104.1,56.4,82.7,XL,1.052,Good Fit,D:\barc_3d_full_dataset_outputs\labrador\3d_meshes\labrador_labrador_standing_bing_00036_3d_mesh.obj,D:\barc_3d_full_dataset_outputs\labrador\vton_images\labrador_labrador_standing_bing_00036_vton_XL.png
828,labrador_labrador_standing_bing_00037,Labrador Retriever,89.9,57.8,69.0,L,1.045,Good Fit,D:\barc_3d_full_dataset_outputs\labrador\3d_meshes\labrador_labrador_standing_bing_00037_3d_mesh.obj,D:\barc_3d_full_dataset_outputs\labrador\vton_images\labrador_labrador_standing_bing_00037_vton_L.png
829,labrador_labrador_standing_bing_00038,Labrador Retriever,93.5,61.7,81.5,XL,0.944,Good Fit,D:\barc_3d_full_dataset_outputs\labrador\3d_meshes\labrador_labrador_standing_bing_00038_3d_mesh.obj,D:\barc_3d_full_dataset_outputs\labrador\vton_images\labrador_labrador_standing_bing_00038_vton_XL.png
830,labrador_labrador_standing_bing_00039,Labrador Retriever,85.5,48.0,53.9,L,0.994,Good Fit,D:\barc_3d_full_dataset_outputs\labrador\3d_meshes\labrador_labrador_standing_bing_00039_3d_mesh.obj,D:\barc_3d_full_dataset_outputs\labrador\vton_images\labrador_labrador_standing_bing_00039_vton_L.png
831,labrador_labrador_standing_bing_00040,Labrador Retriever,181.2,40.3,63.0,XL,1.83,Tight,D:\barc_3d_full_dataset_outputs\labrador\3d_meshes\labrador_labrador_standing_bing_00040_3d_mesh.obj,D:\barc_3d_full_dataset_outputs\labrador\vton_images\labrador_labrador_standing_bing_00040_vton_XL.png
832,labrador_labrador_standing_bing_00041,Labrador Retriever,113.6,56.4,84.5,XL,1.147,Tight,D:\barc_3d_full_dataset_outputs\labrador\3d_meshes\labrador_labrador_standing_bing_00041_3d_mesh.obj,D:\barc_3d_full_dataset_outputs\labrador\vton_images\labrador_labrador_standing_bing_00041_vton_XL.png
833,labrador_labrador_standing_bing_00042,Labrador Retriever,92.9,99.1,78.3,XL,0.938,Good Fit,D:\barc_3d_full_dataset_outputs\labrador\3d_meshes\labrador_labrador_standing_bing_00042_3d_mesh.obj,D:\barc_3d_full_dataset_outputs\labrador\vton_images\labrador_labrador_standing_bing_00042_vton_XL.png
834,labrador_labrador_standing_bing_00043,Labrador Retriever,76.4,55.0,69.2,M,1.019,Good Fit,D:\barc_3d_full_dataset_outputs\labrador\3d_meshes\labrador_labrador_standing_bing_00043_3d_mesh.obj,D:\barc_3d_full_dataset_outputs\labrador\vton_images\labrador_labrador_standing_bing_00043_vton_M.png
835,labrador_labrador_standing_bing_00044,Labrador Retriever,107.4,59.9,69.1,XL,1.085,Tight,D:\barc_3d_full_dataset_outputs\labrador\3d_meshes\labrador_labrador_standing_bing_00044_3d_mesh.obj,D:\barc_3d_full_dataset_outputs\labrador\vton_images\labrador_labrador_standing_bing_00044_vton_XL.png
836,labrador_labrador_standing_bing_00045,Labrador Retriever,96.0,49.3,66.3,XL,0.97,Good Fit,D:\barc_3d_full_dataset_outputs\labrador\3d_meshes\labrador_labrador_standing_bing_00045_3d_mesh.obj,D:\barc_3d_full_dataset_outputs\labrador\vton_images\labrador_labrador_standing_bing_00045_vton_XL.png
837,labrador_labrador_standing_bing_00046,Labrador Retriever,94.5,56.9,78.4,XL,0.955,Good Fit,D:\barc_3d_full_dataset_outputs\labrador\3d_meshes\labrador_labrador_standing_bing_00046_3d_mesh.obj,D:\barc_3d_full_dataset_outputs\labrador\vton_images\labrador_labrador_standing_bing_00046_vton_XL.png
838,labrador_labrador_standing_bing_00047,Labrador Retriever,92.1,60.9,80.4,L,1.071,Tight,D:\barc_3d_full_dataset_outputs\labrador\3d_meshes\labrador_labrador_standing_bing_00047_3d_mesh.obj,D:\barc_3d_full_dataset_outputs\labrador\vton_images\labrador_labrador_standing_bing_00047_vton_L.png
839,labrador_labrador_standing_bing_00048,Labrador Retriever,170.6,88.0,75.9,XL,1.723,Tight,D:\barc_3d_full_dataset_outputs\labrador\3d_meshes\labrador_labrador_standing_bing_00048_3d_mesh.obj,D:\barc_3d_full_dataset_outputs\labrador\vton_images\labrador_labrador_standing_bing_00048_vton_XL.png
840,labrador_labrador_standing_bing_00049,Labrador Retriever,129.0,129.8,67.7,XL,1.303,Tight,D:\barc_3d_full_dataset_outputs\labrador\3d_meshes\labrador_labrador_standing_bing_00049_3d_mesh.obj,D:\barc_3d_full_dataset_outputs\labrador\vton_images\labrador_labrador_standing_bing_00049_vton_XL.png
841,labrador_labrador_standing_bing_00050,Labrador Retriever,89.7,46.2,76.2,L,1.043,Good Fit,D:\barc_3d_full_dataset_outputs\labrador\3d_meshes\labrador_labrador_standing_bing_00050_3d_mesh.obj,D:\barc_3d_full_dataset_outputs\labrador\vton_images\labrador_labrador_standing_bing_00050_vton_L.png
842,labrador_labrador_standing_bing_00051,Labrador Retriever,104.1,51.4,66.6,XL,1.052,Good Fit,D:\barc_3d_full_dataset_outputs\labrador\3d_meshes\labrador_labrador_standing_bing_00051_3d_mesh.obj,D:\barc_3d_full_dataset_outputs\labrador\vton_images\labrador_labrador_standing_bing_00051_vton_XL.png
843,labrador_labrador_standing_bing_00052,Labrador Retriever,118.5,64.3,72.9,XL,1.197,Tight,D:\barc_3d_full_dataset_outputs\labrador\3d_meshes\labrador_labrador_standing_bing_00052_3d_mesh.obj,D:\barc_3d_full_dataset_outputs\labrador\vton_images\labrador_labrador_standing_bing_00052_vton_XL.png
844,labrador_labrador_standing_bing_00053,Labrador Retriever,94.3,46.4,85.0,XL,0.953,Good Fit,D:\barc_3d_full_dataset_outputs\labrador\3d_meshes\labrador_labrador_standing_bing_00053_3d_mesh.obj,D:\barc_3d_full_dataset_outputs\labrador\vton_images\labrador_labrador_standing_bing_00053_vton_XL.png
845,labrador_labrador_standing_bing_00054,Labrador Retriever,101.7,50.9,73.3,XL,1.027,Good Fit,D:\barc_3d_full_dataset_outputs\labrador\3d_meshes\labrador_labrador_standing_bing_00054_3d_mesh.obj,D:\barc_3d_full_dataset_outputs\labrador\vton_images\labrador_labrador_standing_bing_00054_vton_XL.png
846,labrador_labrador_standing_bing_00055,Labrador Retriever,85.8,65.5,70.9,L,0.998,Good Fit,D:\barc_3d_full_dataset_outputs\labrador\3d_meshes\labrador_labrador_standing_bing_00055_3d_mesh.obj,D:\barc_3d_full_dataset_outputs\labrador\vton_images\labrador_labrador_standing_bing_00055_vton_L.png
847,labrador_labrador_standing_bing_00056,Labrador Retriever,92.9,63.4,68.9,XL,0.938,Good Fit,D:\barc_3d_full_dataset_outputs\labrador\3d_meshes\labrador_labrador_standing_bing_00056_3d_mesh.obj,D:\barc_3d_full_dataset_outputs\labrador\vton_images\labrador_labrador_standing_bing_00056_vton_XL.png
848,labrador_labrador_standing_bing_00057,Labrador Retriever,87.3,51.5,79.7,L,1.015,Good Fit,D:\barc_3d_full_dataset_outputs\labrador\3d_meshes\labrador_labrador_standing_bing_00057_3d_mesh.obj,D:\barc_3d_full_dataset_outputs\labrador\vton_images\labrador_labrador_standing_bing_00057_vton_L.png
849,labrador_labrador_standing_bing_00058,Labrador Retriever,82.7,57.7,78.3,L,0.962,Good Fit,D:\barc_3d_full_dataset_outputs\labrador\3d_meshes\labrador_labrador_standing_bing_00058_3d_mesh.obj,D:\barc_3d_full_dataset_outputs\labrador\vton_images\labrador_labrador_standing_bing_00058_vton_L.png
850,labrador_labrador_standing_bing_00059,Labrador Retriever,116.4,62.2,71.8,XL,1.176,Tight,D:\barc_3d_full_dataset_outputs\labrador\3d_meshes\labrador_labrador_standing_bing_00059_3d_mesh.obj,D:\barc_3d_full_dataset_outputs\labrador\vton_images\labrador_labrador_standing_bing_00059_vton_XL.png
851,labrador_labrador_standing_bing_00060,Labrador Retriever,84.1,6.3,69.3,L,0.978,Good Fit,D:\barc_3d_full_dataset_outputs\labrador\3d_meshes\labrador_labrador_standing_bing_00060_3d_mesh.obj,D:\barc_3d_full_dataset_outputs\labrador\vton_images\labrador_labrador_standing_bing_00060_vton_L.png
852,labrador_labrador_standing_bing_00061,Labrador Retriever,87.0,47.9,52.7,L,1.012,Good Fit,D:\barc_3d_full_dataset_outputs\labrador\3d_meshes\labrador_labrador_standing_bing_00061_3d_mesh.obj,D:\barc_3d_full_dataset_outputs\labrador\vton_images\labrador_labrador_standing_bing_00061_vton_L.png
853,labrador_labrador_standing_bing_00062,Labrador Retriever,92.9,59.0,79.4,XL,0.938,Good Fit,D:\barc_3d_full_dataset_outputs\labrador\3d_meshes\labrador_labrador_standing_bing_00062_3d_mesh.obj,D:\barc_3d_full_dataset_outputs\labrador\vton_images\labrador_labrador_standing_bing_00062_vton_XL.png
854,labrador_labrador_standing_bing_00063,Labrador Retriever,176.0,54.5,73.2,XL,1.778,Tight,D:\barc_3d_full_dataset_outputs\labrador\3d_meshes\labrador_labrador_standing_bing_00063_3d_mesh.obj,D:\barc_3d_full_dataset_outputs\labrador\vton_images\labrador_labrador_standing_bing_00063_vton_XL.png
855,labrador_labrador_standing_bing_00064,Labrador Retriever,129.8,45.0,62.2,XL,1.311,Tight,D:\barc_3d_full_dataset_outputs\labrador\3d_meshes\labrador_labrador_standing_bing_00064_3d_mesh.obj,D:\barc_3d_full_dataset_outputs\labrador\vton_images\labrador_labrador_standing_bing_00064_vton_XL.png
856,labrador_labrador_standing_bing_00065,Labrador Retriever,195.8,47.9,67.4,XL,1.978,Tight,D:\barc_3d_full_dataset_outputs\labrador\3d_meshes\labrador_labrador_standing_bing_00065_3d_mesh.obj,D:\barc_3d_full_dataset_outputs\labrador\vton_images\labrador_labrador_standing_bing_00065_vton_XL.png
857,labrador_labrador_standing_bing_00066,Labrador Retriever,89.6,56.3,67.9,L,1.042,Good Fit,D:\barc_3d_full_dataset_outputs\labrador\3d_meshes\labrador_labrador_standing_bing_00066_3d_mesh.obj,D:\barc_3d_full_dataset_outputs\labrador\vton_images\labrador_labrador_standing_bing_00066_vton_L.png
858,labrador_labrador_standing_bing_00067,Labrador Retriever,103.8,7.7,68.3,XL,1.048,Good Fit,D:\barc_3d_full_dataset_outputs\labrador\3d_meshes\labrador_labrador_standing_bing_00067_3d_mesh.obj,D:\barc_3d_full_dataset_outputs\labrador\vton_images\labrador_labrador_standing_bing_00067_vton_XL.png
859,labrador_labrador_standing_bing_00068,Labrador Retriever,99.1,53.1,76.8,XL,1.001,Good Fit,D:\barc_3d_full_dataset_outputs\labrador\3d_meshes\labrador_labrador_standing_bing_00068_3d_mesh.obj,D:\barc_3d_full_dataset_outputs\labrador\vton_images\labrador_labrador_standing_bing_00068_vton_XL.png
860,labrador_labrador_standing_bing_00069,Labrador Retriever,160.5,52.8,71.3,XL,1.621,Tight,D:\barc_3d_full_dataset_outputs\labrador\3d_meshes\labrador_labrador_standing_bing_00069_3d_mesh.obj,D:\barc_3d_full_dataset_outputs\labrador\vton_images\labrador_labrador_standing_bing_00069_vton_XL.png
861,labrador_labrador_standing_bing_00070,Labrador Retriever,112.4,40.2,46.2,XL,1.135,Tight,D:\barc_3d_full_dataset_outputs\labrador\3d_meshes\labrador_labrador_standing_bing_00070_3d_mesh.obj,D:\barc_3d_full_dataset_outputs\labrador\vton_images\labrador_labrador_standing_bing_00070_vton_XL.png
862,labrador_labrador_standing_bing_00071,Labrador Retriever,88.2,115.7,76.0,L,1.026,Good Fit,D:\barc_3d_full_dataset_outputs\labrador\3d_meshes\labrador_labrador_standing_bing_00071_3d_mesh.obj,D:\barc_3d_full_dataset_outputs\labrador\vton_images\labrador_labrador_standing_bing_00071_vton_L.png
863,labrador_labrador_standing_bing_00072,Labrador Retriever,87.7,55.2,75.3,L,1.02,Good Fit,D:\barc_3d_full_dataset_outputs\labrador\3d_meshes\labrador_labrador_standing_bing_00072_3d_mesh.obj,D:\barc_3d_full_dataset_outputs\labrador\vton_images\labrador_labrador_standing_bing_00072_vton_L.png
864,labrador_labrador_standing_bing_00073,Labrador Retriever,91.5,59.4,79.2,L,1.064,Tight,D:\barc_3d_full_dataset_outputs\labrador\3d_meshes\labrador_labrador_standing_bing_00073_3d_mesh.obj,D:\barc_3d_full_dataset_outputs\labrador\vton_images\labrador_labrador_standing_bing_00073_vton_L.png
865,labrador_labrador_standing_bing_00074,Labrador Retriever,86.9,56.1,77.1,L,1.01,Good Fit,D:\barc_3d_full_dataset_outputs\labrador\3d_meshes\labrador_labrador_standing_bing_00074_3d_mesh.obj,D:\barc_3d_full_dataset_outputs\labrador\vton_images\labrador_labrador_standing_bing_00074_vton_L.png
866,labrador_labrador_standing_bing_00075,Labrador Retriever,128.6,52.3,70.5,XL,1.299,Tight,D:\barc_3d_full_dataset_outputs\labrador\3d_meshes\labrador_labrador_standing_bing_00075_3d_mesh.obj,D:\barc_3d_full_dataset_outputs\labrador\vton_images\labrador_labrador_standing_bing_00075_vton_XL.png
867,labrador_labrador_standing_bing_00076,Labrador Retriever,87.3,53.5,70.7,L,1.015,Good Fit,D:\barc_3d_full_dataset_outputs\labrador\3d_meshes\labrador_labrador_standing_bing_00076_3d_mesh.obj,D:\barc_3d_full_dataset_outputs\labrador\vton_images\labrador_labrador_standing_bing_00076_vton_L.png
868,labrador_labrador_standing_bing_00077,Labrador Retriever,83.7,43.0,65.0,L,0.973,Good Fit,D:\barc_3d_full_dataset_outputs\labrador\3d_meshes\labrador_labrador_standing_bing_00077_3d_mesh.obj,D:\barc_3d_full_dataset_outputs\labrador\vton_images\labrador_labrador_standing_bing_00077_vton_L.png
869,labrador_labrador_standing_bing_00078,Labrador Retriever,89.2,68.9,58.5,L,1.037,Good Fit,D:\barc_3d_full_dataset_outputs\labrador\3d_meshes\labrador_labrador_standing_bing_00078_3d_mesh.obj,D:\barc_3d_full_dataset_outputs\labrador\vton_images\labrador_labrador_standing_bing_00078_vton_L.png
870,labrador_labrador_standing_bing_00079,Labrador Retriever,87.2,55.6,83.1,L,1.014,Good Fit,D:\barc_3d_full_dataset_outputs\labrador\3d_meshes\labrador_labrador_standing_bing_00079_3d_mesh.obj,D:\barc_3d_full_dataset_outputs\labrador\vton_images\labrador_labrador_standing_bing_00079_vton_L.png
871,labrador_labrador_standing_bing_00080,Labrador Retriever,91.9,57.2,77.9,L,1.069,Tight,D:\barc_3d_full_dataset_outputs\labrador\3d_meshes\labrador_labrador_standing_bing_00080_3d_mesh.obj,D:\barc_3d_full_dataset_outputs\labrador\vton_images\labrador_labrador_standing_bing_00080_vton_L.png
872,labrador_labrador_standing_bing_00081,Labrador Retriever,89.1,47.4,65.4,L,1.036,Good Fit,D:\barc_3d_full_dataset_outputs\labrador\3d_meshes\labrador_labrador_standing_bing_00081_3d_mesh.obj,D:\barc_3d_full_dataset_outputs\labrador\vton_images\labrador_labrador_standing_bing_00081_vton_L.png
873,labrador_labrador_standing_bing_00082,Labrador Retriever,75.5,51.2,68.0,M,1.007,Good Fit,D:\barc_3d_full_dataset_outputs\labrador\3d_meshes\labrador_labrador_standing_bing_00082_3d_mesh.obj,D:\barc_3d_full_dataset_outputs\labrador\vton_images\labrador_labrador_standing_bing_00082_vton_M.png
874,labrador_labrador_standing_bing_00083,Labrador Retriever,83.9,59.8,59.9,L,0.976,Good Fit,D:\barc_3d_full_dataset_outputs\labrador\3d_meshes\labrador_labrador_standing_bing_00083_3d_mesh.obj,D:\barc_3d_full_dataset_outputs\labrador\vton_images\labrador_labrador_standing_bing_00083_vton_L.png
875,labrador_labrador_standing_bing_00084,Labrador Retriever,88.4,57.4,76.6,L,1.028,Good Fit,D:\barc_3d_full_dataset_outputs\labrador\3d_meshes\labrador_labrador_standing_bing_00084_3d_mesh.obj,D:\barc_3d_full_dataset_outputs\labrador\vton_images\labrador_labrador_standing_bing_00084_vton_L.png
876,labrador_labrador_standing_bing_00085,Labrador Retriever,84.8,52.7,82.0,L,0.986,Good Fit,D:\barc_3d_full_dataset_outputs\labrador\3d_meshes\labrador_labrador_standing_bing_00085_3d_mesh.obj,D:\barc_3d_full_dataset_outputs\labrador\vton_images\labrador_labrador_standing_bing_00085_vton_L.png
877,labrador_labrador_standing_bing_00086,Labrador Retriever,90.5,58.6,66.3,L,1.052,Good Fit,D:\barc_3d_full_dataset_outputs\labrador\3d_meshes\labrador_labrador_standing_bing_00086_3d_mesh.obj,D:\barc_3d_full_dataset_outputs\labrador\vton_images\labrador_labrador_standing_bing_00086_vton_L.png
878,labrador_labrador_standing_bing_00087,Labrador Retriever,124.8,57.1,72.5,XL,1.261,Tight,D:\barc_3d_full_dataset_outputs\labrador\3d_meshes\labrador_labrador_standing_bing_00087_3d_mesh.obj,D:\barc_3d_full_dataset_outputs\labrador\vton_images\labrador_labrador_standing_bing_00087_vton_XL.png
879,labrador_labrador_standing_bing_00088,Labrador Retriever,114.8,63.7,72.0,XL,1.16,Tight,D:\barc_3d_full_dataset_outputs\labrador\3d_meshes\labrador_labrador_standing_bing_00088_3d_mesh.obj,D:\barc_3d_full_dataset_outputs\labrador\vton_images\labrador_labrador_standing_bing_00088_vton_XL.png
880,labrador_labrador_standing_bing_00089,Labrador Retriever,83.1,63.7,82.8,L,0.966,Good Fit,D:\barc_3d_full_dataset_outputs\labrador\3d_meshes\labrador_labrador_standing_bing_00089_3d_mesh.obj,D:\barc_3d_full_dataset_outputs\labrador\vton_images\labrador_labrador_standing_bing_00089_vton_L.png
881,labrador_labrador_standing_bing_00090,Labrador Retriever,84.0,51.9,45.4,L,0.977,Good Fit,D:\barc_3d_full_dataset_outputs\labrador\3d_meshes\labrador_labrador_standing_bing_00090_3d_mesh.obj,D:\barc_3d_full_dataset_outputs\labrador\vton_images\labrador_labrador_standing_bing_00090_vton_L.png
882,labrador_labrador_standing_bing_00091,Labrador Retriever,106.1,39.0,68.2,XL,1.072,Good Fit,D:\barc_3d_full_dataset_outputs\labrador\3d_meshes\labrador_labrador_standing_bing_00091_3d_mesh.obj,D:\barc_3d_full_dataset_outputs\labrador\vton_images\labrador_labrador_standing_bing_00091_vton_XL.png
883,labrador_labrador_standing_bing_00092,Labrador Retriever,76.5,42.6,76.9,M,1.02,Good Fit,D:\barc_3d_full_dataset_outputs\labrador\3d_meshes\labrador_labrador_standing_bing_00092_3d_mesh.obj,D:\barc_3d_full_dataset_outputs\labrador\vton_images\labrador_labrador_standing_bing_00092_vton_M.png
884,labrador_labrador_standing_bing_00093,Labrador Retriever,113.7,51.9,58.7,XL,1.148,Tight,D:\barc_3d_full_dataset_outputs\labrador\3d_meshes\labrador_labrador_standing_bing_00093_3d_mesh.obj,D:\barc_3d_full_dataset_outputs\labrador\vton_images\labrador_labrador_standing_bing_00093_vton_XL.png
885,labrador_labrador_standing_bing_00094,Labrador Retriever,91.8,60.3,54.6,L,1.067,Tight,D:\barc_3d_full_dataset_outputs\labrador\3d_meshes\labrador_labrador_standing_bing_00094_3d_mesh.obj,D:\barc_3d_full_dataset_outputs\labrador\vton_images\labrador_labrador_standing_bing_00094_vton_L.png
886,labrador_labrador_standing_bing_00095,Labrador Retriever,137.2,62.4,65.7,XL,1.386,Tight,D:\barc_3d_full_dataset_outputs\labrador\3d_meshes\labrador_labrador_standing_bing_00095_3d_mesh.obj,D:\barc_3d_full_dataset_outputs\labrador\vton_images\labrador_labrador_standing_bing_00095_vton_XL.png
887,labrador_labrador_standing_bing_00096,Labrador Retriever,92.9,32.6,75.2,XL,0.938,Good Fit,D:\barc_3d_full_dataset_outputs\labrador\3d_meshes\labrador_labrador_standing_bing_00096_3d_mesh.obj,D:\barc_3d_full_dataset_outputs\labrador\vton_images\labrador_labrador_standing_bing_00096_vton_XL.png
888,labrador_labrador_standing_bing_00097,Labrador Retriever,86.9,53.4,57.7,L,1.01,Good Fit,D:\barc_3d_full_dataset_outputs\labrador\3d_meshes\labrador_labrador_standing_bing_00097_3d_mesh.obj,D:\barc_3d_full_dataset_outputs\labrador\vton_images\labrador_labrador_standing_bing_00097_vton_L.png
889,labrador_labrador_standing_bing_00098,Labrador Retriever,88.3,53.3,75.5,L,1.027,Good Fit,D:\barc_3d_full_dataset_outputs\labrador\3d_meshes\labrador_labrador_standing_bing_00098_3d_mesh.obj,D:\barc_3d_full_dataset_outputs\labrador\vton_images\labrador_labrador_standing_bing_00098_vton_L.png
890,labrador_labrador_standing_bing_00099,Labrador Retriever,80.5,62.5,79.9,M,1.073,Good Fit,D:\barc_3d_full_dataset_outputs\labrador\3d_meshes\labrador_labrador_standing_bing_00099_3d_mesh.obj,D:\barc_3d_full_dataset_outputs\labrador\vton_images\labrador_labrador_standing_bing_00099_vton_M.png
891,labrador_labrador_standing_bing_00100,Labrador Retriever,82.9,38.8,53.4,L,0.964,Good Fit,D:\barc_3d_full_dataset_outputs\labrador\3d_meshes\labrador_labrador_standing_bing_00100_3d_mesh.obj,D:\barc_3d_full_dataset_outputs\labrador\vton_images\labrador_labrador_standing_bing_00100_vton_L.png
892,labrador_labrador_standing_bing_00101,Labrador Retriever,89.5,53.6,69.8,L,1.041,Good Fit,D:\barc_3d_full_dataset_outputs\labrador\3d_meshes\labrador_labrador_standing_bing_00101_3d_mesh.obj,D:\barc_3d_full_dataset_outputs\labrador\vton_images\labrador_labrador_standing_bing_00101_vton_L.png
893,labrador_labrador_standing_bing_00102,Labrador Retriever,108.6,61.3,69.3,XL,1.097,Tight,D:\barc_3d_full_dataset_outputs\labrador\3d_meshes\labrador_labrador_standing_bing_00102_3d_mesh.obj,D:\barc_3d_full_dataset_outputs\labrador\vton_images\labrador_labrador_standing_bing_00102_vton_XL.png
894,labrador_labrador_standing_bing_00103,Labrador Retriever,87.1,54.7,76.3,L,1.013,Good Fit,D:\barc_3d_full_dataset_outputs\labrador\3d_meshes\labrador_labrador_standing_bing_00103_3d_mesh.obj,D:\barc_3d_full_dataset_outputs\labrador\vton_images\labrador_labrador_standing_bing_00103_vton_L.png
895,labrador_labrador_standing_bing_00104,Labrador Retriever,132.1,69.1,70.8,XL,1.334,Tight,D:\barc_3d_full_dataset_outputs\labrador\3d_meshes\labrador_labrador_standing_bing_00104_3d_mesh.obj,D:\barc_3d_full_dataset_outputs\labrador\vton_images\labrador_labrador_standing_bing_00104_vton_XL.png
896,labrador_labrador_standing_bing_00105,Labrador Retriever,114.5,63.0,62.5,XL,1.157,Tight,D:\barc_3d_full_dataset_outputs\labrador\3d_meshes\labrador_labrador_standing_bing_00105_3d_mesh.obj,D:\barc_3d_full_dataset_outputs\labrador\vton_images\labrador_labrador_standing_bing_00105_vton_XL.png
897,labrador_labrador_standing_bing_00106,Labrador Retriever,102.3,57.9,57.9,XL,1.033,Good Fit,D:\barc_3d_full_dataset_outputs\labrador\3d_meshes\labrador_labrador_standing_bing_00106_3d_mesh.obj,D:\barc_3d_full_dataset_outputs\labrador\vton_images\labrador_labrador_standing_bing_00106_vton_XL.png
898,labrador_labrador_standing_bing_00107,Labrador Retriever,98.2,49.3,61.0,XL,0.992,Good Fit,D:\barc_3d_full_dataset_outputs\labrador\3d_meshes\labrador_labrador_standing_bing_00107_3d_mesh.obj,D:\barc_3d_full_dataset_outputs\labrador\vton_images\labrador_labrador_standing_bing_00107_vton_XL.png
899,labrador_labrador_standing_bing_00108,Labrador Retriever,108.8,49.6,77.9,XL,1.099,Tight,D:\barc_3d_full_dataset_outputs\labrador\3d_meshes\labrador_labrador_standing_bing_00108_3d_mesh.obj,D:\barc_3d_full_dataset_outputs\labrador\vton_images\labrador_labrador_standing_bing_00108_vton_XL.png
900,labrador_labrador_standing_bing_00109,Labrador Retriever,90.6,55.3,85.6,L,1.053,Good Fit,D:\barc_3d_full_dataset_outputs\labrador\3d_meshes\labrador_labrador_standing_bing_00109_3d_mesh.obj,D:\barc_3d_full_dataset_outputs\labrador\vton_images\labrador_labrador_standing_bing_00109_vton_L.png
901,labrador_labrador_standing_bing_00110,Labrador Retriever,81.6,46.9,59.2,L,0.949,Good Fit,D:\barc_3d_full_dataset_outputs\labrador\3d_meshes\labrador_labrador_standing_bing_00110_3d_mesh.obj,D:\barc_3d_full_dataset_outputs\labrador\vton_images\labrador_labrador_standing_bing_00110_vton_L.png
902,labrador_labrador_standing_bing_00111,Labrador Retriever,87.4,104.3,60.0,L,1.016,Good Fit,D:\barc_3d_full_dataset_outputs\labrador\3d_meshes\labrador_labrador_standing_bing_00111_3d_mesh.obj,D:\barc_3d_full_dataset_outputs\labrador\vton_images\labrador_labrador_standing_bing_00111_vton_L.png
903,labrador_labrador_standing_bing_00112,Labrador Retriever,203.2,88.9,79.2,XL,2.053,Tight,D:\barc_3d_full_dataset_outputs\labrador\3d_meshes\labrador_labrador_standing_bing_00112_3d_mesh.obj,D:\barc_3d_full_dataset_outputs\labrador\vton_images\labrador_labrador_standing_bing_00112_vton_XL.png
904,labrador_labrador_standing_bing_00113,Labrador Retriever,164.2,88.4,72.0,XL,1.659,Tight,D:\barc_3d_full_dataset_outputs\labrador\3d_meshes\labrador_labrador_standing_bing_00113_3d_mesh.obj,D:\barc_3d_full_dataset_outputs\labrador\vton_images\labrador_labrador_standing_bing_00113_vton_XL.png
905,labrador_labrador_standing_bing_00114,Labrador Retriever,89.3,40.8,64.4,L,1.038,Good Fit,D:\barc_3d_full_dataset_outputs\labrador\3d_meshes\labrador_labrador_standing_bing_00114_3d_mesh.obj,D:\barc_3d_full_dataset_outputs\labrador\vton_images\labrador_labrador_standing_bing_00114_vton_L.png
906,labrador_labrador_standing_bing_00115,Labrador Retriever,84.4,43.7,65.9,L,0.981,Good Fit,D:\barc_3d_full_dataset_outputs\labrador\3d_meshes\labrador_labrador_standing_bing_00115_3d_mesh.obj,D:\barc_3d_full_dataset_outputs\labrador\vton_images\labrador_labrador_standing_bing_00115_vton_L.png
907,labrador_labrador_standing_bing_00116,Labrador Retriever,87.3,49.0,83.4,L,1.015,Good Fit,D:\barc_3d_full_dataset_outputs\labrador\3d_meshes\labrador_labrador_standing_bing_00116_3d_mesh.obj,D:\barc_3d_full_dataset_outputs\labrador\vton_images\labrador_labrador_standing_bing_00116_vton_L.png
908,labrador_labrador_standing_bing_00117,Labrador Retriever,99.1,19.6,68.6,XL,1.001,Good Fit,D:\barc_3d_full_dataset_outputs\labrador\3d_meshes\labrador_labrador_standing_bing_00117_3d_mesh.obj,D:\barc_3d_full_dataset_outputs\labrador\vton_images\labrador_labrador_standing_bing_00117_vton_XL.png
909,labrador_labrador_standing_bing_00118,Labrador Retriever,108.6,57.7,86.2,XL,1.097,Tight,D:\barc_3d_full_dataset_outputs\labrador\3d_meshes\labrador_labrador_standing_bing_00118_3d_mesh.obj,D:\barc_3d_full_dataset_outputs\labrador\vton_images\labrador_labrador_standing_bing_00118_vton_XL.png
910,labrador_labrador_standing_bing_00119,Labrador Retriever,88.7,58.5,78.7,L,1.031,Good Fit,D:\barc_3d_full_dataset_outputs\labrador\3d_meshes\labrador_labrador_standing_bing_00119_3d_mesh.obj,D:\barc_3d_full_dataset_outputs\labrador\vton_images\labrador_labrador_standing_bing_00119_vton_L.png
911,labrador_labrador_standing_bing_00120,Labrador Retriever,86.0,52.7,72.8,L,1.0,Good Fit,D:\barc_3d_full_dataset_outputs\labrador\3d_meshes\labrador_labrador_standing_bing_00120_3d_mesh.obj,D:\barc_3d_full_dataset_outputs\labrador\vton_images\labrador_labrador_standing_bing_00120_vton_L.png
912,labrador_labrador_standing_bing_00121,Labrador Retriever,88.5,58.7,79.5,L,1.029,Good Fit,D:\barc_3d_full_dataset_outputs\labrador\3d_meshes\labrador_labrador_standing_bing_00121_3d_mesh.obj,D:\barc_3d_full_dataset_outputs\labrador\vton_images\labrador_labrador_standing_bing_00121_vton_L.png
913,labrador_labrador_standing_bing_00122,Labrador Retriever,97.2,55.4,71.6,XL,0.982,Good Fit,D:\barc_3d_full_dataset_outputs\labrador\3d_meshes\labrador_labrador_standing_bing_00122_3d_mesh.obj,D:\barc_3d_full_dataset_outputs\labrador\vton_images\labrador_labrador_standing_bing_00122_vton_XL.png
914,labrador_labrador_standing_bing_00123,Labrador Retriever,90.2,60.8,82.9,L,1.049,Good Fit,D:\barc_3d_full_dataset_outputs\labrador\3d_meshes\labrador_labrador_standing_bing_00123_3d_mesh.obj,D:\barc_3d_full_dataset_outputs\labrador\vton_images\labrador_labrador_standing_bing_00123_vton_L.png
915,labrador_labrador_standing_bing_00124,Labrador Retriever,83.2,52.3,63.5,L,0.967,Good Fit,D:\barc_3d_full_dataset_outputs\labrador\3d_meshes\labrador_labrador_standing_bing_00124_3d_mesh.obj,D:\barc_3d_full_dataset_outputs\labrador\vton_images\labrador_labrador_standing_bing_00124_vton_L.png
